Analysis & Synthesis report for HWDP_PR_DE2
Mon Mar  9 21:30:40 2026
Quartus Prime Version 25.1std.0 Build 1129 10/21/2025 SC Lite Edition


---------------------
; Table of Contents ;
---------------------
  1. Legal Notice
  2. Analysis & Synthesis Summary
  3. Analysis & Synthesis Settings
  4. Parallel Compilation
  5. Analysis & Synthesis Source Files Read
  6. Analysis & Synthesis Resource Usage Summary
  7. Analysis & Synthesis Resource Utilization by Entity
  8. Analysis & Synthesis RAM Summary
  9. Analysis & Synthesis DSP Block Usage Summary
 10. State Machine - |DE2_Standard|axis_controller:axis_controller|cmd_proc:cmd_proc|fsm_state
 11. State Machine - |DE2_Standard|axis_controller:axis_controller|btnCtrl:btnCtrl|fsm_state
 12. Registers Removed During Synthesis
 13. General Register Statistics
 14. Inverted Register Statistics
 15. Registers Packed Into Inferred Megafunctions
 16. Multiplexer Restructuring Statistics (Restructuring Performed)
 17. Source assignments for axis_controller:axis_controller|cmd_proc:cmd_proc|command_rom:cmd_rom|altsyncram:ROMMEM_rtl_0|altsyncram_vn71:auto_generated
 18. Source assignments for axis_controller:axis_controller|Tilt_board:tilt_x|moving_avg:moving_avg|altshift_taps:shift_reg_mem_rtl_0|shift_taps_r9n:auto_generated|altsyncram_66b1:altsyncram2
 19. Source assignments for axis_controller:axis_controller|Tilt_board:tilt_y|moving_avg:moving_avg|altshift_taps:shift_reg_mem_rtl_0|shift_taps_r9n:auto_generated|altsyncram_66b1:altsyncram2
 20. Parameter Settings for User Entity Instance: axis_controller:axis_controller|synchronizer_chain:sync1
 21. Parameter Settings for User Entity Instance: axis_controller:axis_controller|synchronizer_chain:sync2
 22. Parameter Settings for User Entity Instance: axis_controller:axis_controller|synchronizer_chain:sync3
 23. Parameter Settings for User Entity Instance: axis_controller:axis_controller|synchronizer_chain:sync4
 24. Parameter Settings for User Entity Instance: axis_controller:axis_controller|synchronizer_chain:sync5
 25. Parameter Settings for User Entity Instance: axis_controller:axis_controller|btnCtrl:btnCtrl|debouncer:dbnc_increment
 26. Parameter Settings for User Entity Instance: axis_controller:axis_controller|btnCtrl:btnCtrl|debouncer:dbnc_increment|periodical_strb_gen:strb_gen
 27. Parameter Settings for User Entity Instance: axis_controller:axis_controller|btnCtrl:btnCtrl|debouncer:dbnc_increment|periodical_strb_gen:strb_gen|strobe_generator:strb_gen
 28. Parameter Settings for User Entity Instance: axis_controller:axis_controller|btnCtrl:btnCtrl|debouncer:dbnc_decrement
 29. Parameter Settings for User Entity Instance: axis_controller:axis_controller|btnCtrl:btnCtrl|debouncer:dbnc_decrement|periodical_strb_gen:strb_gen
 30. Parameter Settings for User Entity Instance: axis_controller:axis_controller|btnCtrl:btnCtrl|debouncer:dbnc_decrement|periodical_strb_gen:strb_gen|strobe_generator:strb_gen
 31. Parameter Settings for User Entity Instance: axis_controller:axis_controller|btnCtrl:btnCtrl|debouncer:dbnc_switchTen
 32. Parameter Settings for User Entity Instance: axis_controller:axis_controller|btnCtrl:btnCtrl|debouncer:dbnc_switchTen|periodical_strb_gen:strb_gen
 33. Parameter Settings for User Entity Instance: axis_controller:axis_controller|btnCtrl:btnCtrl|debouncer:dbnc_switchTen|periodical_strb_gen:strb_gen|strobe_generator:strb_gen
 34. Parameter Settings for User Entity Instance: axis_controller:axis_controller|Tilt_board:tilt_x|moving_avg:moving_avg
 35. Parameter Settings for User Entity Instance: axis_controller:axis_controller|Tilt_board:tilt_x|synchronizer_chain:x_comp_sync
 36. Parameter Settings for User Entity Instance: axis_controller:axis_controller|Tilt_board:tilt_x|DeltaADC:adc|strobe_generator:strobe_gen
 37. Parameter Settings for User Entity Instance: axis_controller:axis_controller|Tilt_board:tilt_x|DeltaADC:adc|PWM:pwm
 38. Parameter Settings for User Entity Instance: axis_controller:axis_controller|Tilt_board:tilt_x|HoldValueOnStrb:holdValOnStrb
 39. Parameter Settings for User Entity Instance: axis_controller:axis_controller|Tilt_board:tilt_x|Tilt:tilt
 40. Parameter Settings for User Entity Instance: axis_controller:axis_controller|Tilt_board:tilt_y|moving_avg:moving_avg
 41. Parameter Settings for User Entity Instance: axis_controller:axis_controller|Tilt_board:tilt_y|synchronizer_chain:x_comp_sync
 42. Parameter Settings for User Entity Instance: axis_controller:axis_controller|Tilt_board:tilt_y|DeltaADC:adc|strobe_generator:strobe_gen
 43. Parameter Settings for User Entity Instance: axis_controller:axis_controller|Tilt_board:tilt_y|DeltaADC:adc|PWM:pwm
 44. Parameter Settings for User Entity Instance: axis_controller:axis_controller|Tilt_board:tilt_y|HoldValueOnStrb:holdValOnStrb
 45. Parameter Settings for User Entity Instance: axis_controller:axis_controller|Tilt_board:tilt_y|Tilt:tilt
 46. Parameter Settings for User Entity Instance: axis_controller:axis_controller|servo_controller:servoPwmX|PWM:pwm
 47. Parameter Settings for User Entity Instance: axis_controller:axis_controller|servo_controller:servoPwmY|PWM:pwm
 48. Parameter Settings for User Entity Instance: axis_controller:axis_controller|servo_controller:servoPwmZ|PWM:pwm
 49. Parameter Settings for User Entity Instance: axis_controller:axis_controller|cmd_proc:cmd_proc
 50. Parameter Settings for User Entity Instance: axis_controller:axis_controller|cmd_proc:cmd_proc|periodical_strb_gen:strb_gen
 51. Parameter Settings for User Entity Instance: axis_controller:axis_controller|cmd_proc:cmd_proc|periodical_strb_gen:strb_gen|strobe_generator:strb_gen
 52. Parameter Settings for Inferred Entity Instance: axis_controller:axis_controller|cmd_proc:cmd_proc|command_rom:cmd_rom|altsyncram:ROMMEM_rtl_0
 53. Parameter Settings for Inferred Entity Instance: axis_controller:axis_controller|Tilt_board:tilt_x|moving_avg:moving_avg|altshift_taps:shift_reg_mem_rtl_0
 54. Parameter Settings for Inferred Entity Instance: axis_controller:axis_controller|Tilt_board:tilt_y|moving_avg:moving_avg|altshift_taps:shift_reg_mem_rtl_0
 55. Parameter Settings for Inferred Entity Instance: axis_controller:axis_controller|servo_controller:servoPwmX|lpm_mult:Mult0
 56. Parameter Settings for Inferred Entity Instance: axis_controller:axis_controller|servo_controller:servoPwmY|lpm_mult:Mult0
 57. Parameter Settings for Inferred Entity Instance: axis_controller:axis_controller|servo_controller:servoPwmZ|lpm_mult:Mult0
 58. altsyncram Parameter Settings by Entity Instance
 59. altshift_taps Parameter Settings by Entity Instance
 60. lpm_mult Parameter Settings by Entity Instance
 61. Port Connectivity Checks: "axis_controller:axis_controller|servo_controller:servoPwmZ"
 62. Port Connectivity Checks: "axis_controller:axis_controller|servo_controller:servoPwmX|PWM:pwm"
 63. Port Connectivity Checks: "axis_controller:axis_controller|Tilt_board:tilt_x|bin2bcd:bin2bcd"
 64. Port Connectivity Checks: "axis_controller:axis_controller|Tilt_board:tilt_x|DeltaADC:adc|PWM:pwm"
 65. Port Connectivity Checks: "axis_controller:axis_controller|btnCtrl:btnCtrl"
 66. Post-Synthesis Netlist Statistics for Top Partition
 67. Elapsed Time Per Partition
 68. Analysis & Synthesis Messages



----------------
; Legal Notice ;
----------------
Copyright (C) 2025  Altera Corporation. All rights reserved.
Your use of Altera Corporation's design tools, logic functions 
and other software and tools, and any partner logic 
functions, and any output files from any of the foregoing 
(including device programming or simulation files), and any 
associated documentation or information are expressly subject 
to the terms and conditions of the Altera Program License 
Subscription Agreement, the Altera Quartus Prime License Agreement,
the Altera IP License Agreement, or other applicable license
agreement, including, without limitation, that your use is for
the sole purpose of programming logic devices manufactured by
Altera and sold by Altera or its authorized distributors.  Please
refer to the Altera Software License Subscription Agreements 
on the Quartus Prime software download page.



+--------------------------------------------------------------------------------------+
; Analysis & Synthesis Summary                                                         ;
+------------------------------------+-------------------------------------------------+
; Analysis & Synthesis Status        ; Successful - Mon Mar  9 21:30:40 2026           ;
; Quartus Prime Version              ; 25.1std.0 Build 1129 10/21/2025 SC Lite Edition ;
; Revision Name                      ; HWDP_PR_DE2                                     ;
; Top-level Entity Name              ; DE2_Standard                                    ;
; Family                             ; Cyclone IV GX                                   ;
; Total logic elements               ; 1,253                                           ;
;     Total combinational functions  ; 1,198                                           ;
;     Dedicated logic registers      ; 480                                             ;
; Total registers                    ; 480                                             ;
; Total pins                         ; 138                                             ;
; Total virtual pins                 ; 0                                               ;
; Total memory bits                  ; 2,680                                           ;
; Embedded Multiplier 9-bit elements ; 9                                               ;
; Total GXB Receiver Channel PCS     ; 0                                               ;
; Total GXB Receiver Channel PMA     ; 0                                               ;
; Total GXB Transmitter Channel PCS  ; 0                                               ;
; Total GXB Transmitter Channel PMA  ; 0                                               ;
; Total PLLs                         ; 0                                               ;
+------------------------------------+-------------------------------------------------+


+------------------------------------------------------------------------------------------------------------+
; Analysis & Synthesis Settings                                                                              ;
+------------------------------------------------------------------+--------------------+--------------------+
; Option                                                           ; Setting            ; Default Value      ;
+------------------------------------------------------------------+--------------------+--------------------+
; Device                                                           ; EP4CGX150DF31C7    ;                    ;
; Top-level entity name                                            ; DE2_Standard       ; HWDP_PR_DE2        ;
; Family name                                                      ; Cyclone IV GX      ; Cyclone V          ;
; Use smart compilation                                            ; Off                ; Off                ;
; Enable parallel Assembler and Timing Analyzer during compilation ; On                 ; On                 ;
; Enable compact report table                                      ; Off                ; Off                ;
; Restructure Multiplexers                                         ; Auto               ; Auto               ;
; Create Debugging Nodes for IP Cores                              ; Off                ; Off                ;
; Preserve fewer node names                                        ; On                 ; On                 ;
; Intel FPGA IP Evaluation Mode                                    ; Enable             ; Enable             ;
; Verilog Version                                                  ; Verilog_2001       ; Verilog_2001       ;
; VHDL Version                                                     ; VHDL_1993          ; VHDL_1993          ;
; State Machine Processing                                         ; Auto               ; Auto               ;
; Safe State Machine                                               ; Off                ; Off                ;
; Extract Verilog State Machines                                   ; On                 ; On                 ;
; Extract VHDL State Machines                                      ; On                 ; On                 ;
; Ignore Verilog initial constructs                                ; Off                ; Off                ;
; Iteration limit for constant Verilog loops                       ; 5000               ; 5000               ;
; Iteration limit for non-constant Verilog loops                   ; 250                ; 250                ;
; Add Pass-Through Logic to Inferred RAMs                          ; On                 ; On                 ;
; Infer RAMs from Raw Logic                                        ; On                 ; On                 ;
; Parallel Synthesis                                               ; On                 ; On                 ;
; DSP Block Balancing                                              ; Auto               ; Auto               ;
; NOT Gate Push-Back                                               ; On                 ; On                 ;
; Power-Up Don't Care                                              ; On                 ; On                 ;
; Remove Redundant Logic Cells                                     ; Off                ; Off                ;
; Remove Duplicate Registers                                       ; On                 ; On                 ;
; Ignore CARRY Buffers                                             ; Off                ; Off                ;
; Ignore CASCADE Buffers                                           ; Off                ; Off                ;
; Ignore GLOBAL Buffers                                            ; Off                ; Off                ;
; Ignore ROW GLOBAL Buffers                                        ; Off                ; Off                ;
; Ignore LCELL Buffers                                             ; Off                ; Off                ;
; Ignore SOFT Buffers                                              ; On                 ; On                 ;
; Limit AHDL Integers to 32 Bits                                   ; Off                ; Off                ;
; Optimization Technique                                           ; Balanced           ; Balanced           ;
; Carry Chain Length                                               ; 70                 ; 70                 ;
; Auto Carry Chains                                                ; On                 ; On                 ;
; Auto Open-Drain Pins                                             ; On                 ; On                 ;
; Perform WYSIWYG Primitive Resynthesis                            ; Off                ; Off                ;
; Auto ROM Replacement                                             ; On                 ; On                 ;
; Auto RAM Replacement                                             ; On                 ; On                 ;
; Auto DSP Block Replacement                                       ; On                 ; On                 ;
; Auto Shift Register Replacement                                  ; Auto               ; Auto               ;
; Allow Shift Register Merging across Hierarchies                  ; Auto               ; Auto               ;
; Auto Clock Enable Replacement                                    ; On                 ; On                 ;
; Strict RAM Replacement                                           ; Off                ; Off                ;
; Allow Synchronous Control Signals                                ; On                 ; On                 ;
; Force Use of Synchronous Clear Signals                           ; Off                ; Off                ;
; Auto RAM Block Balancing                                         ; On                 ; On                 ;
; Auto RAM to Logic Cell Conversion                                ; Off                ; Off                ;
; Auto Resource Sharing                                            ; Off                ; Off                ;
; Allow Any RAM Size For Recognition                               ; Off                ; Off                ;
; Allow Any ROM Size For Recognition                               ; Off                ; Off                ;
; Allow Any Shift Register Size For Recognition                    ; Off                ; Off                ;
; Use LogicLock Constraints during Resource Balancing              ; On                 ; On                 ;
; Ignore translate_off and synthesis_off directives                ; Off                ; Off                ;
; Timing-Driven Synthesis                                          ; On                 ; On                 ;
; Report Parameter Settings                                        ; On                 ; On                 ;
; Report Source Assignments                                        ; On                 ; On                 ;
; Report Connectivity Checks                                       ; On                 ; On                 ;
; Ignore Maximum Fan-Out Assignments                               ; Off                ; Off                ;
; Synchronization Register Chain Length                            ; 2                  ; 2                  ;
; Power Optimization During Synthesis                              ; Normal compilation ; Normal compilation ;
; HDL message level                                                ; Level2             ; Level2             ;
; Suppress Register Optimization Related Messages                  ; Off                ; Off                ;
; Number of Removed Registers Reported in Synthesis Report         ; 5000               ; 5000               ;
; Number of Swept Nodes Reported in Synthesis Report               ; 5000               ; 5000               ;
; Number of Inverted Registers Reported in Synthesis Report        ; 100                ; 100                ;
; Clock MUX Protection                                             ; On                 ; On                 ;
; Auto Gated Clock Conversion                                      ; Off                ; Off                ;
; Block Design Naming                                              ; Auto               ; Auto               ;
; SDC constraint protection                                        ; Off                ; Off                ;
; Synthesis Effort                                                 ; Auto               ; Auto               ;
; Shift Register Replacement - Allow Asynchronous Clear Signal     ; On                 ; On                 ;
; Pre-Mapping Resynthesis Optimization                             ; Off                ; Off                ;
; Analysis & Synthesis Message Level                               ; Medium             ; Medium             ;
; Disable Register Merging Across Hierarchies                      ; Auto               ; Auto               ;
; Resource Aware Inference For Block RAM                           ; On                 ; On                 ;
+------------------------------------------------------------------+--------------------+--------------------+


+------------------------------------------+
; Parallel Compilation                     ;
+----------------------------+-------------+
; Processors                 ; Number      ;
+----------------------------+-------------+
; Number detected on machine ; 16          ;
; Maximum allowed            ; 16          ;
;                            ;             ;
; Average used               ; 1.00        ;
; Maximum used               ; 16          ;
;                            ;             ;
; Usage by Processor         ; % Time Used ;
;     Processor 1            ; 100.0%      ;
;     Processor 2            ;   0.0%      ;
;     Processor 3            ;   0.0%      ;
;     Processor 4            ;   0.0%      ;
;     Processor 5            ;   0.0%      ;
;     Processor 6            ;   0.0%      ;
;     Processor 7            ;   0.0%      ;
;     Processor 8            ;   0.0%      ;
;     Processors 9-16        ;   0.0%      ;
+----------------------------+-------------+


+-----------------------------------------------------------------------------------------------------------------------------------------------------------------------------------------------------------------------------------------------------------+
; Analysis & Synthesis Source Files Read                                                                                                                                                                                                                    ;
+--------------------------------------------------+-----------------+-------------------------------------------------------+--------------------------------------------------------------------------------------------------------------------+---------+
; File Name with User-Entered Path                 ; Used in Netlist ; File Type                                             ; File Name with Absolute Path                                                                                       ; Library ;
+--------------------------------------------------+-----------------+-------------------------------------------------------+--------------------------------------------------------------------------------------------------------------------+---------+
; ../Commands_p.vhd                                ; yes             ; User VHDL File                                        ; /home/felix/DEV/Uni/WS2025/Hardwaredesign/PR9/Commands_p.vhd                                                       ;         ;
; ../cmd_proc_a.vhd                                ; yes             ; User VHDL File                                        ; /home/felix/DEV/Uni/WS2025/Hardwaredesign/PR9/cmd_proc_a.vhd                                                       ;         ;
; ../cmd_proc_e.vhd                                ; yes             ; User VHDL File                                        ; /home/felix/DEV/Uni/WS2025/Hardwaredesign/PR9/cmd_proc_e.vhd                                                       ;         ;
; ../CommandROM_ea.vhd                             ; yes             ; User VHDL File                                        ; /home/felix/DEV/Uni/WS2025/Hardwaredesign/PR9/CommandROM_ea.vhd                                                    ;         ;
; ../strbgen_K_ea.vhd                              ; yes             ; User VHDL File                                        ; /home/felix/DEV/Uni/WS2025/Hardwaredesign/PR9/strbgen_K_ea.vhd                                                     ;         ;
; ../axis_controller_ea.vhd                        ; yes             ; User VHDL File                                        ; /home/felix/DEV/Uni/WS2025/Hardwaredesign/PR9/axis_controller_ea.vhd                                               ;         ;
; ../moving_avg_ea.vhd                             ; yes             ; User VHDL File                                        ; /home/felix/DEV/Uni/WS2025/Hardwaredesign/PR9/moving_avg_ea.vhd                                                    ;         ;
; ../periodical_strb_gen_ea.vhd                    ; yes             ; User VHDL File                                        ; /home/felix/DEV/Uni/WS2025/Hardwaredesign/PR9/periodical_strb_gen_ea.vhd                                           ;         ;
; ../debouncer_ea.vhd                              ; yes             ; User VHDL File                                        ; /home/felix/DEV/Uni/WS2025/Hardwaredesign/PR9/debouncer_ea.vhd                                                     ;         ;
; ../Tilt_e.vhd                                    ; yes             ; User VHDL File                                        ; /home/felix/DEV/Uni/WS2025/Hardwaredesign/PR9/Tilt_e.vhd                                                           ;         ;
; ../Tilt_board_ea.vhd                             ; yes             ; User VHDL File                                        ; /home/felix/DEV/Uni/WS2025/Hardwaredesign/PR9/Tilt_board_ea.vhd                                                    ;         ;
; ../Tilt_a.vhd                                    ; yes             ; User VHDL File                                        ; /home/felix/DEV/Uni/WS2025/Hardwaredesign/PR9/Tilt_a.vhd                                                           ;         ;
; ../synchronizer_chain.vhd                        ; yes             ; User VHDL File                                        ; /home/felix/DEV/Uni/WS2025/Hardwaredesign/PR9/synchronizer_chain.vhd                                               ;         ;
; ../strb_gen_e.vhd                                ; yes             ; User VHDL File                                        ; /home/felix/DEV/Uni/WS2025/Hardwaredesign/PR9/strb_gen_e.vhd                                                       ;         ;
; ../strb_gen_a.vhd                                ; yes             ; User VHDL File                                        ; /home/felix/DEV/Uni/WS2025/Hardwaredesign/PR9/strb_gen_a.vhd                                                       ;         ;
; ../std_package.vhd                               ; yes             ; User VHDL File                                        ; /home/felix/DEV/Uni/WS2025/Hardwaredesign/PR9/std_package.vhd                                                      ;         ;
; ../ServoControl_ea.vhd                           ; yes             ; User VHDL File                                        ; /home/felix/DEV/Uni/WS2025/Hardwaredesign/PR9/ServoControl_ea.vhd                                                  ;         ;
; ../pwm_e.vhd                                     ; yes             ; User VHDL File                                        ; /home/felix/DEV/Uni/WS2025/Hardwaredesign/PR9/pwm_e.vhd                                                            ;         ;
; ../pwm_a.vhd                                     ; yes             ; User VHDL File                                        ; /home/felix/DEV/Uni/WS2025/Hardwaredesign/PR9/pwm_a.vhd                                                            ;         ;
; ../HoldValueOnStrb_e.vhd                         ; yes             ; User VHDL File                                        ; /home/felix/DEV/Uni/WS2025/Hardwaredesign/PR9/HoldValueOnStrb_e.vhd                                                ;         ;
; ../HoldValueOnStrb_a.vhd                         ; yes             ; User VHDL File                                        ; /home/felix/DEV/Uni/WS2025/Hardwaredesign/PR9/HoldValueOnStrb_a.vhd                                                ;         ;
; ../deltaADC_ea.vhd                               ; yes             ; User VHDL File                                        ; /home/felix/DEV/Uni/WS2025/Hardwaredesign/PR9/deltaADC_ea.vhd                                                      ;         ;
; ../DE2_Standard.vhd                              ; yes             ; User VHDL File                                        ; /home/felix/DEV/Uni/WS2025/Hardwaredesign/PR9/DE2_Standard.vhd                                                     ;         ;
; ../btnCtrl_ea.vhd                                ; yes             ; User VHDL File                                        ; /home/felix/DEV/Uni/WS2025/Hardwaredesign/PR9/btnCtrl_ea.vhd                                                       ;         ;
; ../bin2bcd_ea.vhd                                ; yes             ; User VHDL File                                        ; /home/felix/DEV/Uni/WS2025/Hardwaredesign/PR9/bin2bcd_ea.vhd                                                       ;         ;
; ../bcd_to_7seg_ea.vhd                            ; yes             ; User VHDL File                                        ; /home/felix/DEV/Uni/WS2025/Hardwaredesign/PR9/bcd_to_7seg_ea.vhd                                                   ;         ;
; altsyncram.tdf                                   ; yes             ; Megafunction                                          ; /home/felix/altera_lite/25.1std/quartus/libraries/megafunctions/altsyncram.tdf                                     ;         ;
; stratix_ram_block.inc                            ; yes             ; Megafunction                                          ; /home/felix/altera_lite/25.1std/quartus/libraries/megafunctions/stratix_ram_block.inc                              ;         ;
; lpm_mux.inc                                      ; yes             ; Megafunction                                          ; /home/felix/altera_lite/25.1std/quartus/libraries/megafunctions/lpm_mux.inc                                        ;         ;
; lpm_decode.inc                                   ; yes             ; Megafunction                                          ; /home/felix/altera_lite/25.1std/quartus/libraries/megafunctions/lpm_decode.inc                                     ;         ;
; aglobal251.inc                                   ; yes             ; Megafunction                                          ; /home/felix/altera_lite/25.1std/quartus/libraries/megafunctions/aglobal251.inc                                     ;         ;
; a_rdenreg.inc                                    ; yes             ; Megafunction                                          ; /home/felix/altera_lite/25.1std/quartus/libraries/megafunctions/a_rdenreg.inc                                      ;         ;
; altrom.inc                                       ; yes             ; Megafunction                                          ; /home/felix/altera_lite/25.1std/quartus/libraries/megafunctions/altrom.inc                                         ;         ;
; altram.inc                                       ; yes             ; Megafunction                                          ; /home/felix/altera_lite/25.1std/quartus/libraries/megafunctions/altram.inc                                         ;         ;
; altdpram.inc                                     ; yes             ; Megafunction                                          ; /home/felix/altera_lite/25.1std/quartus/libraries/megafunctions/altdpram.inc                                       ;         ;
; db/altsyncram_vn71.tdf                           ; yes             ; Auto-Generated Megafunction                           ; /home/felix/DEV/Uni/WS2025/Hardwaredesign/PR9/Quartus_Project_DE2/db/altsyncram_vn71.tdf                           ;         ;
; db/HWDP_PR_DE2.ram0_command_rom_34420a2a.hdl.mif ; yes             ; Auto-Generated Auto-Found Memory Initialization File  ; /home/felix/DEV/Uni/WS2025/Hardwaredesign/PR9/Quartus_Project_DE2/db/HWDP_PR_DE2.ram0_command_rom_34420a2a.hdl.mif ;         ;
; altshift_taps.tdf                                ; yes             ; Megafunction                                          ; /home/felix/altera_lite/25.1std/quartus/libraries/megafunctions/altshift_taps.tdf                                  ;         ;
; lpm_counter.inc                                  ; yes             ; Megafunction                                          ; /home/felix/altera_lite/25.1std/quartus/libraries/megafunctions/lpm_counter.inc                                    ;         ;
; lpm_compare.inc                                  ; yes             ; Megafunction                                          ; /home/felix/altera_lite/25.1std/quartus/libraries/megafunctions/lpm_compare.inc                                    ;         ;
; lpm_constant.inc                                 ; yes             ; Megafunction                                          ; /home/felix/altera_lite/25.1std/quartus/libraries/megafunctions/lpm_constant.inc                                   ;         ;
; db/shift_taps_r9n.tdf                            ; yes             ; Auto-Generated Megafunction                           ; /home/felix/DEV/Uni/WS2025/Hardwaredesign/PR9/Quartus_Project_DE2/db/shift_taps_r9n.tdf                            ;         ;
; db/altsyncram_66b1.tdf                           ; yes             ; Auto-Generated Megafunction                           ; /home/felix/DEV/Uni/WS2025/Hardwaredesign/PR9/Quartus_Project_DE2/db/altsyncram_66b1.tdf                           ;         ;
; db/cntr_luf.tdf                                  ; yes             ; Auto-Generated Megafunction                           ; /home/felix/DEV/Uni/WS2025/Hardwaredesign/PR9/Quartus_Project_DE2/db/cntr_luf.tdf                                  ;         ;
; db/cmpr_kkc.tdf                                  ; yes             ; Auto-Generated Megafunction                           ; /home/felix/DEV/Uni/WS2025/Hardwaredesign/PR9/Quartus_Project_DE2/db/cmpr_kkc.tdf                                  ;         ;
; db/cntr_beh.tdf                                  ; yes             ; Auto-Generated Megafunction                           ; /home/felix/DEV/Uni/WS2025/Hardwaredesign/PR9/Quartus_Project_DE2/db/cntr_beh.tdf                                  ;         ;
; lpm_mult.tdf                                     ; yes             ; Megafunction                                          ; /home/felix/altera_lite/25.1std/quartus/libraries/megafunctions/lpm_mult.tdf                                       ;         ;
; lpm_add_sub.inc                                  ; yes             ; Megafunction                                          ; /home/felix/altera_lite/25.1std/quartus/libraries/megafunctions/lpm_add_sub.inc                                    ;         ;
; multcore.inc                                     ; yes             ; Megafunction                                          ; /home/felix/altera_lite/25.1std/quartus/libraries/megafunctions/multcore.inc                                       ;         ;
; bypassff.inc                                     ; yes             ; Megafunction                                          ; /home/felix/altera_lite/25.1std/quartus/libraries/megafunctions/bypassff.inc                                       ;         ;
; altshift.inc                                     ; yes             ; Megafunction                                          ; /home/felix/altera_lite/25.1std/quartus/libraries/megafunctions/altshift.inc                                       ;         ;
; db/mult_5jt.tdf                                  ; yes             ; Auto-Generated Megafunction                           ; /home/felix/DEV/Uni/WS2025/Hardwaredesign/PR9/Quartus_Project_DE2/db/mult_5jt.tdf                                  ;         ;
+--------------------------------------------------+-----------------+-------------------------------------------------------+--------------------------------------------------------------------------------------------------------------------+---------+


+---------------------------------------------+
; Analysis & Synthesis Resource Usage Summary ;
+--------------------------+------------------+
; Resource                 ; Usage            ;
+--------------------------+------------------+
; I/O pins                 ; 138              ;
; Total memory bits        ; 2680             ;
;                          ;                  ;
; DSP block 9-bit elements ; 9                ;
;                          ;                  ;
; Maximum fan-out node     ; CLOCK_50~input   ;
; Maximum fan-out          ; 536              ;
; Total fan-out            ; 5446             ;
; Average fan-out          ; 2.64             ;
+--------------------------+------------------+


+-------------------------------------------------------------------------------------------------------------------------------------------------------------------------------------------------------------------------------------------------------------------------------------------------------------------------------------------------------------------------------------------------------------------+
; Analysis & Synthesis Resource Utilization by Entity                                                                                                                                                                                                                                                                                                                                                               ;
+-------------------------------------------------+---------------------+---------------------------+-------------+--------------+---------+-----------+-----------+------+--------------+-------------------------------------------------------------------------------------------------------------------------------------------------------------------------------------+---------------------+--------------+
; Compilation Hierarchy Node                      ; Combinational ALUTs ; Dedicated Logic Registers ; Memory Bits ; DSP Elements ; DSP 9x9 ; DSP 18x18 ; DSP 36x36 ; Pins ; Virtual Pins ; Full Hierarchy Name                                                                                                                                                                 ; Entity Name         ; Library Name ;
+-------------------------------------------------+---------------------+---------------------------+-------------+--------------+---------+-----------+-----------+------+--------------+-------------------------------------------------------------------------------------------------------------------------------------------------------------------------------------+---------------------+--------------+
; |DE2_Standard                                   ; 1198 (0)            ; 480 (0)                   ; 2680        ; 9            ; 3       ; 3         ; 0         ; 138  ; 0            ; |DE2_Standard                                                                                                                                                                       ; DE2_Standard        ; work         ;
;    |axis_controller:axis_controller|            ; 1198 (32)           ; 480 (0)                   ; 2680        ; 9            ; 3       ; 3         ; 0         ; 0    ; 0            ; |DE2_Standard|axis_controller:axis_controller                                                                                                                                       ; axis_controller     ; work         ;
;       |Tilt_board:tilt_x|                       ; 249 (9)             ; 91 (0)                    ; 120         ; 0            ; 0       ; 0         ; 0         ; 0    ; 0            ; |DE2_Standard|axis_controller:axis_controller|Tilt_board:tilt_x                                                                                                                     ; Tilt_board          ; work         ;
;          |DeltaADC:adc|                         ; 136 (40)            ; 58 (17)                   ; 0           ; 0            ; 0       ; 0         ; 0         ; 0    ; 0            ; |DE2_Standard|axis_controller:axis_controller|Tilt_board:tilt_x|DeltaADC:adc                                                                                                        ; DeltaADC            ; work         ;
;             |PWM:pwm|                           ; 19 (19)             ; 8 (8)                     ; 0           ; 0            ; 0       ; 0         ; 0         ; 0    ; 0            ; |DE2_Standard|axis_controller:axis_controller|Tilt_board:tilt_x|DeltaADC:adc|PWM:pwm                                                                                                ; PWM                 ; work         ;
;             |strobe_generator:strobe_gen|       ; 77 (77)             ; 33 (33)                   ; 0           ; 0            ; 0       ; 0         ; 0         ; 0    ; 0            ; |DE2_Standard|axis_controller:axis_controller|Tilt_board:tilt_x|DeltaADC:adc|strobe_generator:strobe_gen                                                                            ; strobe_generator    ; work         ;
;          |HoldValueOnStrb:holdValOnStrb|        ; 0 (0)               ; 8 (8)                     ; 0           ; 0            ; 0       ; 0         ; 0         ; 0    ; 0            ; |DE2_Standard|axis_controller:axis_controller|Tilt_board:tilt_x|HoldValueOnStrb:holdValOnStrb                                                                                       ; HoldValueOnStrb     ; work         ;
;          |Tilt:tilt|                            ; 14 (14)             ; 0 (0)                     ; 0           ; 0            ; 0       ; 0         ; 0         ; 0    ; 0            ; |DE2_Standard|axis_controller:axis_controller|Tilt_board:tilt_x|Tilt:tilt                                                                                                           ; Tilt                ; work         ;
;          |bcd_to_7seg:bcd2sevenseg_hundreds|    ; 5 (5)               ; 0 (0)                     ; 0           ; 0            ; 0       ; 0         ; 0         ; 0    ; 0            ; |DE2_Standard|axis_controller:axis_controller|Tilt_board:tilt_x|bcd_to_7seg:bcd2sevenseg_hundreds                                                                                   ; bcd_to_7seg         ; work         ;
;          |bcd_to_7seg:bcd2sevenseg_ones|        ; 7 (7)               ; 0 (0)                     ; 0           ; 0            ; 0       ; 0         ; 0         ; 0    ; 0            ; |DE2_Standard|axis_controller:axis_controller|Tilt_board:tilt_x|bcd_to_7seg:bcd2sevenseg_ones                                                                                       ; bcd_to_7seg         ; work         ;
;          |bcd_to_7seg:bcd2sevenseg_tens|        ; 7 (7)               ; 0 (0)                     ; 0           ; 0            ; 0       ; 0         ; 0         ; 0    ; 0            ; |DE2_Standard|axis_controller:axis_controller|Tilt_board:tilt_x|bcd_to_7seg:bcd2sevenseg_tens                                                                                       ; bcd_to_7seg         ; work         ;
;          |bin2bcd:bin2bcd|                      ; 31 (31)             ; 0 (0)                     ; 0           ; 0            ; 0       ; 0         ; 0         ; 0    ; 0            ; |DE2_Standard|axis_controller:axis_controller|Tilt_board:tilt_x|bin2bcd:bin2bcd                                                                                                     ; bin2bcd             ; work         ;
;          |moving_avg:moving_avg|                ; 40 (24)             ; 22 (13)                   ; 120         ; 0            ; 0       ; 0         ; 0         ; 0    ; 0            ; |DE2_Standard|axis_controller:axis_controller|Tilt_board:tilt_x|moving_avg:moving_avg                                                                                               ; moving_avg          ; work         ;
;             |altshift_taps:shift_reg_mem_rtl_0| ; 16 (0)              ; 9 (0)                     ; 120         ; 0            ; 0       ; 0         ; 0         ; 0    ; 0            ; |DE2_Standard|axis_controller:axis_controller|Tilt_board:tilt_x|moving_avg:moving_avg|altshift_taps:shift_reg_mem_rtl_0                                                             ; altshift_taps       ; work         ;
;                |shift_taps_r9n:auto_generated|  ; 16 (0)              ; 9 (1)                     ; 120         ; 0            ; 0       ; 0         ; 0         ; 0    ; 0            ; |DE2_Standard|axis_controller:axis_controller|Tilt_board:tilt_x|moving_avg:moving_avg|altshift_taps:shift_reg_mem_rtl_0|shift_taps_r9n:auto_generated                               ; shift_taps_r9n      ; work         ;
;                   |altsyncram_66b1:altsyncram2| ; 0 (0)               ; 0 (0)                     ; 120         ; 0            ; 0       ; 0         ; 0         ; 0    ; 0            ; |DE2_Standard|axis_controller:axis_controller|Tilt_board:tilt_x|moving_avg:moving_avg|altshift_taps:shift_reg_mem_rtl_0|shift_taps_r9n:auto_generated|altsyncram_66b1:altsyncram2   ; altsyncram_66b1     ; work         ;
;                   |cntr_beh:cntr3|              ; 6 (6)               ; 4 (4)                     ; 0           ; 0            ; 0       ; 0         ; 0         ; 0    ; 0            ; |DE2_Standard|axis_controller:axis_controller|Tilt_board:tilt_x|moving_avg:moving_avg|altshift_taps:shift_reg_mem_rtl_0|shift_taps_r9n:auto_generated|cntr_beh:cntr3                ; cntr_beh            ; work         ;
;                   |cntr_luf:cntr1|              ; 10 (9)              ; 4 (4)                     ; 0           ; 0            ; 0       ; 0         ; 0         ; 0    ; 0            ; |DE2_Standard|axis_controller:axis_controller|Tilt_board:tilt_x|moving_avg:moving_avg|altshift_taps:shift_reg_mem_rtl_0|shift_taps_r9n:auto_generated|cntr_luf:cntr1                ; cntr_luf            ; work         ;
;                      |cmpr_kkc:cmpr6|           ; 1 (1)               ; 0 (0)                     ; 0           ; 0            ; 0       ; 0         ; 0         ; 0    ; 0            ; |DE2_Standard|axis_controller:axis_controller|Tilt_board:tilt_x|moving_avg:moving_avg|altshift_taps:shift_reg_mem_rtl_0|shift_taps_r9n:auto_generated|cntr_luf:cntr1|cmpr_kkc:cmpr6 ; cmpr_kkc            ; work         ;
;          |synchronizer_chain:x_comp_sync|       ; 0 (0)               ; 3 (3)                     ; 0           ; 0            ; 0       ; 0         ; 0         ; 0    ; 0            ; |DE2_Standard|axis_controller:axis_controller|Tilt_board:tilt_x|synchronizer_chain:x_comp_sync                                                                                      ; synchronizer_chain  ; work         ;
;       |Tilt_board:tilt_y|                       ; 159 (9)             ; 58 (0)                    ; 120         ; 0            ; 0       ; 0         ; 0         ; 0    ; 0            ; |DE2_Standard|axis_controller:axis_controller|Tilt_board:tilt_y                                                                                                                     ; Tilt_board          ; work         ;
;          |DeltaADC:adc|                         ; 50 (31)             ; 25 (17)                   ; 0           ; 0            ; 0       ; 0         ; 0         ; 0    ; 0            ; |DE2_Standard|axis_controller:axis_controller|Tilt_board:tilt_y|DeltaADC:adc                                                                                                        ; DeltaADC            ; work         ;
;             |PWM:pwm|                           ; 19 (19)             ; 8 (8)                     ; 0           ; 0            ; 0       ; 0         ; 0         ; 0    ; 0            ; |DE2_Standard|axis_controller:axis_controller|Tilt_board:tilt_y|DeltaADC:adc|PWM:pwm                                                                                                ; PWM                 ; work         ;
;          |HoldValueOnStrb:holdValOnStrb|        ; 0 (0)               ; 8 (8)                     ; 0           ; 0            ; 0       ; 0         ; 0         ; 0    ; 0            ; |DE2_Standard|axis_controller:axis_controller|Tilt_board:tilt_y|HoldValueOnStrb:holdValOnStrb                                                                                       ; HoldValueOnStrb     ; work         ;
;          |Tilt:tilt|                            ; 14 (14)             ; 0 (0)                     ; 0           ; 0            ; 0       ; 0         ; 0         ; 0    ; 0            ; |DE2_Standard|axis_controller:axis_controller|Tilt_board:tilt_y|Tilt:tilt                                                                                                           ; Tilt                ; work         ;
;          |bcd_to_7seg:bcd2sevenseg_hundreds|    ; 3 (3)               ; 0 (0)                     ; 0           ; 0            ; 0       ; 0         ; 0         ; 0    ; 0            ; |DE2_Standard|axis_controller:axis_controller|Tilt_board:tilt_y|bcd_to_7seg:bcd2sevenseg_hundreds                                                                                   ; bcd_to_7seg         ; work         ;
;          |bcd_to_7seg:bcd2sevenseg_ones|        ; 7 (7)               ; 0 (0)                     ; 0           ; 0            ; 0       ; 0         ; 0         ; 0    ; 0            ; |DE2_Standard|axis_controller:axis_controller|Tilt_board:tilt_y|bcd_to_7seg:bcd2sevenseg_ones                                                                                       ; bcd_to_7seg         ; work         ;
;          |bcd_to_7seg:bcd2sevenseg_tens|        ; 7 (7)               ; 0 (0)                     ; 0           ; 0            ; 0       ; 0         ; 0         ; 0    ; 0            ; |DE2_Standard|axis_controller:axis_controller|Tilt_board:tilt_y|bcd_to_7seg:bcd2sevenseg_tens                                                                                       ; bcd_to_7seg         ; work         ;
;          |bin2bcd:bin2bcd|                      ; 29 (29)             ; 0 (0)                     ; 0           ; 0            ; 0       ; 0         ; 0         ; 0    ; 0            ; |DE2_Standard|axis_controller:axis_controller|Tilt_board:tilt_y|bin2bcd:bin2bcd                                                                                                     ; bin2bcd             ; work         ;
;          |moving_avg:moving_avg|                ; 40 (24)             ; 22 (13)                   ; 120         ; 0            ; 0       ; 0         ; 0         ; 0    ; 0            ; |DE2_Standard|axis_controller:axis_controller|Tilt_board:tilt_y|moving_avg:moving_avg                                                                                               ; moving_avg          ; work         ;
;             |altshift_taps:shift_reg_mem_rtl_0| ; 16 (0)              ; 9 (0)                     ; 120         ; 0            ; 0       ; 0         ; 0         ; 0    ; 0            ; |DE2_Standard|axis_controller:axis_controller|Tilt_board:tilt_y|moving_avg:moving_avg|altshift_taps:shift_reg_mem_rtl_0                                                             ; altshift_taps       ; work         ;
;                |shift_taps_r9n:auto_generated|  ; 16 (0)              ; 9 (1)                     ; 120         ; 0            ; 0       ; 0         ; 0         ; 0    ; 0            ; |DE2_Standard|axis_controller:axis_controller|Tilt_board:tilt_y|moving_avg:moving_avg|altshift_taps:shift_reg_mem_rtl_0|shift_taps_r9n:auto_generated                               ; shift_taps_r9n      ; work         ;
;                   |altsyncram_66b1:altsyncram2| ; 0 (0)               ; 0 (0)                     ; 120         ; 0            ; 0       ; 0         ; 0         ; 0    ; 0            ; |DE2_Standard|axis_controller:axis_controller|Tilt_board:tilt_y|moving_avg:moving_avg|altshift_taps:shift_reg_mem_rtl_0|shift_taps_r9n:auto_generated|altsyncram_66b1:altsyncram2   ; altsyncram_66b1     ; work         ;
;                   |cntr_beh:cntr3|              ; 6 (6)               ; 4 (4)                     ; 0           ; 0            ; 0       ; 0         ; 0         ; 0    ; 0            ; |DE2_Standard|axis_controller:axis_controller|Tilt_board:tilt_y|moving_avg:moving_avg|altshift_taps:shift_reg_mem_rtl_0|shift_taps_r9n:auto_generated|cntr_beh:cntr3                ; cntr_beh            ; work         ;
;                   |cntr_luf:cntr1|              ; 10 (9)              ; 4 (4)                     ; 0           ; 0            ; 0       ; 0         ; 0         ; 0    ; 0            ; |DE2_Standard|axis_controller:axis_controller|Tilt_board:tilt_y|moving_avg:moving_avg|altshift_taps:shift_reg_mem_rtl_0|shift_taps_r9n:auto_generated|cntr_luf:cntr1                ; cntr_luf            ; work         ;
;                      |cmpr_kkc:cmpr6|           ; 1 (1)               ; 0 (0)                     ; 0           ; 0            ; 0       ; 0         ; 0         ; 0    ; 0            ; |DE2_Standard|axis_controller:axis_controller|Tilt_board:tilt_y|moving_avg:moving_avg|altshift_taps:shift_reg_mem_rtl_0|shift_taps_r9n:auto_generated|cntr_luf:cntr1|cmpr_kkc:cmpr6 ; cmpr_kkc            ; work         ;
;          |synchronizer_chain:x_comp_sync|       ; 0 (0)               ; 3 (3)                     ; 0           ; 0            ; 0       ; 0         ; 0         ; 0    ; 0            ; |DE2_Standard|axis_controller:axis_controller|Tilt_board:tilt_y|synchronizer_chain:x_comp_sync                                                                                      ; synchronizer_chain  ; work         ;
;       |btnCtrl:btnCtrl|                         ; 304 (67)            ; 128 (23)                  ; 0           ; 0            ; 0       ; 0         ; 0         ; 0    ; 0            ; |DE2_Standard|axis_controller:axis_controller|btnCtrl:btnCtrl                                                                                                                       ; btnCtrl             ; work         ;
;          |debouncer:dbnc_decrement|             ; 79 (2)              ; 35 (1)                    ; 0           ; 0            ; 0       ; 0         ; 0         ; 0    ; 0            ; |DE2_Standard|axis_controller:axis_controller|btnCtrl:btnCtrl|debouncer:dbnc_decrement                                                                                              ; debouncer           ; work         ;
;             |periodical_strb_gen:strb_gen|      ; 77 (0)              ; 34 (1)                    ; 0           ; 0            ; 0       ; 0         ; 0         ; 0    ; 0            ; |DE2_Standard|axis_controller:axis_controller|btnCtrl:btnCtrl|debouncer:dbnc_decrement|periodical_strb_gen:strb_gen                                                                 ; periodical_strb_gen ; work         ;
;                |strobe_generator:strb_gen|      ; 77 (77)             ; 33 (33)                   ; 0           ; 0            ; 0       ; 0         ; 0         ; 0    ; 0            ; |DE2_Standard|axis_controller:axis_controller|btnCtrl:btnCtrl|debouncer:dbnc_decrement|periodical_strb_gen:strb_gen|strobe_generator:strb_gen                                       ; strobe_generator    ; work         ;
;          |debouncer:dbnc_increment|             ; 79 (2)              ; 35 (1)                    ; 0           ; 0            ; 0       ; 0         ; 0         ; 0    ; 0            ; |DE2_Standard|axis_controller:axis_controller|btnCtrl:btnCtrl|debouncer:dbnc_increment                                                                                              ; debouncer           ; work         ;
;             |periodical_strb_gen:strb_gen|      ; 77 (0)              ; 34 (1)                    ; 0           ; 0            ; 0       ; 0         ; 0         ; 0    ; 0            ; |DE2_Standard|axis_controller:axis_controller|btnCtrl:btnCtrl|debouncer:dbnc_increment|periodical_strb_gen:strb_gen                                                                 ; periodical_strb_gen ; work         ;
;                |strobe_generator:strb_gen|      ; 77 (77)             ; 33 (33)                   ; 0           ; 0            ; 0       ; 0         ; 0         ; 0    ; 0            ; |DE2_Standard|axis_controller:axis_controller|btnCtrl:btnCtrl|debouncer:dbnc_increment|periodical_strb_gen:strb_gen|strobe_generator:strb_gen                                       ; strobe_generator    ; work         ;
;          |debouncer:dbnc_switchTen|             ; 79 (2)              ; 35 (1)                    ; 0           ; 0            ; 0       ; 0         ; 0         ; 0    ; 0            ; |DE2_Standard|axis_controller:axis_controller|btnCtrl:btnCtrl|debouncer:dbnc_switchTen                                                                                              ; debouncer           ; work         ;
;             |periodical_strb_gen:strb_gen|      ; 77 (0)              ; 34 (1)                    ; 0           ; 0            ; 0       ; 0         ; 0         ; 0    ; 0            ; |DE2_Standard|axis_controller:axis_controller|btnCtrl:btnCtrl|debouncer:dbnc_switchTen|periodical_strb_gen:strb_gen                                                                 ; periodical_strb_gen ; work         ;
;                |strobe_generator:strb_gen|      ; 77 (77)             ; 33 (33)                   ; 0           ; 0            ; 0       ; 0         ; 0         ; 0    ; 0            ; |DE2_Standard|axis_controller:axis_controller|btnCtrl:btnCtrl|debouncer:dbnc_switchTen|periodical_strb_gen:strb_gen|strobe_generator:strb_gen                                       ; strobe_generator    ; work         ;
;       |cmd_proc:cmd_proc|                       ; 278 (201)           ; 126 (92)                  ; 2440        ; 0            ; 0       ; 0         ; 0         ; 0    ; 0            ; |DE2_Standard|axis_controller:axis_controller|cmd_proc:cmd_proc                                                                                                                     ; cmd_proc            ; work         ;
;          |command_rom:cmd_rom|                  ; 0 (0)               ; 0 (0)                     ; 2440        ; 0            ; 0       ; 0         ; 0         ; 0    ; 0            ; |DE2_Standard|axis_controller:axis_controller|cmd_proc:cmd_proc|command_rom:cmd_rom                                                                                                 ; command_rom         ; work         ;
;             |altsyncram:ROMMEM_rtl_0|           ; 0 (0)               ; 0 (0)                     ; 2440        ; 0            ; 0       ; 0         ; 0         ; 0    ; 0            ; |DE2_Standard|axis_controller:axis_controller|cmd_proc:cmd_proc|command_rom:cmd_rom|altsyncram:ROMMEM_rtl_0                                                                         ; altsyncram          ; work         ;
;                |altsyncram_vn71:auto_generated| ; 0 (0)               ; 0 (0)                     ; 2440        ; 0            ; 0       ; 0         ; 0         ; 0    ; 0            ; |DE2_Standard|axis_controller:axis_controller|cmd_proc:cmd_proc|command_rom:cmd_rom|altsyncram:ROMMEM_rtl_0|altsyncram_vn71:auto_generated                                          ; altsyncram_vn71     ; work         ;
;          |periodical_strb_gen:strb_gen|         ; 77 (0)              ; 34 (1)                    ; 0           ; 0            ; 0       ; 0         ; 0         ; 0    ; 0            ; |DE2_Standard|axis_controller:axis_controller|cmd_proc:cmd_proc|periodical_strb_gen:strb_gen                                                                                        ; periodical_strb_gen ; work         ;
;             |strobe_generator:strb_gen|         ; 77 (77)             ; 33 (33)                   ; 0           ; 0            ; 0       ; 0         ; 0         ; 0    ; 0            ; |DE2_Standard|axis_controller:axis_controller|cmd_proc:cmd_proc|periodical_strb_gen:strb_gen|strobe_generator:strb_gen                                                              ; strobe_generator    ; work         ;
;       |servo_controller:servoPwmX|              ; 59 (15)             ; 20 (0)                    ; 0           ; 3            ; 1       ; 1         ; 0         ; 0    ; 0            ; |DE2_Standard|axis_controller:axis_controller|servo_controller:servoPwmX                                                                                                            ; servo_controller    ; work         ;
;          |PWM:pwm|                              ; 42 (42)             ; 20 (20)                   ; 0           ; 0            ; 0       ; 0         ; 0         ; 0    ; 0            ; |DE2_Standard|axis_controller:axis_controller|servo_controller:servoPwmX|PWM:pwm                                                                                                    ; PWM                 ; work         ;
;          |lpm_mult:Mult0|                       ; 2 (0)               ; 0 (0)                     ; 0           ; 3            ; 1       ; 1         ; 0         ; 0    ; 0            ; |DE2_Standard|axis_controller:axis_controller|servo_controller:servoPwmX|lpm_mult:Mult0                                                                                             ; lpm_mult            ; work         ;
;             |mult_5jt:auto_generated|           ; 2 (2)               ; 0 (0)                     ; 0           ; 3            ; 1       ; 1         ; 0         ; 0    ; 0            ; |DE2_Standard|axis_controller:axis_controller|servo_controller:servoPwmX|lpm_mult:Mult0|mult_5jt:auto_generated                                                                     ; mult_5jt            ; work         ;
;       |servo_controller:servoPwmY|              ; 59 (15)             ; 20 (0)                    ; 0           ; 3            ; 1       ; 1         ; 0         ; 0    ; 0            ; |DE2_Standard|axis_controller:axis_controller|servo_controller:servoPwmY                                                                                                            ; servo_controller    ; work         ;
;          |PWM:pwm|                              ; 42 (42)             ; 20 (20)                   ; 0           ; 0            ; 0       ; 0         ; 0         ; 0    ; 0            ; |DE2_Standard|axis_controller:axis_controller|servo_controller:servoPwmY|PWM:pwm                                                                                                    ; PWM                 ; work         ;
;          |lpm_mult:Mult0|                       ; 2 (0)               ; 0 (0)                     ; 0           ; 3            ; 1       ; 1         ; 0         ; 0    ; 0            ; |DE2_Standard|axis_controller:axis_controller|servo_controller:servoPwmY|lpm_mult:Mult0                                                                                             ; lpm_mult            ; work         ;
;             |mult_5jt:auto_generated|           ; 2 (2)               ; 0 (0)                     ; 0           ; 3            ; 1       ; 1         ; 0         ; 0    ; 0            ; |DE2_Standard|axis_controller:axis_controller|servo_controller:servoPwmY|lpm_mult:Mult0|mult_5jt:auto_generated                                                                     ; mult_5jt            ; work         ;
;       |servo_controller:servoPwmZ|              ; 57 (14)             ; 20 (0)                    ; 0           ; 3            ; 1       ; 1         ; 0         ; 0    ; 0            ; |DE2_Standard|axis_controller:axis_controller|servo_controller:servoPwmZ                                                                                                            ; servo_controller    ; work         ;
;          |PWM:pwm|                              ; 41 (41)             ; 20 (20)                   ; 0           ; 0            ; 0       ; 0         ; 0         ; 0    ; 0            ; |DE2_Standard|axis_controller:axis_controller|servo_controller:servoPwmZ|PWM:pwm                                                                                                    ; PWM                 ; work         ;
;          |lpm_mult:Mult0|                       ; 2 (0)               ; 0 (0)                     ; 0           ; 3            ; 1       ; 1         ; 0         ; 0    ; 0            ; |DE2_Standard|axis_controller:axis_controller|servo_controller:servoPwmZ|lpm_mult:Mult0                                                                                             ; lpm_mult            ; work         ;
;             |mult_5jt:auto_generated|           ; 2 (2)               ; 0 (0)                     ; 0           ; 3            ; 1       ; 1         ; 0         ; 0    ; 0            ; |DE2_Standard|axis_controller:axis_controller|servo_controller:servoPwmZ|lpm_mult:Mult0|mult_5jt:auto_generated                                                                     ; mult_5jt            ; work         ;
;       |strbgen_K:drawK_strbgen|                 ; 1 (1)               ; 2 (2)                     ; 0           ; 0            ; 0       ; 0         ; 0         ; 0    ; 0            ; |DE2_Standard|axis_controller:axis_controller|strbgen_K:drawK_strbgen                                                                                                               ; strbgen_K           ; work         ;
;       |synchronizer_chain:sync1|                ; 0 (0)               ; 3 (3)                     ; 0           ; 0            ; 0       ; 0         ; 0         ; 0    ; 0            ; |DE2_Standard|axis_controller:axis_controller|synchronizer_chain:sync1                                                                                                              ; synchronizer_chain  ; work         ;
;       |synchronizer_chain:sync2|                ; 0 (0)               ; 3 (3)                     ; 0           ; 0            ; 0       ; 0         ; 0         ; 0    ; 0            ; |DE2_Standard|axis_controller:axis_controller|synchronizer_chain:sync2                                                                                                              ; synchronizer_chain  ; work         ;
;       |synchronizer_chain:sync3|                ; 0 (0)               ; 3 (3)                     ; 0           ; 0            ; 0       ; 0         ; 0         ; 0    ; 0            ; |DE2_Standard|axis_controller:axis_controller|synchronizer_chain:sync3                                                                                                              ; synchronizer_chain  ; work         ;
;       |synchronizer_chain:sync4|                ; 0 (0)               ; 3 (3)                     ; 0           ; 0            ; 0       ; 0         ; 0         ; 0    ; 0            ; |DE2_Standard|axis_controller:axis_controller|synchronizer_chain:sync4                                                                                                              ; synchronizer_chain  ; work         ;
;       |synchronizer_chain:sync5|                ; 0 (0)               ; 3 (3)                     ; 0           ; 0            ; 0       ; 0         ; 0         ; 0    ; 0            ; |DE2_Standard|axis_controller:axis_controller|synchronizer_chain:sync5                                                                                                              ; synchronizer_chain  ; work         ;
+-------------------------------------------------+---------------------+---------------------------+-------------+--------------+---------+-----------+-----------+------+--------------+-------------------------------------------------------------------------------------------------------------------------------------------------------------------------------------+---------------------+--------------+
Note: For table entries with two numbers listed, the numbers in parentheses indicate the number of resources of the given type used by the specific entity alone. The numbers listed outside of parentheses indicate the total resources of the given type used by the specific entity and all of its sub-entities in the hierarchy.


+--------------------------------------------------------------------------------------------------------------------------------------------------------------------------------------------------------------------------------------------------------------------------------------------------------------------------------+
; Analysis & Synthesis RAM Summary                                                                                                                                                                                                                                                                                               ;
+--------------------------------------------------------------------------------------------------------------------------------------------------------------------------------+------+------------------+--------------+--------------+--------------+--------------+------+--------------------------------------------------+
; Name                                                                                                                                                                           ; Type ; Mode             ; Port A Depth ; Port A Width ; Port B Depth ; Port B Width ; Size ; MIF                                              ;
+--------------------------------------------------------------------------------------------------------------------------------------------------------------------------------+------+------------------+--------------+--------------+--------------+--------------+------+--------------------------------------------------+
; axis_controller:axis_controller|Tilt_board:tilt_x|moving_avg:moving_avg|altshift_taps:shift_reg_mem_rtl_0|shift_taps_r9n:auto_generated|altsyncram_66b1:altsyncram2|ALTSYNCRAM ; AUTO ; Simple Dual Port ; 15           ; 8            ; 15           ; 8            ; 120  ; None                                             ;
; axis_controller:axis_controller|Tilt_board:tilt_y|moving_avg:moving_avg|altshift_taps:shift_reg_mem_rtl_0|shift_taps_r9n:auto_generated|altsyncram_66b1:altsyncram2|ALTSYNCRAM ; AUTO ; Simple Dual Port ; 15           ; 8            ; 15           ; 8            ; 120  ; None                                             ;
; axis_controller:axis_controller|cmd_proc:cmd_proc|command_rom:cmd_rom|altsyncram:ROMMEM_rtl_0|altsyncram_vn71:auto_generated|ALTSYNCRAM                                        ; AUTO ; ROM              ; 61           ; 40           ; --           ; --           ; 2440 ; db/HWDP_PR_DE2.ram0_command_rom_34420a2a.hdl.mif ;
+--------------------------------------------------------------------------------------------------------------------------------------------------------------------------------+------+------------------+--------------+--------------+--------------+--------------+------+--------------------------------------------------+


+-----------------------------------------------------+
; Analysis & Synthesis DSP Block Usage Summary        ;
+---------------------------------------+-------------+
; Statistic                             ; Number Used ;
+---------------------------------------+-------------+
; Simple Multipliers (9-bit)            ; 3           ;
; Simple Multipliers (18-bit)           ; 3           ;
; Simple Multipliers (36-bit)           ; 0           ;
; Multiply Accumulators (18-bit)        ; 0           ;
; Two-Multipliers Adders (9-bit)        ; 0           ;
; Two-Multipliers Adders (18-bit)       ; 0           ;
; Four-Multipliers Adders (9-bit)       ; 0           ;
; Four-Multipliers Adders (18-bit)      ; 0           ;
; Embedded Multiplier Blocks            ; --          ;
; Embedded Multiplier 9-bit elements    ; 9           ;
; Signed Embedded Multipliers           ; 0           ;
; Unsigned Embedded Multipliers         ; 6           ;
; Mixed Sign Embedded Multipliers       ; 0           ;
; Variable Sign Embedded Multipliers    ; 0           ;
; Dedicated Input Shift Register Chains ; 0           ;
+---------------------------------------+-------------+
Note: number of Embedded Multiplier Blocks used is only available after a successful fit.


Encoding Type:  One-Hot
+----------------------------------------------------------------------------------------------------------------------+
; State Machine - |DE2_Standard|axis_controller:axis_controller|cmd_proc:cmd_proc|fsm_state                            ;
+---------------------------+-------------------------+-------------------+---------------------------+----------------+
; Name                      ; fsm_state.WAIT_COMPLETE ; fsm_state.DRAWING ; fsm_state.WAIT_FOR_STROBE ; fsm_state.IDLE ;
+---------------------------+-------------------------+-------------------+---------------------------+----------------+
; fsm_state.IDLE            ; 0                       ; 0                 ; 0                         ; 0              ;
; fsm_state.WAIT_FOR_STROBE ; 0                       ; 0                 ; 1                         ; 1              ;
; fsm_state.DRAWING         ; 0                       ; 1                 ; 0                         ; 1              ;
; fsm_state.WAIT_COMPLETE   ; 1                       ; 0                 ; 0                         ; 1              ;
+---------------------------+-------------------------+-------------------+---------------------------+----------------+


Encoding Type:  One-Hot
+----------------------------------------------------------------------------------------------------------------------------+
; State Machine - |DE2_Standard|axis_controller:axis_controller|btnCtrl:btnCtrl|fsm_state                                    ;
+---------------------+--------------------+--------------------+---------------------+---------------------+----------------+
; Name                ; fsm_state.CALC_DEC ; fsm_state.CALC_INC ; fsm_state.DECREMENT ; fsm_state.INCREMENT ; fsm_state.IDLE ;
+---------------------+--------------------+--------------------+---------------------+---------------------+----------------+
; fsm_state.IDLE      ; 0                  ; 0                  ; 0                   ; 0                   ; 0              ;
; fsm_state.INCREMENT ; 0                  ; 0                  ; 0                   ; 1                   ; 1              ;
; fsm_state.DECREMENT ; 0                  ; 0                  ; 1                   ; 0                   ; 1              ;
; fsm_state.CALC_INC  ; 0                  ; 1                  ; 0                   ; 0                   ; 1              ;
; fsm_state.CALC_DEC  ; 1                  ; 0                  ; 0                   ; 0                   ; 1              ;
+---------------------+--------------------+--------------------+---------------------+---------------------+----------------+


+-----------------------------------------------------------------------------------------------------------------------------------------------------------------------------------------------------------------------------------------------------+
; Registers Removed During Synthesis                                                                                                                                                                                                                  ;
+--------------------------------------------------------------------------------------------------------------------+--------------------------------------------------------------------------------------------------------------------------------+
; Register name                                                                                                      ; Reason for Removal                                                                                                             ;
+--------------------------------------------------------------------------------------------------------------------+--------------------------------------------------------------------------------------------------------------------------------+
; axis_controller:axis_controller|Tilt_board:tilt_y|DeltaADC:adc|strobe_generator:strobe_gen|strb_o                  ; Merged with axis_controller:axis_controller|Tilt_board:tilt_x|DeltaADC:adc|strobe_generator:strobe_gen|strb_o                  ;
; axis_controller:axis_controller|cmd_proc:cmd_proc|z_value[1..3,11..13,17..19]                                      ; Merged with axis_controller:axis_controller|cmd_proc:cmd_proc|z_value[0]                                                       ;
; axis_controller:axis_controller|cmd_proc:cmd_proc|z_value[5,7,16]                                                  ; Merged with axis_controller:axis_controller|cmd_proc:cmd_proc|z_value[10]                                                      ;
; axis_controller:axis_controller|cmd_proc:cmd_proc|z_value[9]                                                       ; Merged with axis_controller:axis_controller|cmd_proc:cmd_proc|z_value[15]                                                      ;
; axis_controller:axis_controller|cmd_proc:cmd_proc|z_value[4,6,8]                                                   ; Merged with axis_controller:axis_controller|cmd_proc:cmd_proc|z_value[14]                                                      ;
; axis_controller:axis_controller|Tilt_board:tilt_y|DeltaADC:adc|strobe_generator:strobe_gen|strb_val                ; Merged with axis_controller:axis_controller|Tilt_board:tilt_x|DeltaADC:adc|strobe_generator:strobe_gen|strb_val                ;
; axis_controller:axis_controller|Tilt_board:tilt_y|DeltaADC:adc|strobe_generator:strobe_gen|cycles_until_strobe[30] ; Merged with axis_controller:axis_controller|Tilt_board:tilt_x|DeltaADC:adc|strobe_generator:strobe_gen|cycles_until_strobe[30] ;
; axis_controller:axis_controller|Tilt_board:tilt_y|DeltaADC:adc|strobe_generator:strobe_gen|cycles_until_strobe[29] ; Merged with axis_controller:axis_controller|Tilt_board:tilt_x|DeltaADC:adc|strobe_generator:strobe_gen|cycles_until_strobe[29] ;
; axis_controller:axis_controller|Tilt_board:tilt_y|DeltaADC:adc|strobe_generator:strobe_gen|cycles_until_strobe[28] ; Merged with axis_controller:axis_controller|Tilt_board:tilt_x|DeltaADC:adc|strobe_generator:strobe_gen|cycles_until_strobe[28] ;
; axis_controller:axis_controller|Tilt_board:tilt_y|DeltaADC:adc|strobe_generator:strobe_gen|cycles_until_strobe[27] ; Merged with axis_controller:axis_controller|Tilt_board:tilt_x|DeltaADC:adc|strobe_generator:strobe_gen|cycles_until_strobe[27] ;
; axis_controller:axis_controller|Tilt_board:tilt_y|DeltaADC:adc|strobe_generator:strobe_gen|cycles_until_strobe[26] ; Merged with axis_controller:axis_controller|Tilt_board:tilt_x|DeltaADC:adc|strobe_generator:strobe_gen|cycles_until_strobe[26] ;
; axis_controller:axis_controller|Tilt_board:tilt_y|DeltaADC:adc|strobe_generator:strobe_gen|cycles_until_strobe[25] ; Merged with axis_controller:axis_controller|Tilt_board:tilt_x|DeltaADC:adc|strobe_generator:strobe_gen|cycles_until_strobe[25] ;
; axis_controller:axis_controller|Tilt_board:tilt_y|DeltaADC:adc|strobe_generator:strobe_gen|cycles_until_strobe[24] ; Merged with axis_controller:axis_controller|Tilt_board:tilt_x|DeltaADC:adc|strobe_generator:strobe_gen|cycles_until_strobe[24] ;
; axis_controller:axis_controller|Tilt_board:tilt_y|DeltaADC:adc|strobe_generator:strobe_gen|cycles_until_strobe[23] ; Merged with axis_controller:axis_controller|Tilt_board:tilt_x|DeltaADC:adc|strobe_generator:strobe_gen|cycles_until_strobe[23] ;
; axis_controller:axis_controller|Tilt_board:tilt_y|DeltaADC:adc|strobe_generator:strobe_gen|cycles_until_strobe[22] ; Merged with axis_controller:axis_controller|Tilt_board:tilt_x|DeltaADC:adc|strobe_generator:strobe_gen|cycles_until_strobe[22] ;
; axis_controller:axis_controller|Tilt_board:tilt_y|DeltaADC:adc|strobe_generator:strobe_gen|cycles_until_strobe[21] ; Merged with axis_controller:axis_controller|Tilt_board:tilt_x|DeltaADC:adc|strobe_generator:strobe_gen|cycles_until_strobe[21] ;
; axis_controller:axis_controller|Tilt_board:tilt_y|DeltaADC:adc|strobe_generator:strobe_gen|cycles_until_strobe[20] ; Merged with axis_controller:axis_controller|Tilt_board:tilt_x|DeltaADC:adc|strobe_generator:strobe_gen|cycles_until_strobe[20] ;
; axis_controller:axis_controller|Tilt_board:tilt_y|DeltaADC:adc|strobe_generator:strobe_gen|cycles_until_strobe[15] ; Merged with axis_controller:axis_controller|Tilt_board:tilt_x|DeltaADC:adc|strobe_generator:strobe_gen|cycles_until_strobe[15] ;
; axis_controller:axis_controller|Tilt_board:tilt_y|DeltaADC:adc|strobe_generator:strobe_gen|cycles_until_strobe[13] ; Merged with axis_controller:axis_controller|Tilt_board:tilt_x|DeltaADC:adc|strobe_generator:strobe_gen|cycles_until_strobe[13] ;
; axis_controller:axis_controller|Tilt_board:tilt_y|DeltaADC:adc|strobe_generator:strobe_gen|cycles_until_strobe[12] ; Merged with axis_controller:axis_controller|Tilt_board:tilt_x|DeltaADC:adc|strobe_generator:strobe_gen|cycles_until_strobe[12] ;
; axis_controller:axis_controller|Tilt_board:tilt_y|DeltaADC:adc|strobe_generator:strobe_gen|cycles_until_strobe[11] ; Merged with axis_controller:axis_controller|Tilt_board:tilt_x|DeltaADC:adc|strobe_generator:strobe_gen|cycles_until_strobe[11] ;
; axis_controller:axis_controller|Tilt_board:tilt_y|DeltaADC:adc|strobe_generator:strobe_gen|cycles_until_strobe[10] ; Merged with axis_controller:axis_controller|Tilt_board:tilt_x|DeltaADC:adc|strobe_generator:strobe_gen|cycles_until_strobe[10] ;
; axis_controller:axis_controller|Tilt_board:tilt_y|DeltaADC:adc|strobe_generator:strobe_gen|cycles_until_strobe[8]  ; Merged with axis_controller:axis_controller|Tilt_board:tilt_x|DeltaADC:adc|strobe_generator:strobe_gen|cycles_until_strobe[8]  ;
; axis_controller:axis_controller|Tilt_board:tilt_y|DeltaADC:adc|strobe_generator:strobe_gen|cycles_until_strobe[7]  ; Merged with axis_controller:axis_controller|Tilt_board:tilt_x|DeltaADC:adc|strobe_generator:strobe_gen|cycles_until_strobe[7]  ;
; axis_controller:axis_controller|Tilt_board:tilt_y|DeltaADC:adc|strobe_generator:strobe_gen|cycles_until_strobe[6]  ; Merged with axis_controller:axis_controller|Tilt_board:tilt_x|DeltaADC:adc|strobe_generator:strobe_gen|cycles_until_strobe[6]  ;
; axis_controller:axis_controller|Tilt_board:tilt_y|DeltaADC:adc|strobe_generator:strobe_gen|cycles_until_strobe[19] ; Merged with axis_controller:axis_controller|Tilt_board:tilt_x|DeltaADC:adc|strobe_generator:strobe_gen|cycles_until_strobe[19] ;
; axis_controller:axis_controller|Tilt_board:tilt_y|DeltaADC:adc|strobe_generator:strobe_gen|cycles_until_strobe[18] ; Merged with axis_controller:axis_controller|Tilt_board:tilt_x|DeltaADC:adc|strobe_generator:strobe_gen|cycles_until_strobe[18] ;
; axis_controller:axis_controller|Tilt_board:tilt_y|DeltaADC:adc|strobe_generator:strobe_gen|cycles_until_strobe[17] ; Merged with axis_controller:axis_controller|Tilt_board:tilt_x|DeltaADC:adc|strobe_generator:strobe_gen|cycles_until_strobe[17] ;
; axis_controller:axis_controller|Tilt_board:tilt_y|DeltaADC:adc|strobe_generator:strobe_gen|cycles_until_strobe[16] ; Merged with axis_controller:axis_controller|Tilt_board:tilt_x|DeltaADC:adc|strobe_generator:strobe_gen|cycles_until_strobe[16] ;
; axis_controller:axis_controller|Tilt_board:tilt_y|DeltaADC:adc|strobe_generator:strobe_gen|cycles_until_strobe[14] ; Merged with axis_controller:axis_controller|Tilt_board:tilt_x|DeltaADC:adc|strobe_generator:strobe_gen|cycles_until_strobe[14] ;
; axis_controller:axis_controller|Tilt_board:tilt_y|DeltaADC:adc|strobe_generator:strobe_gen|cycles_until_strobe[9]  ; Merged with axis_controller:axis_controller|Tilt_board:tilt_x|DeltaADC:adc|strobe_generator:strobe_gen|cycles_until_strobe[9]  ;
; axis_controller:axis_controller|Tilt_board:tilt_y|DeltaADC:adc|strobe_generator:strobe_gen|cycles_until_strobe[5]  ; Merged with axis_controller:axis_controller|Tilt_board:tilt_x|DeltaADC:adc|strobe_generator:strobe_gen|cycles_until_strobe[5]  ;
; axis_controller:axis_controller|Tilt_board:tilt_y|DeltaADC:adc|strobe_generator:strobe_gen|cycles_until_strobe[4]  ; Merged with axis_controller:axis_controller|Tilt_board:tilt_x|DeltaADC:adc|strobe_generator:strobe_gen|cycles_until_strobe[4]  ;
; axis_controller:axis_controller|Tilt_board:tilt_y|DeltaADC:adc|strobe_generator:strobe_gen|cycles_until_strobe[3]  ; Merged with axis_controller:axis_controller|Tilt_board:tilt_x|DeltaADC:adc|strobe_generator:strobe_gen|cycles_until_strobe[3]  ;
; axis_controller:axis_controller|Tilt_board:tilt_y|DeltaADC:adc|strobe_generator:strobe_gen|cycles_until_strobe[2]  ; Merged with axis_controller:axis_controller|Tilt_board:tilt_x|DeltaADC:adc|strobe_generator:strobe_gen|cycles_until_strobe[2]  ;
; axis_controller:axis_controller|Tilt_board:tilt_y|DeltaADC:adc|strobe_generator:strobe_gen|cycles_until_strobe[1]  ; Merged with axis_controller:axis_controller|Tilt_board:tilt_x|DeltaADC:adc|strobe_generator:strobe_gen|cycles_until_strobe[1]  ;
; axis_controller:axis_controller|Tilt_board:tilt_y|DeltaADC:adc|strobe_generator:strobe_gen|cycles_until_strobe[0]  ; Merged with axis_controller:axis_controller|Tilt_board:tilt_x|DeltaADC:adc|strobe_generator:strobe_gen|cycles_until_strobe[0]  ;
; axis_controller:axis_controller|cmd_proc:cmd_proc|z_value[0]                                                       ; Stuck at GND due to stuck port data_in                                                                                         ;
; axis_controller:axis_controller|cmd_proc:cmd_proc|z_value[15]                                                      ; Stuck at VCC due to stuck port data_in                                                                                         ;
; Total Number of Removed Registers = 51                                                                             ;                                                                                                                                ;
+--------------------------------------------------------------------------------------------------------------------+--------------------------------------------------------------------------------------------------------------------------------+


+------------------------------------------------------+
; General Register Statistics                          ;
+----------------------------------------------+-------+
; Statistic                                    ; Value ;
+----------------------------------------------+-------+
; Total registers                              ; 480   ;
; Number of registers using Synchronous Clear  ; 76    ;
; Number of registers using Synchronous Load   ; 16    ;
; Number of registers using Asynchronous Clear ; 424   ;
; Number of registers using Asynchronous Load  ; 0     ;
; Number of registers using Clock Enable       ; 130   ;
; Number of registers using Preset             ; 0     ;
+----------------------------------------------+-------+


+-------------------------------------------------------------------------------------------------------------------------------------------------------------------+
; Inverted Register Statistics                                                                                                                                      ;
+---------------------------------------------------------------------------------------------------------------------------------------------------------+---------+
; Inverted Register                                                                                                                                       ; Fan out ;
+---------------------------------------------------------------------------------------------------------------------------------------------------------+---------+
; axis_controller:axis_controller|cmd_proc:cmd_proc|r_sum[6]                                                                                              ; 2       ;
; axis_controller:axis_controller|cmd_proc:cmd_proc|r_sum[4]                                                                                              ; 2       ;
; axis_controller:axis_controller|cmd_proc:cmd_proc|theta_sum[6]                                                                                          ; 2       ;
; axis_controller:axis_controller|cmd_proc:cmd_proc|theta_sum[5]                                                                                          ; 2       ;
; axis_controller:axis_controller|cmd_proc:cmd_proc|theta_sum[4]                                                                                          ; 2       ;
; axis_controller:axis_controller|Tilt_board:tilt_x|moving_avg:moving_avg|altshift_taps:shift_reg_mem_rtl_0|shift_taps_r9n:auto_generated|dffe4           ; 8       ;
; axis_controller:axis_controller|btnCtrl:btnCtrl|adc_value_o[5]                                                                                          ; 3       ;
; axis_controller:axis_controller|btnCtrl:btnCtrl|adc_value_o[2]                                                                                          ; 3       ;
; axis_controller:axis_controller|btnCtrl:btnCtrl|adc_value_o[1]                                                                                          ; 3       ;
; axis_controller:axis_controller|btnCtrl:btnCtrl|adc_value_o[4]                                                                                          ; 3       ;
; axis_controller:axis_controller|btnCtrl:btnCtrl|adc_value_o[3]                                                                                          ; 3       ;
; axis_controller:axis_controller|Tilt_board:tilt_y|moving_avg:moving_avg|altshift_taps:shift_reg_mem_rtl_0|shift_taps_r9n:auto_generated|dffe4           ; 8       ;
; axis_controller:axis_controller|btnCtrl:btnCtrl|adc_value[5]                                                                                            ; 6       ;
; axis_controller:axis_controller|btnCtrl:btnCtrl|adc_value[2]                                                                                            ; 6       ;
; axis_controller:axis_controller|btnCtrl:btnCtrl|adc_value[1]                                                                                            ; 6       ;
; axis_controller:axis_controller|btnCtrl:btnCtrl|adc_value[4]                                                                                            ; 6       ;
; axis_controller:axis_controller|btnCtrl:btnCtrl|adc_value[3]                                                                                            ; 6       ;
; axis_controller:axis_controller|Tilt_board:tilt_x|DeltaADC:adc|strobe_generator:strobe_gen|cycles_until_strobe[19]                                      ; 3       ;
; axis_controller:axis_controller|Tilt_board:tilt_x|DeltaADC:adc|strobe_generator:strobe_gen|cycles_until_strobe[18]                                      ; 3       ;
; axis_controller:axis_controller|Tilt_board:tilt_x|DeltaADC:adc|strobe_generator:strobe_gen|cycles_until_strobe[17]                                      ; 3       ;
; axis_controller:axis_controller|Tilt_board:tilt_x|DeltaADC:adc|strobe_generator:strobe_gen|cycles_until_strobe[16]                                      ; 3       ;
; axis_controller:axis_controller|Tilt_board:tilt_x|DeltaADC:adc|strobe_generator:strobe_gen|cycles_until_strobe[14]                                      ; 3       ;
; axis_controller:axis_controller|Tilt_board:tilt_x|DeltaADC:adc|strobe_generator:strobe_gen|cycles_until_strobe[9]                                       ; 3       ;
; axis_controller:axis_controller|Tilt_board:tilt_x|DeltaADC:adc|strobe_generator:strobe_gen|cycles_until_strobe[5]                                       ; 3       ;
; axis_controller:axis_controller|Tilt_board:tilt_x|DeltaADC:adc|strobe_generator:strobe_gen|cycles_until_strobe[4]                                       ; 3       ;
; axis_controller:axis_controller|Tilt_board:tilt_x|DeltaADC:adc|strobe_generator:strobe_gen|cycles_until_strobe[3]                                       ; 3       ;
; axis_controller:axis_controller|Tilt_board:tilt_x|DeltaADC:adc|strobe_generator:strobe_gen|cycles_until_strobe[2]                                       ; 3       ;
; axis_controller:axis_controller|Tilt_board:tilt_x|DeltaADC:adc|strobe_generator:strobe_gen|cycles_until_strobe[1]                                       ; 3       ;
; axis_controller:axis_controller|Tilt_board:tilt_x|DeltaADC:adc|strobe_generator:strobe_gen|cycles_until_strobe[0]                                       ; 4       ;
; axis_controller:axis_controller|cmd_proc:cmd_proc|r_sum[8]                                                                                              ; 2       ;
; axis_controller:axis_controller|cmd_proc:cmd_proc|r_sum[9]                                                                                              ; 2       ;
; axis_controller:axis_controller|cmd_proc:cmd_proc|r_sum[14]                                                                                             ; 2       ;
; axis_controller:axis_controller|cmd_proc:cmd_proc|r_sum[15]                                                                                             ; 2       ;
; axis_controller:axis_controller|cmd_proc:cmd_proc|theta_sum[10]                                                                                         ; 2       ;
; axis_controller:axis_controller|cmd_proc:cmd_proc|theta_sum[13]                                                                                         ; 2       ;
; axis_controller:axis_controller|cmd_proc:cmd_proc|theta_sum[14]                                                                                         ; 2       ;
; axis_controller:axis_controller|cmd_proc:cmd_proc|theta_sum[19]                                                                                         ; 2       ;
; axis_controller:axis_controller|cmd_proc:cmd_proc|z_value[10]                                                                                           ; 3       ;
; axis_controller:axis_controller|cmd_proc:cmd_proc|periodical_strb_gen:strb_gen|sync_rst                                                                 ; 33      ;
; axis_controller:axis_controller|btnCtrl:btnCtrl|debouncer:dbnc_increment|periodical_strb_gen:strb_gen|sync_rst                                          ; 33      ;
; axis_controller:axis_controller|btnCtrl:btnCtrl|debouncer:dbnc_decrement|periodical_strb_gen:strb_gen|sync_rst                                          ; 33      ;
; axis_controller:axis_controller|cmd_proc:cmd_proc|periodical_strb_gen:strb_gen|strobe_generator:strb_gen|cycles_until_strobe[19]                        ; 3       ;
; axis_controller:axis_controller|cmd_proc:cmd_proc|periodical_strb_gen:strb_gen|strobe_generator:strb_gen|cycles_until_strobe[18]                        ; 3       ;
; axis_controller:axis_controller|cmd_proc:cmd_proc|periodical_strb_gen:strb_gen|strobe_generator:strb_gen|cycles_until_strobe[17]                        ; 3       ;
; axis_controller:axis_controller|cmd_proc:cmd_proc|periodical_strb_gen:strb_gen|strobe_generator:strb_gen|cycles_until_strobe[16]                        ; 3       ;
; axis_controller:axis_controller|cmd_proc:cmd_proc|periodical_strb_gen:strb_gen|strobe_generator:strb_gen|cycles_until_strobe[14]                        ; 3       ;
; axis_controller:axis_controller|cmd_proc:cmd_proc|periodical_strb_gen:strb_gen|strobe_generator:strb_gen|cycles_until_strobe[9]                         ; 3       ;
; axis_controller:axis_controller|cmd_proc:cmd_proc|periodical_strb_gen:strb_gen|strobe_generator:strb_gen|cycles_until_strobe[5]                         ; 3       ;
; axis_controller:axis_controller|cmd_proc:cmd_proc|periodical_strb_gen:strb_gen|strobe_generator:strb_gen|cycles_until_strobe[4]                         ; 3       ;
; axis_controller:axis_controller|cmd_proc:cmd_proc|periodical_strb_gen:strb_gen|strobe_generator:strb_gen|cycles_until_strobe[3]                         ; 3       ;
; axis_controller:axis_controller|cmd_proc:cmd_proc|periodical_strb_gen:strb_gen|strobe_generator:strb_gen|cycles_until_strobe[2]                         ; 3       ;
; axis_controller:axis_controller|cmd_proc:cmd_proc|periodical_strb_gen:strb_gen|strobe_generator:strb_gen|cycles_until_strobe[1]                         ; 3       ;
; axis_controller:axis_controller|cmd_proc:cmd_proc|periodical_strb_gen:strb_gen|strobe_generator:strb_gen|cycles_until_strobe[0]                         ; 4       ;
; axis_controller:axis_controller|btnCtrl:btnCtrl|debouncer:dbnc_switchTen|periodical_strb_gen:strb_gen|sync_rst                                          ; 33      ;
; axis_controller:axis_controller|btnCtrl:btnCtrl|debouncer:dbnc_increment|periodical_strb_gen:strb_gen|strobe_generator:strb_gen|cycles_until_strobe[19] ; 3       ;
; axis_controller:axis_controller|btnCtrl:btnCtrl|debouncer:dbnc_increment|periodical_strb_gen:strb_gen|strobe_generator:strb_gen|cycles_until_strobe[18] ; 3       ;
; axis_controller:axis_controller|btnCtrl:btnCtrl|debouncer:dbnc_increment|periodical_strb_gen:strb_gen|strobe_generator:strb_gen|cycles_until_strobe[17] ; 3       ;
; axis_controller:axis_controller|btnCtrl:btnCtrl|debouncer:dbnc_increment|periodical_strb_gen:strb_gen|strobe_generator:strb_gen|cycles_until_strobe[16] ; 3       ;
; axis_controller:axis_controller|btnCtrl:btnCtrl|debouncer:dbnc_increment|periodical_strb_gen:strb_gen|strobe_generator:strb_gen|cycles_until_strobe[14] ; 3       ;
; axis_controller:axis_controller|btnCtrl:btnCtrl|debouncer:dbnc_increment|periodical_strb_gen:strb_gen|strobe_generator:strb_gen|cycles_until_strobe[9]  ; 3       ;
; axis_controller:axis_controller|btnCtrl:btnCtrl|debouncer:dbnc_increment|periodical_strb_gen:strb_gen|strobe_generator:strb_gen|cycles_until_strobe[5]  ; 3       ;
; axis_controller:axis_controller|btnCtrl:btnCtrl|debouncer:dbnc_increment|periodical_strb_gen:strb_gen|strobe_generator:strb_gen|cycles_until_strobe[4]  ; 3       ;
; axis_controller:axis_controller|btnCtrl:btnCtrl|debouncer:dbnc_increment|periodical_strb_gen:strb_gen|strobe_generator:strb_gen|cycles_until_strobe[3]  ; 3       ;
; axis_controller:axis_controller|btnCtrl:btnCtrl|debouncer:dbnc_increment|periodical_strb_gen:strb_gen|strobe_generator:strb_gen|cycles_until_strobe[2]  ; 3       ;
; axis_controller:axis_controller|btnCtrl:btnCtrl|debouncer:dbnc_increment|periodical_strb_gen:strb_gen|strobe_generator:strb_gen|cycles_until_strobe[1]  ; 3       ;
; axis_controller:axis_controller|btnCtrl:btnCtrl|debouncer:dbnc_increment|periodical_strb_gen:strb_gen|strobe_generator:strb_gen|cycles_until_strobe[0]  ; 4       ;
; axis_controller:axis_controller|btnCtrl:btnCtrl|debouncer:dbnc_decrement|periodical_strb_gen:strb_gen|strobe_generator:strb_gen|cycles_until_strobe[19] ; 3       ;
; axis_controller:axis_controller|btnCtrl:btnCtrl|debouncer:dbnc_decrement|periodical_strb_gen:strb_gen|strobe_generator:strb_gen|cycles_until_strobe[18] ; 3       ;
; axis_controller:axis_controller|btnCtrl:btnCtrl|debouncer:dbnc_decrement|periodical_strb_gen:strb_gen|strobe_generator:strb_gen|cycles_until_strobe[17] ; 3       ;
; axis_controller:axis_controller|btnCtrl:btnCtrl|debouncer:dbnc_decrement|periodical_strb_gen:strb_gen|strobe_generator:strb_gen|cycles_until_strobe[16] ; 3       ;
; axis_controller:axis_controller|btnCtrl:btnCtrl|debouncer:dbnc_decrement|periodical_strb_gen:strb_gen|strobe_generator:strb_gen|cycles_until_strobe[14] ; 3       ;
; axis_controller:axis_controller|btnCtrl:btnCtrl|debouncer:dbnc_decrement|periodical_strb_gen:strb_gen|strobe_generator:strb_gen|cycles_until_strobe[9]  ; 3       ;
; axis_controller:axis_controller|btnCtrl:btnCtrl|debouncer:dbnc_decrement|periodical_strb_gen:strb_gen|strobe_generator:strb_gen|cycles_until_strobe[5]  ; 3       ;
; axis_controller:axis_controller|btnCtrl:btnCtrl|debouncer:dbnc_decrement|periodical_strb_gen:strb_gen|strobe_generator:strb_gen|cycles_until_strobe[4]  ; 3       ;
; axis_controller:axis_controller|btnCtrl:btnCtrl|debouncer:dbnc_decrement|periodical_strb_gen:strb_gen|strobe_generator:strb_gen|cycles_until_strobe[3]  ; 3       ;
; axis_controller:axis_controller|btnCtrl:btnCtrl|debouncer:dbnc_decrement|periodical_strb_gen:strb_gen|strobe_generator:strb_gen|cycles_until_strobe[2]  ; 3       ;
; axis_controller:axis_controller|btnCtrl:btnCtrl|debouncer:dbnc_decrement|periodical_strb_gen:strb_gen|strobe_generator:strb_gen|cycles_until_strobe[1]  ; 3       ;
; axis_controller:axis_controller|btnCtrl:btnCtrl|debouncer:dbnc_decrement|periodical_strb_gen:strb_gen|strobe_generator:strb_gen|cycles_until_strobe[0]  ; 4       ;
; axis_controller:axis_controller|btnCtrl:btnCtrl|debouncer:dbnc_switchTen|periodical_strb_gen:strb_gen|strobe_generator:strb_gen|cycles_until_strobe[19] ; 3       ;
; axis_controller:axis_controller|btnCtrl:btnCtrl|debouncer:dbnc_switchTen|periodical_strb_gen:strb_gen|strobe_generator:strb_gen|cycles_until_strobe[18] ; 3       ;
; axis_controller:axis_controller|btnCtrl:btnCtrl|debouncer:dbnc_switchTen|periodical_strb_gen:strb_gen|strobe_generator:strb_gen|cycles_until_strobe[17] ; 3       ;
; axis_controller:axis_controller|btnCtrl:btnCtrl|debouncer:dbnc_switchTen|periodical_strb_gen:strb_gen|strobe_generator:strb_gen|cycles_until_strobe[16] ; 3       ;
; axis_controller:axis_controller|btnCtrl:btnCtrl|debouncer:dbnc_switchTen|periodical_strb_gen:strb_gen|strobe_generator:strb_gen|cycles_until_strobe[14] ; 3       ;
; axis_controller:axis_controller|btnCtrl:btnCtrl|debouncer:dbnc_switchTen|periodical_strb_gen:strb_gen|strobe_generator:strb_gen|cycles_until_strobe[9]  ; 3       ;
; axis_controller:axis_controller|btnCtrl:btnCtrl|debouncer:dbnc_switchTen|periodical_strb_gen:strb_gen|strobe_generator:strb_gen|cycles_until_strobe[5]  ; 3       ;
; axis_controller:axis_controller|btnCtrl:btnCtrl|debouncer:dbnc_switchTen|periodical_strb_gen:strb_gen|strobe_generator:strb_gen|cycles_until_strobe[4]  ; 3       ;
; axis_controller:axis_controller|btnCtrl:btnCtrl|debouncer:dbnc_switchTen|periodical_strb_gen:strb_gen|strobe_generator:strb_gen|cycles_until_strobe[3]  ; 3       ;
; axis_controller:axis_controller|btnCtrl:btnCtrl|debouncer:dbnc_switchTen|periodical_strb_gen:strb_gen|strobe_generator:strb_gen|cycles_until_strobe[2]  ; 3       ;
; axis_controller:axis_controller|btnCtrl:btnCtrl|debouncer:dbnc_switchTen|periodical_strb_gen:strb_gen|strobe_generator:strb_gen|cycles_until_strobe[1]  ; 3       ;
; axis_controller:axis_controller|btnCtrl:btnCtrl|debouncer:dbnc_switchTen|periodical_strb_gen:strb_gen|strobe_generator:strb_gen|cycles_until_strobe[0]  ; 4       ;
; Total number of inverted registers = 90                                                                                                                 ;         ;
+---------------------------------------------------------------------------------------------------------------------------------------------------------+---------+


+---------------------------------------------------------------------------------------------------------------------------------------------------------------------------------------------------------------+
; Registers Packed Into Inferred Megafunctions                                                                                                                                                                  ;
+----------------------------------------------------------------------------------------------------+---------------------------------------------------------------------------------------------+------------+
; Register Name                                                                                      ; Megafunction                                                                                ; Type       ;
+----------------------------------------------------------------------------------------------------+---------------------------------------------------------------------------------------------+------------+
; axis_controller:axis_controller|cmd_proc:cmd_proc|command_rom:cmd_rom|data_o[0..39]                ; axis_controller:axis_controller|cmd_proc:cmd_proc|command_rom:cmd_rom|ROMMEM_rtl_0          ; RAM        ;
; axis_controller:axis_controller|Tilt_board:tilt_x|moving_avg:moving_avg|shift_reg_mem[0..16][0..7] ; axis_controller:axis_controller|Tilt_board:tilt_x|moving_avg:moving_avg|shift_reg_mem_rtl_0 ; SHIFT_TAPS ;
; axis_controller:axis_controller|Tilt_board:tilt_y|moving_avg:moving_avg|shift_reg_mem[0..16][0..7] ; axis_controller:axis_controller|Tilt_board:tilt_y|moving_avg:moving_avg|shift_reg_mem_rtl_0 ; SHIFT_TAPS ;
+----------------------------------------------------------------------------------------------------+---------------------------------------------------------------------------------------------+------------+


+---------------------------------------------------------------------------------------------------------------------------------------------------------------------------------------------------------------+
; Multiplexer Restructuring Statistics (Restructuring Performed)                                                                                                                                                ;
+--------------------+-----------+---------------+----------------------+------------------------+------------+-------------------------------------------------------------------------------------------------+
; Multiplexer Inputs ; Bus Width ; Baseline Area ; Area if Restructured ; Saving if Restructured ; Registered ; Example Multiplexer Output                                                                      ;
+--------------------+-----------+---------------+----------------------+------------------------+------------+-------------------------------------------------------------------------------------------------+
; 4:1                ; 8 bits    ; 16 LEs        ; 16 LEs               ; 0 LEs                  ; Yes        ; |DE2_Standard|axis_controller:axis_controller|Tilt_board:tilt_x|DeltaADC:adc|counter_value[5]   ;
; 4:1                ; 8 bits    ; 16 LEs        ; 16 LEs               ; 0 LEs                  ; Yes        ; |DE2_Standard|axis_controller:axis_controller|Tilt_board:tilt_y|DeltaADC:adc|counter_value[1]   ;
; 5:1                ; 3 bits    ; 9 LEs         ; 6 LEs                ; 3 LEs                  ; Yes        ; |DE2_Standard|axis_controller:axis_controller|btnCtrl:btnCtrl|adc_value[7]                      ;
; 3:1                ; 13 bits   ; 26 LEs        ; 13 LEs               ; 13 LEs                 ; Yes        ; |DE2_Standard|axis_controller:axis_controller|cmd_proc:cmd_proc|r_sum[8]                        ;
; 5:1                ; 5 bits    ; 15 LEs        ; 10 LEs               ; 5 LEs                  ; Yes        ; |DE2_Standard|axis_controller:axis_controller|btnCtrl:btnCtrl|adc_value[3]                      ;
; 3:1                ; 8 bits    ; 16 LEs        ; 16 LEs               ; 0 LEs                  ; No         ; |DE2_Standard|axis_controller:axis_controller|Tilt_board:tilt_x|DeltaADC:adc|next_counter_value ;
; 6:1                ; 2 bits    ; 8 LEs         ; 6 LEs                ; 2 LEs                  ; No         ; |DE2_Standard|axis_controller:axis_controller|cmd_proc:cmd_proc|Selector106                     ;
; 8:1                ; 3 bits    ; 15 LEs        ; 9 LEs                ; 6 LEs                  ; No         ; |DE2_Standard|axis_controller:axis_controller|btnCtrl:btnCtrl|Selector4                         ;
; 9:1                ; 2 bits    ; 12 LEs        ; 4 LEs                ; 8 LEs                  ; No         ; |DE2_Standard|axis_controller:axis_controller|btnCtrl:btnCtrl|Selector2                         ;
+--------------------+-----------+---------------+----------------------+------------------------+------------+-------------------------------------------------------------------------------------------------+


+-----------------------------------------------------------------------------------------------------------------------------------------------------+
; Source assignments for axis_controller:axis_controller|cmd_proc:cmd_proc|command_rom:cmd_rom|altsyncram:ROMMEM_rtl_0|altsyncram_vn71:auto_generated ;
+---------------------------------+--------------------+------+---------------------------------------------------------------------------------------+
; Assignment                      ; Value              ; From ; To                                                                                    ;
+---------------------------------+--------------------+------+---------------------------------------------------------------------------------------+
; OPTIMIZE_POWER_DURING_SYNTHESIS ; NORMAL_COMPILATION ; -    ; -                                                                                     ;
+---------------------------------+--------------------+------+---------------------------------------------------------------------------------------+


+--------------------------------------------------------------------------------------------------------------------------------------------------------------------------------------------+
; Source assignments for axis_controller:axis_controller|Tilt_board:tilt_x|moving_avg:moving_avg|altshift_taps:shift_reg_mem_rtl_0|shift_taps_r9n:auto_generated|altsyncram_66b1:altsyncram2 ;
+---------------------------------+--------------------+------+------------------------------------------------------------------------------------------------------------------------------+
; Assignment                      ; Value              ; From ; To                                                                                                                           ;
+---------------------------------+--------------------+------+------------------------------------------------------------------------------------------------------------------------------+
; OPTIMIZE_POWER_DURING_SYNTHESIS ; NORMAL_COMPILATION ; -    ; -                                                                                                                            ;
+---------------------------------+--------------------+------+------------------------------------------------------------------------------------------------------------------------------+


+--------------------------------------------------------------------------------------------------------------------------------------------------------------------------------------------+
; Source assignments for axis_controller:axis_controller|Tilt_board:tilt_y|moving_avg:moving_avg|altshift_taps:shift_reg_mem_rtl_0|shift_taps_r9n:auto_generated|altsyncram_66b1:altsyncram2 ;
+---------------------------------+--------------------+------+------------------------------------------------------------------------------------------------------------------------------+
; Assignment                      ; Value              ; From ; To                                                                                                                           ;
+---------------------------------+--------------------+------+------------------------------------------------------------------------------------------------------------------------------+
; OPTIMIZE_POWER_DURING_SYNTHESIS ; NORMAL_COMPILATION ; -    ; -                                                                                                                            ;
+---------------------------------+--------------------+------+------------------------------------------------------------------------------------------------------------------------------+


+-------------------------------------------------------------------------------------------------------+
; Parameter Settings for User Entity Instance: axis_controller:axis_controller|synchronizer_chain:sync1 ;
+----------------+-------+------------------------------------------------------------------------------+
; Parameter Name ; Value ; Type                                                                         ;
+----------------+-------+------------------------------------------------------------------------------+
; chain_length   ; 2     ; Signed Integer                                                               ;
+----------------+-------+------------------------------------------------------------------------------+
Note: In order to hide this table in the UI and the text report file, please set the "Show Parameter Settings in Synthesis Report" option in "Analysis and Synthesis Settings -> More Settings" to "Off".


+-------------------------------------------------------------------------------------------------------+
; Parameter Settings for User Entity Instance: axis_controller:axis_controller|synchronizer_chain:sync2 ;
+----------------+-------+------------------------------------------------------------------------------+
; Parameter Name ; Value ; Type                                                                         ;
+----------------+-------+------------------------------------------------------------------------------+
; chain_length   ; 2     ; Signed Integer                                                               ;
+----------------+-------+------------------------------------------------------------------------------+
Note: In order to hide this table in the UI and the text report file, please set the "Show Parameter Settings in Synthesis Report" option in "Analysis and Synthesis Settings -> More Settings" to "Off".


+-------------------------------------------------------------------------------------------------------+
; Parameter Settings for User Entity Instance: axis_controller:axis_controller|synchronizer_chain:sync3 ;
+----------------+-------+------------------------------------------------------------------------------+
; Parameter Name ; Value ; Type                                                                         ;
+----------------+-------+------------------------------------------------------------------------------+
; chain_length   ; 2     ; Signed Integer                                                               ;
+----------------+-------+------------------------------------------------------------------------------+
Note: In order to hide this table in the UI and the text report file, please set the "Show Parameter Settings in Synthesis Report" option in "Analysis and Synthesis Settings -> More Settings" to "Off".


+-------------------------------------------------------------------------------------------------------+
; Parameter Settings for User Entity Instance: axis_controller:axis_controller|synchronizer_chain:sync4 ;
+----------------+-------+------------------------------------------------------------------------------+
; Parameter Name ; Value ; Type                                                                         ;
+----------------+-------+------------------------------------------------------------------------------+
; chain_length   ; 2     ; Signed Integer                                                               ;
+----------------+-------+------------------------------------------------------------------------------+
Note: In order to hide this table in the UI and the text report file, please set the "Show Parameter Settings in Synthesis Report" option in "Analysis and Synthesis Settings -> More Settings" to "Off".


+-------------------------------------------------------------------------------------------------------+
; Parameter Settings for User Entity Instance: axis_controller:axis_controller|synchronizer_chain:sync5 ;
+----------------+-------+------------------------------------------------------------------------------+
; Parameter Name ; Value ; Type                                                                         ;
+----------------+-------+------------------------------------------------------------------------------+
; chain_length   ; 2     ; Signed Integer                                                               ;
+----------------+-------+------------------------------------------------------------------------------+
Note: In order to hide this table in the UI and the text report file, please set the "Show Parameter Settings in Synthesis Report" option in "Analysis and Synthesis Settings -> More Settings" to "Off".


+-----------------------------------------------------------------------------------------------------------------------+
; Parameter Settings for User Entity Instance: axis_controller:axis_controller|btnCtrl:btnCtrl|debouncer:dbnc_increment ;
+----------------+---------+--------------------------------------------------------------------------------------------+
; Parameter Name ; Value   ; Type                                                                                       ;
+----------------+---------+--------------------------------------------------------------------------------------------+
; debounce_delay ; 1000000 ; Signed Integer                                                                             ;
+----------------+---------+--------------------------------------------------------------------------------------------+
Note: In order to hide this table in the UI and the text report file, please set the "Show Parameter Settings in Synthesis Report" option in "Analysis and Synthesis Settings -> More Settings" to "Off".


+----------------------------------------------------------------------------------------------------------------------------------------------------+
; Parameter Settings for User Entity Instance: axis_controller:axis_controller|btnCtrl:btnCtrl|debouncer:dbnc_increment|periodical_strb_gen:strb_gen ;
+----------------+---------+-------------------------------------------------------------------------------------------------------------------------+
; Parameter Name ; Value   ; Type                                                                                                                    ;
+----------------+---------+-------------------------------------------------------------------------------------------------------------------------+
; prescaler      ; 1000000 ; Signed Integer                                                                                                          ;
+----------------+---------+-------------------------------------------------------------------------------------------------------------------------+
Note: In order to hide this table in the UI and the text report file, please set the "Show Parameter Settings in Synthesis Report" option in "Analysis and Synthesis Settings -> More Settings" to "Off".


+------------------------------------------------------------------------------------------------------------------------------------------------------------------------------+
; Parameter Settings for User Entity Instance: axis_controller:axis_controller|btnCtrl:btnCtrl|debouncer:dbnc_increment|periodical_strb_gen:strb_gen|strobe_generator:strb_gen ;
+----------------+---------+---------------------------------------------------------------------------------------------------------------------------------------------------+
; Parameter Name ; Value   ; Type                                                                                                                                              ;
+----------------+---------+---------------------------------------------------------------------------------------------------------------------------------------------------+
; strobe_freq    ; 1000000 ; Signed Integer                                                                                                                                    ;
+----------------+---------+---------------------------------------------------------------------------------------------------------------------------------------------------+
Note: In order to hide this table in the UI and the text report file, please set the "Show Parameter Settings in Synthesis Report" option in "Analysis and Synthesis Settings -> More Settings" to "Off".


+-----------------------------------------------------------------------------------------------------------------------+
; Parameter Settings for User Entity Instance: axis_controller:axis_controller|btnCtrl:btnCtrl|debouncer:dbnc_decrement ;
+----------------+---------+--------------------------------------------------------------------------------------------+
; Parameter Name ; Value   ; Type                                                                                       ;
+----------------+---------+--------------------------------------------------------------------------------------------+
; debounce_delay ; 1000000 ; Signed Integer                                                                             ;
+----------------+---------+--------------------------------------------------------------------------------------------+
Note: In order to hide this table in the UI and the text report file, please set the "Show Parameter Settings in Synthesis Report" option in "Analysis and Synthesis Settings -> More Settings" to "Off".


+----------------------------------------------------------------------------------------------------------------------------------------------------+
; Parameter Settings for User Entity Instance: axis_controller:axis_controller|btnCtrl:btnCtrl|debouncer:dbnc_decrement|periodical_strb_gen:strb_gen ;
+----------------+---------+-------------------------------------------------------------------------------------------------------------------------+
; Parameter Name ; Value   ; Type                                                                                                                    ;
+----------------+---------+-------------------------------------------------------------------------------------------------------------------------+
; prescaler      ; 1000000 ; Signed Integer                                                                                                          ;
+----------------+---------+-------------------------------------------------------------------------------------------------------------------------+
Note: In order to hide this table in the UI and the text report file, please set the "Show Parameter Settings in Synthesis Report" option in "Analysis and Synthesis Settings -> More Settings" to "Off".


+------------------------------------------------------------------------------------------------------------------------------------------------------------------------------+
; Parameter Settings for User Entity Instance: axis_controller:axis_controller|btnCtrl:btnCtrl|debouncer:dbnc_decrement|periodical_strb_gen:strb_gen|strobe_generator:strb_gen ;
+----------------+---------+---------------------------------------------------------------------------------------------------------------------------------------------------+
; Parameter Name ; Value   ; Type                                                                                                                                              ;
+----------------+---------+---------------------------------------------------------------------------------------------------------------------------------------------------+
; strobe_freq    ; 1000000 ; Signed Integer                                                                                                                                    ;
+----------------+---------+---------------------------------------------------------------------------------------------------------------------------------------------------+
Note: In order to hide this table in the UI and the text report file, please set the "Show Parameter Settings in Synthesis Report" option in "Analysis and Synthesis Settings -> More Settings" to "Off".


+-----------------------------------------------------------------------------------------------------------------------+
; Parameter Settings for User Entity Instance: axis_controller:axis_controller|btnCtrl:btnCtrl|debouncer:dbnc_switchTen ;
+----------------+---------+--------------------------------------------------------------------------------------------+
; Parameter Name ; Value   ; Type                                                                                       ;
+----------------+---------+--------------------------------------------------------------------------------------------+
; debounce_delay ; 1000000 ; Signed Integer                                                                             ;
+----------------+---------+--------------------------------------------------------------------------------------------+
Note: In order to hide this table in the UI and the text report file, please set the "Show Parameter Settings in Synthesis Report" option in "Analysis and Synthesis Settings -> More Settings" to "Off".


+----------------------------------------------------------------------------------------------------------------------------------------------------+
; Parameter Settings for User Entity Instance: axis_controller:axis_controller|btnCtrl:btnCtrl|debouncer:dbnc_switchTen|periodical_strb_gen:strb_gen ;
+----------------+---------+-------------------------------------------------------------------------------------------------------------------------+
; Parameter Name ; Value   ; Type                                                                                                                    ;
+----------------+---------+-------------------------------------------------------------------------------------------------------------------------+
; prescaler      ; 1000000 ; Signed Integer                                                                                                          ;
+----------------+---------+-------------------------------------------------------------------------------------------------------------------------+
Note: In order to hide this table in the UI and the text report file, please set the "Show Parameter Settings in Synthesis Report" option in "Analysis and Synthesis Settings -> More Settings" to "Off".


+------------------------------------------------------------------------------------------------------------------------------------------------------------------------------+
; Parameter Settings for User Entity Instance: axis_controller:axis_controller|btnCtrl:btnCtrl|debouncer:dbnc_switchTen|periodical_strb_gen:strb_gen|strobe_generator:strb_gen ;
+----------------+---------+---------------------------------------------------------------------------------------------------------------------------------------------------+
; Parameter Name ; Value   ; Type                                                                                                                                              ;
+----------------+---------+---------------------------------------------------------------------------------------------------------------------------------------------------+
; strobe_freq    ; 1000000 ; Signed Integer                                                                                                                                    ;
+----------------+---------+---------------------------------------------------------------------------------------------------------------------------------------------------+
Note: In order to hide this table in the UI and the text report file, please set the "Show Parameter Settings in Synthesis Report" option in "Analysis and Synthesis Settings -> More Settings" to "Off".


+----------------------------------------------------------------------------------------------------------------------+
; Parameter Settings for User Entity Instance: axis_controller:axis_controller|Tilt_board:tilt_x|moving_avg:moving_avg ;
+----------------+-------+---------------------------------------------------------------------------------------------+
; Parameter Name ; Value ; Type                                                                                        ;
+----------------+-------+---------------------------------------------------------------------------------------------+
; reg_length     ; 4     ; Signed Integer                                                                              ;
; bitwidth       ; 8     ; Signed Integer                                                                              ;
+----------------+-------+---------------------------------------------------------------------------------------------+
Note: In order to hide this table in the UI and the text report file, please set the "Show Parameter Settings in Synthesis Report" option in "Analysis and Synthesis Settings -> More Settings" to "Off".


+-------------------------------------------------------------------------------------------------------------------------------+
; Parameter Settings for User Entity Instance: axis_controller:axis_controller|Tilt_board:tilt_x|synchronizer_chain:x_comp_sync ;
+----------------+-------+------------------------------------------------------------------------------------------------------+
; Parameter Name ; Value ; Type                                                                                                 ;
+----------------+-------+------------------------------------------------------------------------------------------------------+
; chain_length   ; 2     ; Signed Integer                                                                                       ;
+----------------+-------+------------------------------------------------------------------------------------------------------+
Note: In order to hide this table in the UI and the text report file, please set the "Show Parameter Settings in Synthesis Report" option in "Analysis and Synthesis Settings -> More Settings" to "Off".


+-----------------------------------------------------------------------------------------------------------------------------------------+
; Parameter Settings for User Entity Instance: axis_controller:axis_controller|Tilt_board:tilt_x|DeltaADC:adc|strobe_generator:strobe_gen ;
+----------------+---------+--------------------------------------------------------------------------------------------------------------+
; Parameter Name ; Value   ; Type                                                                                                         ;
+----------------+---------+--------------------------------------------------------------------------------------------------------------+
; strobe_freq    ; 1000000 ; Signed Integer                                                                                               ;
+----------------+---------+--------------------------------------------------------------------------------------------------------------+
Note: In order to hide this table in the UI and the text report file, please set the "Show Parameter Settings in Synthesis Report" option in "Analysis and Synthesis Settings -> More Settings" to "Off".


+---------------------------------------------------------------------------------------------------------------------+
; Parameter Settings for User Entity Instance: axis_controller:axis_controller|Tilt_board:tilt_x|DeltaADC:adc|PWM:pwm ;
+----------------+-------+--------------------------------------------------------------------------------------------+
; Parameter Name ; Value ; Type                                                                                       ;
+----------------+-------+--------------------------------------------------------------------------------------------+
; counter_len    ; 8     ; Signed Integer                                                                             ;
+----------------+-------+--------------------------------------------------------------------------------------------+
Note: In order to hide this table in the UI and the text report file, please set the "Show Parameter Settings in Synthesis Report" option in "Analysis and Synthesis Settings -> More Settings" to "Off".


+------------------------------------------------------------------------------------------------------------------------------+
; Parameter Settings for User Entity Instance: axis_controller:axis_controller|Tilt_board:tilt_x|HoldValueOnStrb:holdValOnStrb ;
+----------------+-------+-----------------------------------------------------------------------------------------------------+
; Parameter Name ; Value ; Type                                                                                                ;
+----------------+-------+-----------------------------------------------------------------------------------------------------+
; resolution     ; 8     ; Signed Integer                                                                                      ;
+----------------+-------+-----------------------------------------------------------------------------------------------------+
Note: In order to hide this table in the UI and the text report file, please set the "Show Parameter Settings in Synthesis Report" option in "Analysis and Synthesis Settings -> More Settings" to "Off".


+----------------------------------------------------------------------------------------------------------+
; Parameter Settings for User Entity Instance: axis_controller:axis_controller|Tilt_board:tilt_x|Tilt:tilt ;
+----------------+-------+---------------------------------------------------------------------------------+
; Parameter Name ; Value ; Type                                                                            ;
+----------------+-------+---------------------------------------------------------------------------------+
; resolution     ; 8     ; Signed Integer                                                                  ;
+----------------+-------+---------------------------------------------------------------------------------+
Note: In order to hide this table in the UI and the text report file, please set the "Show Parameter Settings in Synthesis Report" option in "Analysis and Synthesis Settings -> More Settings" to "Off".


+----------------------------------------------------------------------------------------------------------------------+
; Parameter Settings for User Entity Instance: axis_controller:axis_controller|Tilt_board:tilt_y|moving_avg:moving_avg ;
+----------------+-------+---------------------------------------------------------------------------------------------+
; Parameter Name ; Value ; Type                                                                                        ;
+----------------+-------+---------------------------------------------------------------------------------------------+
; reg_length     ; 4     ; Signed Integer                                                                              ;
; bitwidth       ; 8     ; Signed Integer                                                                              ;
+----------------+-------+---------------------------------------------------------------------------------------------+
Note: In order to hide this table in the UI and the text report file, please set the "Show Parameter Settings in Synthesis Report" option in "Analysis and Synthesis Settings -> More Settings" to "Off".


+-------------------------------------------------------------------------------------------------------------------------------+
; Parameter Settings for User Entity Instance: axis_controller:axis_controller|Tilt_board:tilt_y|synchronizer_chain:x_comp_sync ;
+----------------+-------+------------------------------------------------------------------------------------------------------+
; Parameter Name ; Value ; Type                                                                                                 ;
+----------------+-------+------------------------------------------------------------------------------------------------------+
; chain_length   ; 2     ; Signed Integer                                                                                       ;
+----------------+-------+------------------------------------------------------------------------------------------------------+
Note: In order to hide this table in the UI and the text report file, please set the "Show Parameter Settings in Synthesis Report" option in "Analysis and Synthesis Settings -> More Settings" to "Off".


+-----------------------------------------------------------------------------------------------------------------------------------------+
; Parameter Settings for User Entity Instance: axis_controller:axis_controller|Tilt_board:tilt_y|DeltaADC:adc|strobe_generator:strobe_gen ;
+----------------+---------+--------------------------------------------------------------------------------------------------------------+
; Parameter Name ; Value   ; Type                                                                                                         ;
+----------------+---------+--------------------------------------------------------------------------------------------------------------+
; strobe_freq    ; 1000000 ; Signed Integer                                                                                               ;
+----------------+---------+--------------------------------------------------------------------------------------------------------------+
Note: In order to hide this table in the UI and the text report file, please set the "Show Parameter Settings in Synthesis Report" option in "Analysis and Synthesis Settings -> More Settings" to "Off".


+---------------------------------------------------------------------------------------------------------------------+
; Parameter Settings for User Entity Instance: axis_controller:axis_controller|Tilt_board:tilt_y|DeltaADC:adc|PWM:pwm ;
+----------------+-------+--------------------------------------------------------------------------------------------+
; Parameter Name ; Value ; Type                                                                                       ;
+----------------+-------+--------------------------------------------------------------------------------------------+
; counter_len    ; 8     ; Signed Integer                                                                             ;
+----------------+-------+--------------------------------------------------------------------------------------------+
Note: In order to hide this table in the UI and the text report file, please set the "Show Parameter Settings in Synthesis Report" option in "Analysis and Synthesis Settings -> More Settings" to "Off".


+------------------------------------------------------------------------------------------------------------------------------+
; Parameter Settings for User Entity Instance: axis_controller:axis_controller|Tilt_board:tilt_y|HoldValueOnStrb:holdValOnStrb ;
+----------------+-------+-----------------------------------------------------------------------------------------------------+
; Parameter Name ; Value ; Type                                                                                                ;
+----------------+-------+-----------------------------------------------------------------------------------------------------+
; resolution     ; 8     ; Signed Integer                                                                                      ;
+----------------+-------+-----------------------------------------------------------------------------------------------------+
Note: In order to hide this table in the UI and the text report file, please set the "Show Parameter Settings in Synthesis Report" option in "Analysis and Synthesis Settings -> More Settings" to "Off".


+----------------------------------------------------------------------------------------------------------+
; Parameter Settings for User Entity Instance: axis_controller:axis_controller|Tilt_board:tilt_y|Tilt:tilt ;
+----------------+-------+---------------------------------------------------------------------------------+
; Parameter Name ; Value ; Type                                                                            ;
+----------------+-------+---------------------------------------------------------------------------------+
; resolution     ; 8     ; Signed Integer                                                                  ;
+----------------+-------+---------------------------------------------------------------------------------+
Note: In order to hide this table in the UI and the text report file, please set the "Show Parameter Settings in Synthesis Report" option in "Analysis and Synthesis Settings -> More Settings" to "Off".


+-----------------------------------------------------------------------------------------------------------------+
; Parameter Settings for User Entity Instance: axis_controller:axis_controller|servo_controller:servoPwmX|PWM:pwm ;
+----------------+-------+----------------------------------------------------------------------------------------+
; Parameter Name ; Value ; Type                                                                                   ;
+----------------+-------+----------------------------------------------------------------------------------------+
; counter_len    ; 20    ; Signed Integer                                                                         ;
+----------------+-------+----------------------------------------------------------------------------------------+
Note: In order to hide this table in the UI and the text report file, please set the "Show Parameter Settings in Synthesis Report" option in "Analysis and Synthesis Settings -> More Settings" to "Off".


+-----------------------------------------------------------------------------------------------------------------+
; Parameter Settings for User Entity Instance: axis_controller:axis_controller|servo_controller:servoPwmY|PWM:pwm ;
+----------------+-------+----------------------------------------------------------------------------------------+
; Parameter Name ; Value ; Type                                                                                   ;
+----------------+-------+----------------------------------------------------------------------------------------+
; counter_len    ; 20    ; Signed Integer                                                                         ;
+----------------+-------+----------------------------------------------------------------------------------------+
Note: In order to hide this table in the UI and the text report file, please set the "Show Parameter Settings in Synthesis Report" option in "Analysis and Synthesis Settings -> More Settings" to "Off".


+-----------------------------------------------------------------------------------------------------------------+
; Parameter Settings for User Entity Instance: axis_controller:axis_controller|servo_controller:servoPwmZ|PWM:pwm ;
+----------------+-------+----------------------------------------------------------------------------------------+
; Parameter Name ; Value ; Type                                                                                   ;
+----------------+-------+----------------------------------------------------------------------------------------+
; counter_len    ; 20    ; Signed Integer                                                                         ;
+----------------+-------+----------------------------------------------------------------------------------------+
Note: In order to hide this table in the UI and the text report file, please set the "Show Parameter Settings in Synthesis Report" option in "Analysis and Synthesis Settings -> More Settings" to "Off".


+------------------------------------------------------------------------------------------------+
; Parameter Settings for User Entity Instance: axis_controller:axis_controller|cmd_proc:cmd_proc ;
+----------------+---------+---------------------------------------------------------------------+
; Parameter Name ; Value   ; Type                                                                ;
+----------------+---------+---------------------------------------------------------------------+
; servo_cnt_len  ; 20      ; Signed Integer                                                      ;
; wait_prescaler ; 1000000 ; Signed Integer                                                      ;
; d              ; 4       ; Signed Integer                                                      ;
+----------------+---------+---------------------------------------------------------------------+
Note: In order to hide this table in the UI and the text report file, please set the "Show Parameter Settings in Synthesis Report" option in "Analysis and Synthesis Settings -> More Settings" to "Off".


+-----------------------------------------------------------------------------------------------------------------------------+
; Parameter Settings for User Entity Instance: axis_controller:axis_controller|cmd_proc:cmd_proc|periodical_strb_gen:strb_gen ;
+----------------+---------+--------------------------------------------------------------------------------------------------+
; Parameter Name ; Value   ; Type                                                                                             ;
+----------------+---------+--------------------------------------------------------------------------------------------------+
; prescaler      ; 1000000 ; Signed Integer                                                                                   ;
+----------------+---------+--------------------------------------------------------------------------------------------------+
Note: In order to hide this table in the UI and the text report file, please set the "Show Parameter Settings in Synthesis Report" option in "Analysis and Synthesis Settings -> More Settings" to "Off".


+-------------------------------------------------------------------------------------------------------------------------------------------------------+
; Parameter Settings for User Entity Instance: axis_controller:axis_controller|cmd_proc:cmd_proc|periodical_strb_gen:strb_gen|strobe_generator:strb_gen ;
+----------------+---------+----------------------------------------------------------------------------------------------------------------------------+
; Parameter Name ; Value   ; Type                                                                                                                       ;
+----------------+---------+----------------------------------------------------------------------------------------------------------------------------+
; strobe_freq    ; 1000000 ; Signed Integer                                                                                                             ;
+----------------+---------+----------------------------------------------------------------------------------------------------------------------------+
Note: In order to hide this table in the UI and the text report file, please set the "Show Parameter Settings in Synthesis Report" option in "Analysis and Synthesis Settings -> More Settings" to "Off".


+------------------------------------------------------------------------------------------------------------------------------------------------+
; Parameter Settings for Inferred Entity Instance: axis_controller:axis_controller|cmd_proc:cmd_proc|command_rom:cmd_rom|altsyncram:ROMMEM_rtl_0 ;
+------------------------------------+--------------------------------------------------+--------------------------------------------------------+
; Parameter Name                     ; Value                                            ; Type                                                   ;
+------------------------------------+--------------------------------------------------+--------------------------------------------------------+
; BYTE_SIZE_BLOCK                    ; 8                                                ; Untyped                                                ;
; AUTO_CARRY_CHAINS                  ; ON                                               ; AUTO_CARRY                                             ;
; IGNORE_CARRY_BUFFERS               ; OFF                                              ; IGNORE_CARRY                                           ;
; AUTO_CASCADE_CHAINS                ; ON                                               ; AUTO_CASCADE                                           ;
; IGNORE_CASCADE_BUFFERS             ; OFF                                              ; IGNORE_CASCADE                                         ;
; WIDTH_BYTEENA                      ; 1                                                ; Untyped                                                ;
; OPERATION_MODE                     ; ROM                                              ; Untyped                                                ;
; WIDTH_A                            ; 40                                               ; Untyped                                                ;
; WIDTHAD_A                          ; 6                                                ; Untyped                                                ;
; NUMWORDS_A                         ; 61                                               ; Untyped                                                ;
; OUTDATA_REG_A                      ; UNREGISTERED                                     ; Untyped                                                ;
; ADDRESS_ACLR_A                     ; NONE                                             ; Untyped                                                ;
; OUTDATA_ACLR_A                     ; NONE                                             ; Untyped                                                ;
; WRCONTROL_ACLR_A                   ; NONE                                             ; Untyped                                                ;
; INDATA_ACLR_A                      ; NONE                                             ; Untyped                                                ;
; BYTEENA_ACLR_A                     ; NONE                                             ; Untyped                                                ;
; WIDTH_B                            ; 1                                                ; Untyped                                                ;
; WIDTHAD_B                          ; 1                                                ; Untyped                                                ;
; NUMWORDS_B                         ; 1                                                ; Untyped                                                ;
; INDATA_REG_B                       ; CLOCK1                                           ; Untyped                                                ;
; WRCONTROL_WRADDRESS_REG_B          ; CLOCK1                                           ; Untyped                                                ;
; RDCONTROL_REG_B                    ; CLOCK1                                           ; Untyped                                                ;
; ADDRESS_REG_B                      ; CLOCK1                                           ; Untyped                                                ;
; OUTDATA_REG_B                      ; UNREGISTERED                                     ; Untyped                                                ;
; BYTEENA_REG_B                      ; CLOCK1                                           ; Untyped                                                ;
; INDATA_ACLR_B                      ; NONE                                             ; Untyped                                                ;
; WRCONTROL_ACLR_B                   ; NONE                                             ; Untyped                                                ;
; ADDRESS_ACLR_B                     ; NONE                                             ; Untyped                                                ;
; OUTDATA_ACLR_B                     ; NONE                                             ; Untyped                                                ;
; RDCONTROL_ACLR_B                   ; NONE                                             ; Untyped                                                ;
; BYTEENA_ACLR_B                     ; NONE                                             ; Untyped                                                ;
; WIDTH_BYTEENA_A                    ; 1                                                ; Untyped                                                ;
; WIDTH_BYTEENA_B                    ; 1                                                ; Untyped                                                ;
; RAM_BLOCK_TYPE                     ; AUTO                                             ; Untyped                                                ;
; BYTE_SIZE                          ; 8                                                ; Untyped                                                ;
; READ_DURING_WRITE_MODE_MIXED_PORTS ; DONT_CARE                                        ; Untyped                                                ;
; READ_DURING_WRITE_MODE_PORT_A      ; NEW_DATA_NO_NBE_READ                             ; Untyped                                                ;
; READ_DURING_WRITE_MODE_PORT_B      ; NEW_DATA_NO_NBE_READ                             ; Untyped                                                ;
; INIT_FILE                          ; db/HWDP_PR_DE2.ram0_command_rom_34420a2a.hdl.mif ; Untyped                                                ;
; INIT_FILE_LAYOUT                   ; PORT_A                                           ; Untyped                                                ;
; MAXIMUM_DEPTH                      ; 0                                                ; Untyped                                                ;
; CLOCK_ENABLE_INPUT_A               ; NORMAL                                           ; Untyped                                                ;
; CLOCK_ENABLE_INPUT_B               ; NORMAL                                           ; Untyped                                                ;
; CLOCK_ENABLE_OUTPUT_A              ; NORMAL                                           ; Untyped                                                ;
; CLOCK_ENABLE_OUTPUT_B              ; NORMAL                                           ; Untyped                                                ;
; CLOCK_ENABLE_CORE_A                ; USE_INPUT_CLKEN                                  ; Untyped                                                ;
; CLOCK_ENABLE_CORE_B                ; USE_INPUT_CLKEN                                  ; Untyped                                                ;
; ENABLE_ECC                         ; FALSE                                            ; Untyped                                                ;
; ECC_PIPELINE_STAGE_ENABLED         ; FALSE                                            ; Untyped                                                ;
; WIDTH_ECCSTATUS                    ; 3                                                ; Untyped                                                ;
; DEVICE_FAMILY                      ; Cyclone IV GX                                    ; Untyped                                                ;
; CBXI_PARAMETER                     ; altsyncram_vn71                                  ; Untyped                                                ;
+------------------------------------+--------------------------------------------------+--------------------------------------------------------+
Note: In order to hide this table in the UI and the text report file, please set the "Show Parameter Settings in Synthesis Report" option in "Analysis and Synthesis Settings -> More Settings" to "Off".


+------------------------------------------------------------------------------------------------------------------------------------------------------------+
; Parameter Settings for Inferred Entity Instance: axis_controller:axis_controller|Tilt_board:tilt_x|moving_avg:moving_avg|altshift_taps:shift_reg_mem_rtl_0 ;
+----------------+----------------+--------------------------------------------------------------------------------------------------------------------------+
; Parameter Name ; Value          ; Type                                                                                                                     ;
+----------------+----------------+--------------------------------------------------------------------------------------------------------------------------+
; WIDTH_BYTEENA  ; 1              ; Untyped                                                                                                                  ;
; NUMBER_OF_TAPS ; 1              ; Untyped                                                                                                                  ;
; TAP_DISTANCE   ; 17             ; Untyped                                                                                                                  ;
; WIDTH          ; 8              ; Untyped                                                                                                                  ;
; POWER_UP_STATE ; CLEARED        ; Untyped                                                                                                                  ;
; CBXI_PARAMETER ; shift_taps_r9n ; Untyped                                                                                                                  ;
+----------------+----------------+--------------------------------------------------------------------------------------------------------------------------+
Note: In order to hide this table in the UI and the text report file, please set the "Show Parameter Settings in Synthesis Report" option in "Analysis and Synthesis Settings -> More Settings" to "Off".


+------------------------------------------------------------------------------------------------------------------------------------------------------------+
; Parameter Settings for Inferred Entity Instance: axis_controller:axis_controller|Tilt_board:tilt_y|moving_avg:moving_avg|altshift_taps:shift_reg_mem_rtl_0 ;
+----------------+----------------+--------------------------------------------------------------------------------------------------------------------------+
; Parameter Name ; Value          ; Type                                                                                                                     ;
+----------------+----------------+--------------------------------------------------------------------------------------------------------------------------+
; WIDTH_BYTEENA  ; 1              ; Untyped                                                                                                                  ;
; NUMBER_OF_TAPS ; 1              ; Untyped                                                                                                                  ;
; TAP_DISTANCE   ; 17             ; Untyped                                                                                                                  ;
; WIDTH          ; 8              ; Untyped                                                                                                                  ;
; POWER_UP_STATE ; CLEARED        ; Untyped                                                                                                                  ;
; CBXI_PARAMETER ; shift_taps_r9n ; Untyped                                                                                                                  ;
+----------------+----------------+--------------------------------------------------------------------------------------------------------------------------+
Note: In order to hide this table in the UI and the text report file, please set the "Show Parameter Settings in Synthesis Report" option in "Analysis and Synthesis Settings -> More Settings" to "Off".


+----------------------------------------------------------------------------------------------------------------------------+
; Parameter Settings for Inferred Entity Instance: axis_controller:axis_controller|servo_controller:servoPwmX|lpm_mult:Mult0 ;
+------------------------------------------------+---------------+-----------------------------------------------------------+
; Parameter Name                                 ; Value         ; Type                                                      ;
+------------------------------------------------+---------------+-----------------------------------------------------------+
; AUTO_CARRY_CHAINS                              ; ON            ; AUTO_CARRY                                                ;
; IGNORE_CARRY_BUFFERS                           ; OFF           ; IGNORE_CARRY                                              ;
; AUTO_CASCADE_CHAINS                            ; ON            ; AUTO_CASCADE                                              ;
; IGNORE_CASCADE_BUFFERS                         ; OFF           ; IGNORE_CASCADE                                            ;
; LPM_WIDTHA                                     ; 20            ; Untyped                                                   ;
; LPM_WIDTHB                                     ; 8             ; Untyped                                                   ;
; LPM_WIDTHP                                     ; 28            ; Untyped                                                   ;
; LPM_WIDTHR                                     ; 28            ; Untyped                                                   ;
; LPM_WIDTHS                                     ; 1             ; Untyped                                                   ;
; LPM_REPRESENTATION                             ; UNSIGNED      ; Untyped                                                   ;
; LPM_PIPELINE                                   ; 0             ; Untyped                                                   ;
; LATENCY                                        ; 0             ; Untyped                                                   ;
; INPUT_A_IS_CONSTANT                            ; NO            ; Untyped                                                   ;
; INPUT_B_IS_CONSTANT                            ; YES           ; Untyped                                                   ;
; USE_EAB                                        ; OFF           ; Untyped                                                   ;
; MAXIMIZE_SPEED                                 ; 5             ; Untyped                                                   ;
; DEVICE_FAMILY                                  ; Cyclone IV GX ; Untyped                                                   ;
; CARRY_CHAIN                                    ; MANUAL        ; Untyped                                                   ;
; APEX20K_TECHNOLOGY_MAPPER                      ; LUT           ; TECH_MAPPER_APEX20K                                       ;
; DEDICATED_MULTIPLIER_CIRCUITRY                 ; AUTO          ; Untyped                                                   ;
; DEDICATED_MULTIPLIER_MIN_INPUT_WIDTH_FOR_AUTO  ; 0             ; Untyped                                                   ;
; DEDICATED_MULTIPLIER_MIN_OUTPUT_WIDTH_FOR_AUTO ; 0             ; Untyped                                                   ;
; CBXI_PARAMETER                                 ; mult_5jt      ; Untyped                                                   ;
; INPUT_A_FIXED_VALUE                            ; Bx            ; Untyped                                                   ;
; INPUT_B_FIXED_VALUE                            ; Bx            ; Untyped                                                   ;
; USE_AHDL_IMPLEMENTATION                        ; OFF           ; Untyped                                                   ;
+------------------------------------------------+---------------+-----------------------------------------------------------+
Note: In order to hide this table in the UI and the text report file, please set the "Show Parameter Settings in Synthesis Report" option in "Analysis and Synthesis Settings -> More Settings" to "Off".


+----------------------------------------------------------------------------------------------------------------------------+
; Parameter Settings for Inferred Entity Instance: axis_controller:axis_controller|servo_controller:servoPwmY|lpm_mult:Mult0 ;
+------------------------------------------------+---------------+-----------------------------------------------------------+
; Parameter Name                                 ; Value         ; Type                                                      ;
+------------------------------------------------+---------------+-----------------------------------------------------------+
; AUTO_CARRY_CHAINS                              ; ON            ; AUTO_CARRY                                                ;
; IGNORE_CARRY_BUFFERS                           ; OFF           ; IGNORE_CARRY                                              ;
; AUTO_CASCADE_CHAINS                            ; ON            ; AUTO_CASCADE                                              ;
; IGNORE_CASCADE_BUFFERS                         ; OFF           ; IGNORE_CASCADE                                            ;
; LPM_WIDTHA                                     ; 20            ; Untyped                                                   ;
; LPM_WIDTHB                                     ; 8             ; Untyped                                                   ;
; LPM_WIDTHP                                     ; 28            ; Untyped                                                   ;
; LPM_WIDTHR                                     ; 28            ; Untyped                                                   ;
; LPM_WIDTHS                                     ; 1             ; Untyped                                                   ;
; LPM_REPRESENTATION                             ; UNSIGNED      ; Untyped                                                   ;
; LPM_PIPELINE                                   ; 0             ; Untyped                                                   ;
; LATENCY                                        ; 0             ; Untyped                                                   ;
; INPUT_A_IS_CONSTANT                            ; NO            ; Untyped                                                   ;
; INPUT_B_IS_CONSTANT                            ; YES           ; Untyped                                                   ;
; USE_EAB                                        ; OFF           ; Untyped                                                   ;
; MAXIMIZE_SPEED                                 ; 5             ; Untyped                                                   ;
; DEVICE_FAMILY                                  ; Cyclone IV GX ; Untyped                                                   ;
; CARRY_CHAIN                                    ; MANUAL        ; Untyped                                                   ;
; APEX20K_TECHNOLOGY_MAPPER                      ; LUT           ; TECH_MAPPER_APEX20K                                       ;
; DEDICATED_MULTIPLIER_CIRCUITRY                 ; AUTO          ; Untyped                                                   ;
; DEDICATED_MULTIPLIER_MIN_INPUT_WIDTH_FOR_AUTO  ; 0             ; Untyped                                                   ;
; DEDICATED_MULTIPLIER_MIN_OUTPUT_WIDTH_FOR_AUTO ; 0             ; Untyped                                                   ;
; CBXI_PARAMETER                                 ; mult_5jt      ; Untyped                                                   ;
; INPUT_A_FIXED_VALUE                            ; Bx            ; Untyped                                                   ;
; INPUT_B_FIXED_VALUE                            ; Bx            ; Untyped                                                   ;
; USE_AHDL_IMPLEMENTATION                        ; OFF           ; Untyped                                                   ;
+------------------------------------------------+---------------+-----------------------------------------------------------+
Note: In order to hide this table in the UI and the text report file, please set the "Show Parameter Settings in Synthesis Report" option in "Analysis and Synthesis Settings -> More Settings" to "Off".


+----------------------------------------------------------------------------------------------------------------------------+
; Parameter Settings for Inferred Entity Instance: axis_controller:axis_controller|servo_controller:servoPwmZ|lpm_mult:Mult0 ;
+------------------------------------------------+---------------+-----------------------------------------------------------+
; Parameter Name                                 ; Value         ; Type                                                      ;
+------------------------------------------------+---------------+-----------------------------------------------------------+
; AUTO_CARRY_CHAINS                              ; ON            ; AUTO_CARRY                                                ;
; IGNORE_CARRY_BUFFERS                           ; OFF           ; IGNORE_CARRY                                              ;
; AUTO_CASCADE_CHAINS                            ; ON            ; AUTO_CASCADE                                              ;
; IGNORE_CASCADE_BUFFERS                         ; OFF           ; IGNORE_CASCADE                                            ;
; LPM_WIDTHA                                     ; 20            ; Untyped                                                   ;
; LPM_WIDTHB                                     ; 8             ; Untyped                                                   ;
; LPM_WIDTHP                                     ; 28            ; Untyped                                                   ;
; LPM_WIDTHR                                     ; 28            ; Untyped                                                   ;
; LPM_WIDTHS                                     ; 1             ; Untyped                                                   ;
; LPM_REPRESENTATION                             ; UNSIGNED      ; Untyped                                                   ;
; LPM_PIPELINE                                   ; 0             ; Untyped                                                   ;
; LATENCY                                        ; 0             ; Untyped                                                   ;
; INPUT_A_IS_CONSTANT                            ; NO            ; Untyped                                                   ;
; INPUT_B_IS_CONSTANT                            ; YES           ; Untyped                                                   ;
; USE_EAB                                        ; OFF           ; Untyped                                                   ;
; MAXIMIZE_SPEED                                 ; 5             ; Untyped                                                   ;
; DEVICE_FAMILY                                  ; Cyclone IV GX ; Untyped                                                   ;
; CARRY_CHAIN                                    ; MANUAL        ; Untyped                                                   ;
; APEX20K_TECHNOLOGY_MAPPER                      ; LUT           ; TECH_MAPPER_APEX20K                                       ;
; DEDICATED_MULTIPLIER_CIRCUITRY                 ; AUTO          ; Untyped                                                   ;
; DEDICATED_MULTIPLIER_MIN_INPUT_WIDTH_FOR_AUTO  ; 0             ; Untyped                                                   ;
; DEDICATED_MULTIPLIER_MIN_OUTPUT_WIDTH_FOR_AUTO ; 0             ; Untyped                                                   ;
; CBXI_PARAMETER                                 ; mult_5jt      ; Untyped                                                   ;
; INPUT_A_FIXED_VALUE                            ; Bx            ; Untyped                                                   ;
; INPUT_B_FIXED_VALUE                            ; Bx            ; Untyped                                                   ;
; USE_AHDL_IMPLEMENTATION                        ; OFF           ; Untyped                                                   ;
+------------------------------------------------+---------------+-----------------------------------------------------------+
Note: In order to hide this table in the UI and the text report file, please set the "Show Parameter Settings in Synthesis Report" option in "Analysis and Synthesis Settings -> More Settings" to "Off".


+-------------------------------------------------------------------------------------------------------------------------------------------+
; altsyncram Parameter Settings by Entity Instance                                                                                          ;
+-------------------------------------------+-----------------------------------------------------------------------------------------------+
; Name                                      ; Value                                                                                         ;
+-------------------------------------------+-----------------------------------------------------------------------------------------------+
; Number of entity instances                ; 1                                                                                             ;
; Entity Instance                           ; axis_controller:axis_controller|cmd_proc:cmd_proc|command_rom:cmd_rom|altsyncram:ROMMEM_rtl_0 ;
;     -- OPERATION_MODE                     ; ROM                                                                                           ;
;     -- WIDTH_A                            ; 40                                                                                            ;
;     -- NUMWORDS_A                         ; 61                                                                                            ;
;     -- OUTDATA_REG_A                      ; UNREGISTERED                                                                                  ;
;     -- WIDTH_B                            ; 1                                                                                             ;
;     -- NUMWORDS_B                         ; 1                                                                                             ;
;     -- ADDRESS_REG_B                      ; CLOCK1                                                                                        ;
;     -- OUTDATA_REG_B                      ; UNREGISTERED                                                                                  ;
;     -- RAM_BLOCK_TYPE                     ; AUTO                                                                                          ;
;     -- READ_DURING_WRITE_MODE_MIXED_PORTS ; DONT_CARE                                                                                     ;
+-------------------------------------------+-----------------------------------------------------------------------------------------------+


+----------------------------------------------------------------------------------------------------------------------------------------+
; altshift_taps Parameter Settings by Entity Instance                                                                                    ;
+----------------------------+-----------------------------------------------------------------------------------------------------------+
; Name                       ; Value                                                                                                     ;
+----------------------------+-----------------------------------------------------------------------------------------------------------+
; Number of entity instances ; 2                                                                                                         ;
; Entity Instance            ; axis_controller:axis_controller|Tilt_board:tilt_x|moving_avg:moving_avg|altshift_taps:shift_reg_mem_rtl_0 ;
;     -- NUMBER_OF_TAPS      ; 1                                                                                                         ;
;     -- TAP_DISTANCE        ; 17                                                                                                        ;
;     -- WIDTH               ; 8                                                                                                         ;
; Entity Instance            ; axis_controller:axis_controller|Tilt_board:tilt_y|moving_avg:moving_avg|altshift_taps:shift_reg_mem_rtl_0 ;
;     -- NUMBER_OF_TAPS      ; 1                                                                                                         ;
;     -- TAP_DISTANCE        ; 17                                                                                                        ;
;     -- WIDTH               ; 8                                                                                                         ;
+----------------------------+-----------------------------------------------------------------------------------------------------------+


+-------------------------------------------------------------------------------------------------------------------+
; lpm_mult Parameter Settings by Entity Instance                                                                    ;
+---------------------------------------+---------------------------------------------------------------------------+
; Name                                  ; Value                                                                     ;
+---------------------------------------+---------------------------------------------------------------------------+
; Number of entity instances            ; 3                                                                         ;
; Entity Instance                       ; axis_controller:axis_controller|servo_controller:servoPwmX|lpm_mult:Mult0 ;
;     -- LPM_WIDTHA                     ; 20                                                                        ;
;     -- LPM_WIDTHB                     ; 8                                                                         ;
;     -- LPM_WIDTHP                     ; 28                                                                        ;
;     -- LPM_REPRESENTATION             ; UNSIGNED                                                                  ;
;     -- INPUT_A_IS_CONSTANT            ; NO                                                                        ;
;     -- INPUT_B_IS_CONSTANT            ; YES                                                                       ;
;     -- USE_EAB                        ; OFF                                                                       ;
;     -- DEDICATED_MULTIPLIER_CIRCUITRY ; AUTO                                                                      ;
;     -- INPUT_A_FIXED_VALUE            ; Bx                                                                        ;
;     -- INPUT_B_FIXED_VALUE            ; Bx                                                                        ;
; Entity Instance                       ; axis_controller:axis_controller|servo_controller:servoPwmY|lpm_mult:Mult0 ;
;     -- LPM_WIDTHA                     ; 20                                                                        ;
;     -- LPM_WIDTHB                     ; 8                                                                         ;
;     -- LPM_WIDTHP                     ; 28                                                                        ;
;     -- LPM_REPRESENTATION             ; UNSIGNED                                                                  ;
;     -- INPUT_A_IS_CONSTANT            ; NO                                                                        ;
;     -- INPUT_B_IS_CONSTANT            ; YES                                                                       ;
;     -- USE_EAB                        ; OFF                                                                       ;
;     -- DEDICATED_MULTIPLIER_CIRCUITRY ; AUTO                                                                      ;
;     -- INPUT_A_FIXED_VALUE            ; Bx                                                                        ;
;     -- INPUT_B_FIXED_VALUE            ; Bx                                                                        ;
; Entity Instance                       ; axis_controller:axis_controller|servo_controller:servoPwmZ|lpm_mult:Mult0 ;
;     -- LPM_WIDTHA                     ; 20                                                                        ;
;     -- LPM_WIDTHB                     ; 8                                                                         ;
;     -- LPM_WIDTHP                     ; 28                                                                        ;
;     -- LPM_REPRESENTATION             ; UNSIGNED                                                                  ;
;     -- INPUT_A_IS_CONSTANT            ; NO                                                                        ;
;     -- INPUT_B_IS_CONSTANT            ; YES                                                                       ;
;     -- USE_EAB                        ; OFF                                                                       ;
;     -- DEDICATED_MULTIPLIER_CIRCUITRY ; AUTO                                                                      ;
;     -- INPUT_A_FIXED_VALUE            ; Bx                                                                        ;
;     -- INPUT_B_FIXED_VALUE            ; Bx                                                                        ;
+---------------------------------------+---------------------------------------------------------------------------+


+----------------------------------------------------------------------------------------+
; Port Connectivity Checks: "axis_controller:axis_controller|servo_controller:servoPwmZ" ;
+-------------------+-------+----------+-------------------------------------------------+
; Port              ; Type  ; Severity ; Details                                         ;
+-------------------+-------+----------+-------------------------------------------------+
; on_time_i[30..20] ; Input ; Info     ; Stuck at GND                                    ;
+-------------------+-------+----------+-------------------------------------------------+


+------------------------------------------------------------------------------------------------+
; Port Connectivity Checks: "axis_controller:axis_controller|servo_controller:servoPwmX|PWM:pwm" ;
+------------------------------+-------+----------+----------------------------------------------+
; Port                         ; Type  ; Severity ; Details                                      ;
+------------------------------+-------+----------+----------------------------------------------+
; period_counter_val_i[19..16] ; Input ; Info     ; Stuck at VCC                                 ;
; period_counter_val_i[13..10] ; Input ; Info     ; Stuck at GND                                 ;
; period_counter_val_i[8..7]   ; Input ; Info     ; Stuck at GND                                 ;
; period_counter_val_i[5..0]   ; Input ; Info     ; Stuck at GND                                 ;
; period_counter_val_i[15]     ; Input ; Info     ; Stuck at GND                                 ;
; period_counter_val_i[14]     ; Input ; Info     ; Stuck at VCC                                 ;
; period_counter_val_i[9]      ; Input ; Info     ; Stuck at VCC                                 ;
; period_counter_val_i[6]      ; Input ; Info     ; Stuck at VCC                                 ;
+------------------------------+-------+----------+----------------------------------------------+


+---------------------------------------------------------------------------------------------------------------------------+
; Port Connectivity Checks: "axis_controller:axis_controller|Tilt_board:tilt_x|bin2bcd:bin2bcd"                             ;
+-----------------+--------+----------+-------------------------------------------------------------------------------------+
; Port            ; Type   ; Severity ; Details                                                                             ;
+-----------------+--------+----------+-------------------------------------------------------------------------------------+
; binary_i[15..8] ; Input  ; Info     ; Stuck at GND                                                                        ;
; thousands_o     ; Output ; Info     ; Connected to dangling logic. Logic that only feeds a dangling port will be removed. ;
; tenthousands_o  ; Output ; Info     ; Connected to dangling logic. Logic that only feeds a dangling port will be removed. ;
+-----------------+--------+----------+-------------------------------------------------------------------------------------+


+----------------------------------------------------------------------------------------------------+
; Port Connectivity Checks: "axis_controller:axis_controller|Tilt_board:tilt_x|DeltaADC:adc|PWM:pwm" ;
+----------------------------+-------+----------+----------------------------------------------------+
; Port                       ; Type  ; Severity ; Details                                            ;
+----------------------------+-------+----------+----------------------------------------------------+
; period_counter_val_i[7..3] ; Input ; Info     ; Stuck at VCC                                       ;
; period_counter_val_i[2]    ; Input ; Info     ; Stuck at GND                                       ;
; period_counter_val_i[1]    ; Input ; Info     ; Stuck at VCC                                       ;
; period_counter_val_i[0]    ; Input ; Info     ; Stuck at GND                                       ;
+----------------------------+-------+----------+----------------------------------------------------+


+------------------------------------------------------------------------------------------------------------------------------+
; Port Connectivity Checks: "axis_controller:axis_controller|btnCtrl:btnCtrl"                                                  ;
+--------------------+--------+----------+-------------------------------------------------------------------------------------+
; Port               ; Type   ; Severity ; Details                                                                             ;
+--------------------+--------+----------+-------------------------------------------------------------------------------------+
; led_dbg_inc_o      ; Output ; Info     ; Connected to dangling logic. Logic that only feeds a dangling port will be removed. ;
; led_dbg_dec_o      ; Output ; Info     ; Connected to dangling logic. Logic that only feeds a dangling port will be removed. ;
; led_dbg_calc_inc_o ; Output ; Info     ; Connected to dangling logic. Logic that only feeds a dangling port will be removed. ;
; led_dbg_calc_dec_o ; Output ; Info     ; Connected to dangling logic. Logic that only feeds a dangling port will be removed. ;
+--------------------+--------+----------+-------------------------------------------------------------------------------------+


+-----------------------------------------------------+
; Post-Synthesis Netlist Statistics for Top Partition ;
+-----------------------+-----------------------------+
; Type                  ; Count                       ;
+-----------------------+-----------------------------+
; boundary_port         ; 138                         ;
; cycloneiii_ff         ; 480                         ;
;     CLR               ; 274                         ;
;     CLR SCLR          ; 76                          ;
;     ENA               ; 56                          ;
;     ENA CLR           ; 58                          ;
;     ENA CLR SLD       ; 16                          ;
; cycloneiii_io_obuf    ; 37                          ;
; cycloneiii_lcell_comb ; 1209                        ;
;     arith             ; 550                         ;
;         1 data inputs ; 1                           ;
;         2 data inputs ; 381                         ;
;         3 data inputs ; 168                         ;
;     normal            ; 659                         ;
;         0 data inputs ; 7                           ;
;         1 data inputs ; 101                         ;
;         2 data inputs ; 175                         ;
;         3 data inputs ; 70                          ;
;         4 data inputs ; 306                         ;
; cycloneiii_mac_mult   ; 6                           ;
; cycloneiii_mac_out    ; 6                           ;
; cycloneiii_ram_block  ; 56                          ;
;                       ;                             ;
; Max LUT depth         ; 8.00                        ;
; Average LUT depth     ; 3.60                        ;
+-----------------------+-----------------------------+


+-------------------------------+
; Elapsed Time Per Partition    ;
+----------------+--------------+
; Partition Name ; Elapsed Time ;
+----------------+--------------+
; Top            ; 00:00:02     ;
+----------------+--------------+


+-------------------------------+
; Analysis & Synthesis Messages ;
+-------------------------------+
Info: *******************************************************************
Info: Running Quartus Prime Analysis & Synthesis
    Info: Version 25.1std.0 Build 1129 10/21/2025 SC Lite Edition
    Info: Processing started: Mon Mar  9 21:30:30 2026
Info: Command: quartus_map --read_settings_files=on --write_settings_files=off HWDP_PR_DE2 -c HWDP_PR_DE2
Warning (18236): Number of processors has not been specified which may cause overloading on shared machines.  Set the global assignment NUM_PARALLEL_PROCESSORS in your QSF to an appropriate value for best performance.
Info (20030): Parallel compilation is enabled and will use 16 of the 16 processors detected
Info (12021): Found 1 design units, including 0 entities, in source file /home/felix/DEV/Uni/WS2025/Hardwaredesign/PR9/Commands_p.vhd
    Info (12022): Found design unit 1: commands File: /home/felix/DEV/Uni/WS2025/Hardwaredesign/PR9/Commands_p.vhd Line: 7
Info (12021): Found 1 design units, including 0 entities, in source file /home/felix/DEV/Uni/WS2025/Hardwaredesign/PR9/cmd_proc_a.vhd
    Info (12022): Found design unit 1: cmd_proc-bhv_cmd_proc File: /home/felix/DEV/Uni/WS2025/Hardwaredesign/PR9/cmd_proc_a.vhd Line: 10
Info (12021): Found 1 design units, including 1 entities, in source file /home/felix/DEV/Uni/WS2025/Hardwaredesign/PR9/cmd_proc_e.vhd
    Info (12023): Found entity 1: cmd_proc File: /home/felix/DEV/Uni/WS2025/Hardwaredesign/PR9/cmd_proc_e.vhd Line: 5
Info (12021): Found 2 design units, including 1 entities, in source file /home/felix/DEV/Uni/WS2025/Hardwaredesign/PR9/CommandROM_ea.vhd
    Info (12022): Found design unit 1: command_rom-rtl File: /home/felix/DEV/Uni/WS2025/Hardwaredesign/PR9/CommandROM_ea.vhd Line: 16
    Info (12023): Found entity 1: command_rom File: /home/felix/DEV/Uni/WS2025/Hardwaredesign/PR9/CommandROM_ea.vhd Line: 7
Info (12021): Found 2 design units, including 1 entities, in source file /home/felix/DEV/Uni/WS2025/Hardwaredesign/PR9/strbgen_K_ea.vhd
    Info (12022): Found design unit 1: strbgen_K-bhv_strbgen_K File: /home/felix/DEV/Uni/WS2025/Hardwaredesign/PR9/strbgen_K_ea.vhd Line: 15
    Info (12023): Found entity 1: strbgen_K File: /home/felix/DEV/Uni/WS2025/Hardwaredesign/PR9/strbgen_K_ea.vhd Line: 6
Info (12021): Found 2 design units, including 1 entities, in source file /home/felix/DEV/Uni/WS2025/Hardwaredesign/PR9/axis_controller_ea.vhd
    Info (12022): Found design unit 1: axis_controller-bhv_axis_controller File: /home/felix/DEV/Uni/WS2025/Hardwaredesign/PR9/axis_controller_ea.vhd Line: 39
    Info (12023): Found entity 1: axis_controller File: /home/felix/DEV/Uni/WS2025/Hardwaredesign/PR9/axis_controller_ea.vhd Line: 9
Info (12021): Found 2 design units, including 1 entities, in source file /home/felix/DEV/Uni/WS2025/Hardwaredesign/PR9/moving_avg_ea.vhd
    Info (12022): Found design unit 1: moving_avg-bhv_moving_avg File: /home/felix/DEV/Uni/WS2025/Hardwaredesign/PR9/moving_avg_ea.vhd Line: 23
    Info (12023): Found entity 1: moving_avg File: /home/felix/DEV/Uni/WS2025/Hardwaredesign/PR9/moving_avg_ea.vhd Line: 6
Info (12021): Found 2 design units, including 1 entities, in source file /home/felix/DEV/Uni/WS2025/Hardwaredesign/PR9/periodical_strb_gen_ea.vhd
    Info (12022): Found design unit 1: periodical_strb_gen-bhv_strb_gen File: /home/felix/DEV/Uni/WS2025/Hardwaredesign/PR9/periodical_strb_gen_ea.vhd Line: 18
    Info (12023): Found entity 1: periodical_strb_gen File: /home/felix/DEV/Uni/WS2025/Hardwaredesign/PR9/periodical_strb_gen_ea.vhd Line: 6
Info (12021): Found 2 design units, including 1 entities, in source file /home/felix/DEV/Uni/WS2025/Hardwaredesign/PR9/debouncer_ea.vhd
    Info (12022): Found design unit 1: debouncer-bhv_debouncer File: /home/felix/DEV/Uni/WS2025/Hardwaredesign/PR9/debouncer_ea.vhd Line: 21
    Info (12023): Found entity 1: debouncer File: /home/felix/DEV/Uni/WS2025/Hardwaredesign/PR9/debouncer_ea.vhd Line: 7
Info (12021): Found 1 design units, including 1 entities, in source file /home/felix/DEV/Uni/WS2025/Hardwaredesign/PR9/Tilt_e.vhd
    Info (12023): Found entity 1: Tilt File: /home/felix/DEV/Uni/WS2025/Hardwaredesign/PR9/Tilt_e.vhd Line: 5
Info (12021): Found 2 design units, including 1 entities, in source file /home/felix/DEV/Uni/WS2025/Hardwaredesign/PR9/Tilt_board_ea.vhd
    Info (12022): Found design unit 1: Tilt_board-bhv_Tilt_board File: /home/felix/DEV/Uni/WS2025/Hardwaredesign/PR9/Tilt_board_ea.vhd Line: 25
    Info (12023): Found entity 1: Tilt_board File: /home/felix/DEV/Uni/WS2025/Hardwaredesign/PR9/Tilt_board_ea.vhd Line: 8
Info (12021): Found 1 design units, including 0 entities, in source file /home/felix/DEV/Uni/WS2025/Hardwaredesign/PR9/Tilt_a.vhd
    Info (12022): Found design unit 1: Tilt-bhv_Tilt File: /home/felix/DEV/Uni/WS2025/Hardwaredesign/PR9/Tilt_a.vhd Line: 8
Info (12021): Found 2 design units, including 1 entities, in source file /home/felix/DEV/Uni/WS2025/Hardwaredesign/PR9/synchronizer_chain.vhd
    Info (12022): Found design unit 1: synchronizer_chain-bhv_synchronizer_chain File: /home/felix/DEV/Uni/WS2025/Hardwaredesign/PR9/synchronizer_chain.vhd Line: 19
    Info (12023): Found entity 1: synchronizer_chain File: /home/felix/DEV/Uni/WS2025/Hardwaredesign/PR9/synchronizer_chain.vhd Line: 5
Info (12021): Found 1 design units, including 1 entities, in source file /home/felix/DEV/Uni/WS2025/Hardwaredesign/PR9/strb_gen_e.vhd
    Info (12023): Found entity 1: strobe_generator File: /home/felix/DEV/Uni/WS2025/Hardwaredesign/PR9/strb_gen_e.vhd Line: 4
Info (12021): Found 1 design units, including 0 entities, in source file /home/felix/DEV/Uni/WS2025/Hardwaredesign/PR9/strb_gen_a.vhd
    Info (12022): Found design unit 1: strobe_generator-bhv_strobe_generator File: /home/felix/DEV/Uni/WS2025/Hardwaredesign/PR9/strb_gen_a.vhd Line: 5
Info (12021): Found 1 design units, including 0 entities, in source file /home/felix/DEV/Uni/WS2025/Hardwaredesign/PR9/std_package.vhd
    Info (12022): Found design unit 1: std_package File: /home/felix/DEV/Uni/WS2025/Hardwaredesign/PR9/std_package.vhd Line: 6
Info (12021): Found 2 design units, including 1 entities, in source file /home/felix/DEV/Uni/WS2025/Hardwaredesign/PR9/ServoControl_ea.vhd
    Info (12022): Found design unit 1: servo_controller-bhv_servo_controller File: /home/felix/DEV/Uni/WS2025/Hardwaredesign/PR9/ServoControl_ea.vhd Line: 18
    Info (12023): Found entity 1: servo_controller File: /home/felix/DEV/Uni/WS2025/Hardwaredesign/PR9/ServoControl_ea.vhd Line: 8
Info (12021): Found 1 design units, including 1 entities, in source file /home/felix/DEV/Uni/WS2025/Hardwaredesign/PR9/pwm_e.vhd
    Info (12023): Found entity 1: PWM File: /home/felix/DEV/Uni/WS2025/Hardwaredesign/PR9/pwm_e.vhd Line: 5
Info (12021): Found 1 design units, including 0 entities, in source file /home/felix/DEV/Uni/WS2025/Hardwaredesign/PR9/pwm_a.vhd
    Info (12022): Found design unit 1: Pwm-Bhv_Pwm File: /home/felix/DEV/Uni/WS2025/Hardwaredesign/PR9/pwm_a.vhd Line: 7
Info (12021): Found 1 design units, including 1 entities, in source file /home/felix/DEV/Uni/WS2025/Hardwaredesign/PR9/HoldValueOnStrb_e.vhd
    Info (12023): Found entity 1: HoldValueOnStrb File: /home/felix/DEV/Uni/WS2025/Hardwaredesign/PR9/HoldValueOnStrb_e.vhd Line: 5
Info (12021): Found 1 design units, including 0 entities, in source file /home/felix/DEV/Uni/WS2025/Hardwaredesign/PR9/HoldValueOnStrb_a.vhd
    Info (12022): Found design unit 1: HoldValueOnStrb-bhv_HoldValueOnStrb File: /home/felix/DEV/Uni/WS2025/Hardwaredesign/PR9/HoldValueOnStrb_a.vhd Line: 7
Info (12021): Found 2 design units, including 1 entities, in source file /home/felix/DEV/Uni/WS2025/Hardwaredesign/PR9/deltaADC_ea.vhd
    Info (12022): Found design unit 1: DeltaADC-bhv_DeltaADC File: /home/felix/DEV/Uni/WS2025/Hardwaredesign/PR9/deltaADC_ea.vhd Line: 22
    Info (12023): Found entity 1: DeltaADC File: /home/felix/DEV/Uni/WS2025/Hardwaredesign/PR9/deltaADC_ea.vhd Line: 6
Info (12021): Found 2 design units, including 1 entities, in source file /home/felix/DEV/Uni/WS2025/Hardwaredesign/PR9/DE2_Standard.vhd
    Info (12022): Found design unit 1: DE2_Standard-rtl File: /home/felix/DEV/Uni/WS2025/Hardwaredesign/PR9/DE2_Standard.vhd Line: 55
    Info (12023): Found entity 1: DE2_Standard File: /home/felix/DEV/Uni/WS2025/Hardwaredesign/PR9/DE2_Standard.vhd Line: 12
Info (12021): Found 2 design units, including 1 entities, in source file /home/felix/DEV/Uni/WS2025/Hardwaredesign/PR9/btnCtrl_ea.vhd
    Info (12022): Found design unit 1: btnCtrl-bhv_btnCtrl File: /home/felix/DEV/Uni/WS2025/Hardwaredesign/PR9/btnCtrl_ea.vhd Line: 24
    Info (12023): Found entity 1: btnCtrl File: /home/felix/DEV/Uni/WS2025/Hardwaredesign/PR9/btnCtrl_ea.vhd Line: 7
Info (12021): Found 2 design units, including 1 entities, in source file /home/felix/DEV/Uni/WS2025/Hardwaredesign/PR9/bin2bcd_ea.vhd
    Info (12022): Found design unit 1: bin2bcd-rtl File: /home/felix/DEV/Uni/WS2025/Hardwaredesign/PR9/bin2bcd_ea.vhd Line: 16
    Info (12023): Found entity 1: bin2bcd File: /home/felix/DEV/Uni/WS2025/Hardwaredesign/PR9/bin2bcd_ea.vhd Line: 6
Info (12021): Found 2 design units, including 1 entities, in source file /home/felix/DEV/Uni/WS2025/Hardwaredesign/PR9/bcd_to_7seg_ea.vhd
    Info (12022): Found design unit 1: bcd_to_7seg-rtl File: /home/felix/DEV/Uni/WS2025/Hardwaredesign/PR9/bcd_to_7seg_ea.vhd Line: 13
    Info (12023): Found entity 1: bcd_to_7seg File: /home/felix/DEV/Uni/WS2025/Hardwaredesign/PR9/bcd_to_7seg_ea.vhd Line: 7
Info (12127): Elaborating entity "DE2_Standard" for the top level hierarchy
Warning (10541): VHDL Signal Declaration warning at DE2_Standard.vhd(34): used implicit default value for signal "HEX7" because signal was never assigned a value or an explicit default value. Use of implicit default value may introduce unintended design optimizations. File: /home/felix/DEV/Uni/WS2025/Hardwaredesign/PR9/DE2_Standard.vhd Line: 34
Warning (10541): VHDL Signal Declaration warning at DE2_Standard.vhd(40): used implicit default value for signal "LEDG" because signal was never assigned a value or an explicit default value. Use of implicit default value may introduce unintended design optimizations. File: /home/felix/DEV/Uni/WS2025/Hardwaredesign/PR9/DE2_Standard.vhd Line: 40
Warning (10541): VHDL Signal Declaration warning at DE2_Standard.vhd(41): used implicit default value for signal "LEDR" because signal was never assigned a value or an explicit default value. Use of implicit default value may introduce unintended design optimizations. File: /home/felix/DEV/Uni/WS2025/Hardwaredesign/PR9/DE2_Standard.vhd Line: 41
Info (12128): Elaborating entity "axis_controller" for hierarchy "axis_controller:axis_controller" File: /home/felix/DEV/Uni/WS2025/Hardwaredesign/PR9/DE2_Standard.vhd Line: 63
Info (12128): Elaborating entity "synchronizer_chain" for hierarchy "axis_controller:axis_controller|synchronizer_chain:sync1" File: /home/felix/DEV/Uni/WS2025/Hardwaredesign/PR9/axis_controller_ea.vhd Line: 74
Info (12128): Elaborating entity "btnCtrl" for hierarchy "axis_controller:axis_controller|btnCtrl:btnCtrl" File: /home/felix/DEV/Uni/WS2025/Hardwaredesign/PR9/axis_controller_ea.vhd Line: 114
Warning (10492): VHDL Process Statement warning at btnCtrl_ea.vhd(96): signal "incValue" is read inside the Process Statement but isn't in the Process Statement's sensitivity list File: /home/felix/DEV/Uni/WS2025/Hardwaredesign/PR9/btnCtrl_ea.vhd Line: 96
Warning (10492): VHDL Process Statement warning at btnCtrl_ea.vhd(99): signal "incValue" is read inside the Process Statement but isn't in the Process Statement's sensitivity list File: /home/felix/DEV/Uni/WS2025/Hardwaredesign/PR9/btnCtrl_ea.vhd Line: 99
Warning (10492): VHDL Process Statement warning at btnCtrl_ea.vhd(112): signal "incValue" is read inside the Process Statement but isn't in the Process Statement's sensitivity list File: /home/felix/DEV/Uni/WS2025/Hardwaredesign/PR9/btnCtrl_ea.vhd Line: 112
Warning (10492): VHDL Process Statement warning at btnCtrl_ea.vhd(116): signal "incValue" is read inside the Process Statement but isn't in the Process Statement's sensitivity list File: /home/felix/DEV/Uni/WS2025/Hardwaredesign/PR9/btnCtrl_ea.vhd Line: 116
Info (12128): Elaborating entity "debouncer" for hierarchy "axis_controller:axis_controller|btnCtrl:btnCtrl|debouncer:dbnc_increment" File: /home/felix/DEV/Uni/WS2025/Hardwaredesign/PR9/btnCtrl_ea.vhd Line: 36
Info (12128): Elaborating entity "periodical_strb_gen" for hierarchy "axis_controller:axis_controller|btnCtrl:btnCtrl|debouncer:dbnc_increment|periodical_strb_gen:strb_gen" File: /home/felix/DEV/Uni/WS2025/Hardwaredesign/PR9/debouncer_ea.vhd Line: 24
Info (12128): Elaborating entity "strobe_generator" for hierarchy "axis_controller:axis_controller|btnCtrl:btnCtrl|debouncer:dbnc_increment|periodical_strb_gen:strb_gen|strobe_generator:strb_gen" File: /home/felix/DEV/Uni/WS2025/Hardwaredesign/PR9/periodical_strb_gen_ea.vhd Line: 21
Info (12128): Elaborating entity "Tilt_board" for hierarchy "axis_controller:axis_controller|Tilt_board:tilt_x" File: /home/felix/DEV/Uni/WS2025/Hardwaredesign/PR9/axis_controller_ea.vhd Line: 130
Info (12128): Elaborating entity "moving_avg" for hierarchy "axis_controller:axis_controller|Tilt_board:tilt_x|moving_avg:moving_avg" File: /home/felix/DEV/Uni/WS2025/Hardwaredesign/PR9/Tilt_board_ea.vhd Line: 56
Warning (10492): VHDL Process Statement warning at moving_avg_ea.vhd(51): signal "sum" is read inside the Process Statement but isn't in the Process Statement's sensitivity list File: /home/felix/DEV/Uni/WS2025/Hardwaredesign/PR9/moving_avg_ea.vhd Line: 51
Warning (10492): VHDL Process Statement warning at moving_avg_ea.vhd(54): signal "strb_data_valid_i" is read inside the Process Statement but isn't in the Process Statement's sensitivity list File: /home/felix/DEV/Uni/WS2025/Hardwaredesign/PR9/moving_avg_ea.vhd Line: 54
Warning (10492): VHDL Process Statement warning at moving_avg_ea.vhd(56): signal "sum" is read inside the Process Statement but isn't in the Process Statement's sensitivity list File: /home/felix/DEV/Uni/WS2025/Hardwaredesign/PR9/moving_avg_ea.vhd Line: 56
Info (12128): Elaborating entity "DeltaADC" for hierarchy "axis_controller:axis_controller|Tilt_board:tilt_x|DeltaADC:adc" File: /home/felix/DEV/Uni/WS2025/Hardwaredesign/PR9/Tilt_board_ea.vhd Line: 81
Info (12128): Elaborating entity "PWM" for hierarchy "axis_controller:axis_controller|Tilt_board:tilt_x|DeltaADC:adc|PWM:pwm" File: /home/felix/DEV/Uni/WS2025/Hardwaredesign/PR9/deltaADC_ea.vhd Line: 41
Warning (10492): VHDL Process Statement warning at pwm_a.vhd(25): signal "ON_counter_val_i" is read inside the Process Statement but isn't in the Process Statement's sensitivity list File: /home/felix/DEV/Uni/WS2025/Hardwaredesign/PR9/pwm_a.vhd Line: 25
Warning (10492): VHDL Process Statement warning at pwm_a.vhd(27): signal "Period_counter_val_i" is read inside the Process Statement but isn't in the Process Statement's sensitivity list File: /home/felix/DEV/Uni/WS2025/Hardwaredesign/PR9/pwm_a.vhd Line: 27
Info (12128): Elaborating entity "HoldValueOnStrb" for hierarchy "axis_controller:axis_controller|Tilt_board:tilt_x|HoldValueOnStrb:holdValOnStrb" File: /home/felix/DEV/Uni/WS2025/Hardwaredesign/PR9/Tilt_board_ea.vhd Line: 94
Warning (10492): VHDL Process Statement warning at HoldValueOnStrb_a.vhd(25): signal "ADC_value_i" is read inside the Process Statement but isn't in the Process Statement's sensitivity list File: /home/felix/DEV/Uni/WS2025/Hardwaredesign/PR9/HoldValueOnStrb_a.vhd Line: 25
Info (12128): Elaborating entity "Tilt" for hierarchy "axis_controller:axis_controller|Tilt_board:tilt_x|Tilt:tilt" File: /home/felix/DEV/Uni/WS2025/Hardwaredesign/PR9/Tilt_board_ea.vhd Line: 106
Info (12128): Elaborating entity "bin2bcd" for hierarchy "axis_controller:axis_controller|Tilt_board:tilt_x|bin2bcd:bin2bcd" File: /home/felix/DEV/Uni/WS2025/Hardwaredesign/PR9/Tilt_board_ea.vhd Line: 115
Info (12128): Elaborating entity "bcd_to_7seg" for hierarchy "axis_controller:axis_controller|Tilt_board:tilt_x|bcd_to_7seg:bcd2sevenseg_ones" File: /home/felix/DEV/Uni/WS2025/Hardwaredesign/PR9/Tilt_board_ea.vhd Line: 125
Info (12128): Elaborating entity "servo_controller" for hierarchy "axis_controller:axis_controller|servo_controller:servoPwmX" File: /home/felix/DEV/Uni/WS2025/Hardwaredesign/PR9/axis_controller_ea.vhd Line: 160
Info (12128): Elaborating entity "PWM" for hierarchy "axis_controller:axis_controller|servo_controller:servoPwmX|PWM:pwm" File: /home/felix/DEV/Uni/WS2025/Hardwaredesign/PR9/ServoControl_ea.vhd Line: 26
Warning (10492): VHDL Process Statement warning at pwm_a.vhd(25): signal "ON_counter_val_i" is read inside the Process Statement but isn't in the Process Statement's sensitivity list File: /home/felix/DEV/Uni/WS2025/Hardwaredesign/PR9/pwm_a.vhd Line: 25
Warning (10492): VHDL Process Statement warning at pwm_a.vhd(27): signal "Period_counter_val_i" is read inside the Process Statement but isn't in the Process Statement's sensitivity list File: /home/felix/DEV/Uni/WS2025/Hardwaredesign/PR9/pwm_a.vhd Line: 27
Info (12128): Elaborating entity "cmd_proc" for hierarchy "axis_controller:axis_controller|cmd_proc:cmd_proc" File: /home/felix/DEV/Uni/WS2025/Hardwaredesign/PR9/axis_controller_ea.vhd Line: 184
Warning (10492): VHDL Process Statement warning at cmd_proc_a.vhd(66): signal "address" is read inside the Process Statement but isn't in the Process Statement's sensitivity list File: /home/felix/DEV/Uni/WS2025/Hardwaredesign/PR9/cmd_proc_a.vhd Line: 66
Warning (10492): VHDL Process Statement warning at cmd_proc_a.vhd(67): signal "command_count" is read inside the Process Statement but isn't in the Process Statement's sensitivity list File: /home/felix/DEV/Uni/WS2025/Hardwaredesign/PR9/cmd_proc_a.vhd Line: 67
Warning (10492): VHDL Process Statement warning at cmd_proc_a.vhd(68): signal "z_value" is read inside the Process Statement but isn't in the Process Statement's sensitivity list File: /home/felix/DEV/Uni/WS2025/Hardwaredesign/PR9/cmd_proc_a.vhd Line: 68
Warning (10492): VHDL Process Statement warning at cmd_proc_a.vhd(70): signal "r_sum" is read inside the Process Statement but isn't in the Process Statement's sensitivity list File: /home/felix/DEV/Uni/WS2025/Hardwaredesign/PR9/cmd_proc_a.vhd Line: 70
Warning (10492): VHDL Process Statement warning at cmd_proc_a.vhd(71): signal "theta_sum" is read inside the Process Statement but isn't in the Process Statement's sensitivity list File: /home/felix/DEV/Uni/WS2025/Hardwaredesign/PR9/cmd_proc_a.vhd Line: 71
Warning (10492): VHDL Process Statement warning at cmd_proc_a.vhd(86): signal "r_sum" is read inside the Process Statement but isn't in the Process Statement's sensitivity list File: /home/felix/DEV/Uni/WS2025/Hardwaredesign/PR9/cmd_proc_a.vhd Line: 86
Warning (10492): VHDL Process Statement warning at cmd_proc_a.vhd(86): signal "command_data" is read inside the Process Statement but isn't in the Process Statement's sensitivity list File: /home/felix/DEV/Uni/WS2025/Hardwaredesign/PR9/cmd_proc_a.vhd Line: 86
Warning (10492): VHDL Process Statement warning at cmd_proc_a.vhd(87): signal "theta_sum" is read inside the Process Statement but isn't in the Process Statement's sensitivity list File: /home/felix/DEV/Uni/WS2025/Hardwaredesign/PR9/cmd_proc_a.vhd Line: 87
Warning (10492): VHDL Process Statement warning at cmd_proc_a.vhd(87): signal "command_data" is read inside the Process Statement but isn't in the Process Statement's sensitivity list File: /home/felix/DEV/Uni/WS2025/Hardwaredesign/PR9/cmd_proc_a.vhd Line: 87
Warning (10492): VHDL Process Statement warning at cmd_proc_a.vhd(90): signal "command_count" is read inside the Process Statement but isn't in the Process Statement's sensitivity list File: /home/felix/DEV/Uni/WS2025/Hardwaredesign/PR9/cmd_proc_a.vhd Line: 90
Warning (10492): VHDL Process Statement warning at cmd_proc_a.vhd(98): signal "r_sum" is read inside the Process Statement but isn't in the Process Statement's sensitivity list File: /home/felix/DEV/Uni/WS2025/Hardwaredesign/PR9/cmd_proc_a.vhd Line: 98
Warning (10492): VHDL Process Statement warning at cmd_proc_a.vhd(100): signal "theta_sum" is read inside the Process Statement but isn't in the Process Statement's sensitivity list File: /home/felix/DEV/Uni/WS2025/Hardwaredesign/PR9/cmd_proc_a.vhd Line: 100
Warning (10492): VHDL Process Statement warning at cmd_proc_a.vhd(109): signal "r_sum" is read inside the Process Statement but isn't in the Process Statement's sensitivity list File: /home/felix/DEV/Uni/WS2025/Hardwaredesign/PR9/cmd_proc_a.vhd Line: 109
Warning (10492): VHDL Process Statement warning at cmd_proc_a.vhd(110): signal "theta_sum" is read inside the Process Statement but isn't in the Process Statement's sensitivity list File: /home/felix/DEV/Uni/WS2025/Hardwaredesign/PR9/cmd_proc_a.vhd Line: 110
Warning (10492): VHDL Process Statement warning at cmd_proc_a.vhd(112): signal "command_count" is read inside the Process Statement but isn't in the Process Statement's sensitivity list File: /home/felix/DEV/Uni/WS2025/Hardwaredesign/PR9/cmd_proc_a.vhd Line: 112
Warning (10492): VHDL Process Statement warning at cmd_proc_a.vhd(113): signal "address" is read inside the Process Statement but isn't in the Process Statement's sensitivity list File: /home/felix/DEV/Uni/WS2025/Hardwaredesign/PR9/cmd_proc_a.vhd Line: 113
Warning (10492): VHDL Process Statement warning at cmd_proc_a.vhd(114): signal "command_count" is read inside the Process Statement but isn't in the Process Statement's sensitivity list File: /home/felix/DEV/Uni/WS2025/Hardwaredesign/PR9/cmd_proc_a.vhd Line: 114
Warning (10492): VHDL Process Statement warning at cmd_proc_a.vhd(117): signal "command_count" is read inside the Process Statement but isn't in the Process Statement's sensitivity list File: /home/felix/DEV/Uni/WS2025/Hardwaredesign/PR9/cmd_proc_a.vhd Line: 117
Info (12128): Elaborating entity "command_rom" for hierarchy "axis_controller:axis_controller|cmd_proc:cmd_proc|command_rom:cmd_rom" File: /home/felix/DEV/Uni/WS2025/Hardwaredesign/PR9/cmd_proc_a.vhd Line: 24
Info (12128): Elaborating entity "strbgen_K" for hierarchy "axis_controller:axis_controller|strbgen_K:drawK_strbgen" File: /home/felix/DEV/Uni/WS2025/Hardwaredesign/PR9/axis_controller_ea.vhd Line: 200
Info (19000): Inferred 3 megafunctions from design logic
    Info (276029): Inferred altsyncram megafunction from the following design logic: "axis_controller:axis_controller|cmd_proc:cmd_proc|command_rom:cmd_rom|ROMMEM_rtl_0" 
        Info (286033): Parameter OPERATION_MODE set to ROM
        Info (286033): Parameter WIDTH_A set to 40
        Info (286033): Parameter WIDTHAD_A set to 6
        Info (286033): Parameter NUMWORDS_A set to 61
        Info (286033): Parameter OUTDATA_REG_A set to UNREGISTERED
        Info (286033): Parameter ADDRESS_ACLR_A set to NONE
        Info (286033): Parameter OUTDATA_ACLR_A set to NONE
        Info (286033): Parameter INDATA_ACLR_A set to NONE
        Info (286033): Parameter WRCONTROL_ACLR_A set to NONE
        Info (286033): Parameter INIT_FILE set to db/HWDP_PR_DE2.ram0_command_rom_34420a2a.hdl.mif
    Info (276034): Inferred altshift_taps megafunction from the following design logic: "axis_controller:axis_controller|Tilt_board:tilt_x|moving_avg:moving_avg|shift_reg_mem_rtl_0"
        Info (286033): Parameter NUMBER_OF_TAPS set to 1
        Info (286033): Parameter TAP_DISTANCE set to 17
        Info (286033): Parameter WIDTH set to 8
    Info (276034): Inferred altshift_taps megafunction from the following design logic: "axis_controller:axis_controller|Tilt_board:tilt_y|moving_avg:moving_avg|shift_reg_mem_rtl_0"
        Info (286033): Parameter NUMBER_OF_TAPS set to 1
        Info (286033): Parameter TAP_DISTANCE set to 17
        Info (286033): Parameter WIDTH set to 8
Info (278001): Inferred 3 megafunctions from design logic
    Info (278003): Inferred multiplier megafunction ("lpm_mult") from the following logic: "axis_controller:axis_controller|servo_controller:servoPwmX|Mult0" File: /home/felix/DEV/Uni/WS2025/Hardwaredesign/PR9/ServoControl_ea.vhd Line: 24
    Info (278003): Inferred multiplier megafunction ("lpm_mult") from the following logic: "axis_controller:axis_controller|servo_controller:servoPwmY|Mult0" File: /home/felix/DEV/Uni/WS2025/Hardwaredesign/PR9/ServoControl_ea.vhd Line: 24
    Info (278003): Inferred multiplier megafunction ("lpm_mult") from the following logic: "axis_controller:axis_controller|servo_controller:servoPwmZ|Mult0" File: /home/felix/DEV/Uni/WS2025/Hardwaredesign/PR9/ServoControl_ea.vhd Line: 24
Info (12130): Elaborated megafunction instantiation "axis_controller:axis_controller|cmd_proc:cmd_proc|command_rom:cmd_rom|altsyncram:ROMMEM_rtl_0"
Info (12133): Instantiated megafunction "axis_controller:axis_controller|cmd_proc:cmd_proc|command_rom:cmd_rom|altsyncram:ROMMEM_rtl_0" with the following parameter:
    Info (12134): Parameter "OPERATION_MODE" = "ROM"
    Info (12134): Parameter "WIDTH_A" = "40"
    Info (12134): Parameter "WIDTHAD_A" = "6"
    Info (12134): Parameter "NUMWORDS_A" = "61"
    Info (12134): Parameter "OUTDATA_REG_A" = "UNREGISTERED"
    Info (12134): Parameter "ADDRESS_ACLR_A" = "NONE"
    Info (12134): Parameter "OUTDATA_ACLR_A" = "NONE"
    Info (12134): Parameter "INDATA_ACLR_A" = "NONE"
    Info (12134): Parameter "WRCONTROL_ACLR_A" = "NONE"
    Info (12134): Parameter "INIT_FILE" = "db/HWDP_PR_DE2.ram0_command_rom_34420a2a.hdl.mif"
Info (12021): Found 1 design units, including 1 entities, in source file db/altsyncram_vn71.tdf
    Info (12023): Found entity 1: altsyncram_vn71 File: /home/felix/DEV/Uni/WS2025/Hardwaredesign/PR9/Quartus_Project_DE2/db/altsyncram_vn71.tdf Line: 28
Info (12130): Elaborated megafunction instantiation "axis_controller:axis_controller|Tilt_board:tilt_x|moving_avg:moving_avg|altshift_taps:shift_reg_mem_rtl_0"
Info (12133): Instantiated megafunction "axis_controller:axis_controller|Tilt_board:tilt_x|moving_avg:moving_avg|altshift_taps:shift_reg_mem_rtl_0" with the following parameter:
    Info (12134): Parameter "NUMBER_OF_TAPS" = "1"
    Info (12134): Parameter "TAP_DISTANCE" = "17"
    Info (12134): Parameter "WIDTH" = "8"
Info (12021): Found 1 design units, including 1 entities, in source file db/shift_taps_r9n.tdf
    Info (12023): Found entity 1: shift_taps_r9n File: /home/felix/DEV/Uni/WS2025/Hardwaredesign/PR9/Quartus_Project_DE2/db/shift_taps_r9n.tdf Line: 29
Info (12021): Found 1 design units, including 1 entities, in source file db/altsyncram_66b1.tdf
    Info (12023): Found entity 1: altsyncram_66b1 File: /home/felix/DEV/Uni/WS2025/Hardwaredesign/PR9/Quartus_Project_DE2/db/altsyncram_66b1.tdf Line: 28
Info (12021): Found 1 design units, including 1 entities, in source file db/cntr_luf.tdf
    Info (12023): Found entity 1: cntr_luf File: /home/felix/DEV/Uni/WS2025/Hardwaredesign/PR9/Quartus_Project_DE2/db/cntr_luf.tdf Line: 28
Info (12021): Found 1 design units, including 1 entities, in source file db/cmpr_kkc.tdf
    Info (12023): Found entity 1: cmpr_kkc File: /home/felix/DEV/Uni/WS2025/Hardwaredesign/PR9/Quartus_Project_DE2/db/cmpr_kkc.tdf Line: 23
Info (12021): Found 1 design units, including 1 entities, in source file db/cntr_beh.tdf
    Info (12023): Found entity 1: cntr_beh File: /home/felix/DEV/Uni/WS2025/Hardwaredesign/PR9/Quartus_Project_DE2/db/cntr_beh.tdf Line: 26
Info (12130): Elaborated megafunction instantiation "axis_controller:axis_controller|servo_controller:servoPwmX|lpm_mult:Mult0" File: /home/felix/DEV/Uni/WS2025/Hardwaredesign/PR9/ServoControl_ea.vhd Line: 24
Info (12133): Instantiated megafunction "axis_controller:axis_controller|servo_controller:servoPwmX|lpm_mult:Mult0" with the following parameter: File: /home/felix/DEV/Uni/WS2025/Hardwaredesign/PR9/ServoControl_ea.vhd Line: 24
    Info (12134): Parameter "LPM_WIDTHA" = "20"
    Info (12134): Parameter "LPM_WIDTHB" = "8"
    Info (12134): Parameter "LPM_WIDTHP" = "28"
    Info (12134): Parameter "LPM_WIDTHR" = "28"
    Info (12134): Parameter "LPM_WIDTHS" = "1"
    Info (12134): Parameter "LPM_REPRESENTATION" = "UNSIGNED"
    Info (12134): Parameter "INPUT_A_IS_CONSTANT" = "NO"
    Info (12134): Parameter "INPUT_B_IS_CONSTANT" = "YES"
    Info (12134): Parameter "MAXIMIZE_SPEED" = "5"
Info (12021): Found 1 design units, including 1 entities, in source file db/mult_5jt.tdf
    Info (12023): Found entity 1: mult_5jt File: /home/felix/DEV/Uni/WS2025/Hardwaredesign/PR9/Quartus_Project_DE2/db/mult_5jt.tdf Line: 31
Info (12130): Elaborated megafunction instantiation "axis_controller:axis_controller|servo_controller:servoPwmZ|lpm_mult:Mult0" File: /home/felix/DEV/Uni/WS2025/Hardwaredesign/PR9/ServoControl_ea.vhd Line: 24
Info (12133): Instantiated megafunction "axis_controller:axis_controller|servo_controller:servoPwmZ|lpm_mult:Mult0" with the following parameter: File: /home/felix/DEV/Uni/WS2025/Hardwaredesign/PR9/ServoControl_ea.vhd Line: 24
    Info (12134): Parameter "LPM_WIDTHA" = "20"
    Info (12134): Parameter "LPM_WIDTHB" = "8"
    Info (12134): Parameter "LPM_WIDTHP" = "28"
    Info (12134): Parameter "LPM_WIDTHR" = "28"
    Info (12134): Parameter "LPM_WIDTHS" = "1"
    Info (12134): Parameter "LPM_REPRESENTATION" = "UNSIGNED"
    Info (12134): Parameter "INPUT_A_IS_CONSTANT" = "NO"
    Info (12134): Parameter "INPUT_B_IS_CONSTANT" = "YES"
    Info (12134): Parameter "MAXIMIZE_SPEED" = "5"
Info (13014): Ignored 18 buffer(s)
    Info (13019): Ignored 18 SOFT buffer(s)
Warning (13034): The following nodes have both tri-state and non-tri-state drivers
    Warning (13035): Inserted always-enabled tri-state buffer between "GPIO[0]" and its non-tri-state driver. File: /home/felix/DEV/Uni/WS2025/Hardwaredesign/PR9/DE2_Standard.vhd Line: 37
    Warning (13035): Inserted always-enabled tri-state buffer between "GPIO[1]" and its non-tri-state driver. File: /home/felix/DEV/Uni/WS2025/Hardwaredesign/PR9/DE2_Standard.vhd Line: 37
    Warning (13035): Inserted always-enabled tri-state buffer between "GPIO[2]" and its non-tri-state driver. File: /home/felix/DEV/Uni/WS2025/Hardwaredesign/PR9/DE2_Standard.vhd Line: 37
    Warning (13035): Inserted always-enabled tri-state buffer between "GPIO[3]" and its non-tri-state driver. File: /home/felix/DEV/Uni/WS2025/Hardwaredesign/PR9/DE2_Standard.vhd Line: 37
    Warning (13035): Inserted always-enabled tri-state buffer between "GPIO[4]" and its non-tri-state driver. File: /home/felix/DEV/Uni/WS2025/Hardwaredesign/PR9/DE2_Standard.vhd Line: 37
Warning (13039): The following bidirectional pins have no drivers
    Warning (13040): bidirectional pin "GPIO[5]" has no driver File: /home/felix/DEV/Uni/WS2025/Hardwaredesign/PR9/DE2_Standard.vhd Line: 37
    Warning (13040): bidirectional pin "GPIO[6]" has no driver File: /home/felix/DEV/Uni/WS2025/Hardwaredesign/PR9/DE2_Standard.vhd Line: 37
    Warning (13040): bidirectional pin "GPIO[7]" has no driver File: /home/felix/DEV/Uni/WS2025/Hardwaredesign/PR9/DE2_Standard.vhd Line: 37
    Warning (13040): bidirectional pin "GPIO[8]" has no driver File: /home/felix/DEV/Uni/WS2025/Hardwaredesign/PR9/DE2_Standard.vhd Line: 37
    Warning (13040): bidirectional pin "GPIO[9]" has no driver File: /home/felix/DEV/Uni/WS2025/Hardwaredesign/PR9/DE2_Standard.vhd Line: 37
    Warning (13040): bidirectional pin "GPIO[10]" has no driver File: /home/felix/DEV/Uni/WS2025/Hardwaredesign/PR9/DE2_Standard.vhd Line: 37
    Warning (13040): bidirectional pin "GPIO[11]" has no driver File: /home/felix/DEV/Uni/WS2025/Hardwaredesign/PR9/DE2_Standard.vhd Line: 37
    Warning (13040): bidirectional pin "GPIO[12]" has no driver File: /home/felix/DEV/Uni/WS2025/Hardwaredesign/PR9/DE2_Standard.vhd Line: 37
    Warning (13040): bidirectional pin "GPIO[13]" has no driver File: /home/felix/DEV/Uni/WS2025/Hardwaredesign/PR9/DE2_Standard.vhd Line: 37
    Warning (13040): bidirectional pin "GPIO[14]" has no driver File: /home/felix/DEV/Uni/WS2025/Hardwaredesign/PR9/DE2_Standard.vhd Line: 37
    Warning (13040): bidirectional pin "GPIO[15]" has no driver File: /home/felix/DEV/Uni/WS2025/Hardwaredesign/PR9/DE2_Standard.vhd Line: 37
    Warning (13040): bidirectional pin "GPIO[16]" has no driver File: /home/felix/DEV/Uni/WS2025/Hardwaredesign/PR9/DE2_Standard.vhd Line: 37
    Warning (13040): bidirectional pin "GPIO[17]" has no driver File: /home/felix/DEV/Uni/WS2025/Hardwaredesign/PR9/DE2_Standard.vhd Line: 37
    Warning (13040): bidirectional pin "GPIO[18]" has no driver File: /home/felix/DEV/Uni/WS2025/Hardwaredesign/PR9/DE2_Standard.vhd Line: 37
    Warning (13040): bidirectional pin "GPIO[19]" has no driver File: /home/felix/DEV/Uni/WS2025/Hardwaredesign/PR9/DE2_Standard.vhd Line: 37
    Warning (13040): bidirectional pin "GPIO[20]" has no driver File: /home/felix/DEV/Uni/WS2025/Hardwaredesign/PR9/DE2_Standard.vhd Line: 37
    Warning (13040): bidirectional pin "GPIO[21]" has no driver File: /home/felix/DEV/Uni/WS2025/Hardwaredesign/PR9/DE2_Standard.vhd Line: 37
    Warning (13040): bidirectional pin "GPIO[22]" has no driver File: /home/felix/DEV/Uni/WS2025/Hardwaredesign/PR9/DE2_Standard.vhd Line: 37
    Warning (13040): bidirectional pin "GPIO[23]" has no driver File: /home/felix/DEV/Uni/WS2025/Hardwaredesign/PR9/DE2_Standard.vhd Line: 37
    Warning (13040): bidirectional pin "GPIO[24]" has no driver File: /home/felix/DEV/Uni/WS2025/Hardwaredesign/PR9/DE2_Standard.vhd Line: 37
    Warning (13040): bidirectional pin "GPIO[25]" has no driver File: /home/felix/DEV/Uni/WS2025/Hardwaredesign/PR9/DE2_Standard.vhd Line: 37
    Warning (13040): bidirectional pin "GPIO[26]" has no driver File: /home/felix/DEV/Uni/WS2025/Hardwaredesign/PR9/DE2_Standard.vhd Line: 37
    Warning (13040): bidirectional pin "GPIO[27]" has no driver File: /home/felix/DEV/Uni/WS2025/Hardwaredesign/PR9/DE2_Standard.vhd Line: 37
    Warning (13040): bidirectional pin "GPIO[28]" has no driver File: /home/felix/DEV/Uni/WS2025/Hardwaredesign/PR9/DE2_Standard.vhd Line: 37
    Warning (13040): bidirectional pin "GPIO[29]" has no driver File: /home/felix/DEV/Uni/WS2025/Hardwaredesign/PR9/DE2_Standard.vhd Line: 37
    Warning (13040): bidirectional pin "GPIO[30]" has no driver File: /home/felix/DEV/Uni/WS2025/Hardwaredesign/PR9/DE2_Standard.vhd Line: 37
    Warning (13040): bidirectional pin "GPIO[31]" has no driver File: /home/felix/DEV/Uni/WS2025/Hardwaredesign/PR9/DE2_Standard.vhd Line: 37
    Warning (13040): bidirectional pin "GPIO[32]" has no driver File: /home/felix/DEV/Uni/WS2025/Hardwaredesign/PR9/DE2_Standard.vhd Line: 37
    Warning (13040): bidirectional pin "GPIO[33]" has no driver File: /home/felix/DEV/Uni/WS2025/Hardwaredesign/PR9/DE2_Standard.vhd Line: 37
    Warning (13040): bidirectional pin "GPIO[34]" has no driver File: /home/felix/DEV/Uni/WS2025/Hardwaredesign/PR9/DE2_Standard.vhd Line: 37
    Warning (13040): bidirectional pin "GPIO[35]" has no driver File: /home/felix/DEV/Uni/WS2025/Hardwaredesign/PR9/DE2_Standard.vhd Line: 37
Warning (13032): The following tri-state nodes are fed by constants
    Warning (13033): The pin "FAN_CTRL" is fed by GND File: /home/felix/DEV/Uni/WS2025/Hardwaredesign/PR9/DE2_Standard.vhd Line: 43
Info (13000): Registers with preset signals will power-up high File: /home/felix/DEV/Uni/WS2025/Hardwaredesign/PR9/btnCtrl_ea.vhd Line: 136
Info (13003): DEV_CLRn pin will set, and not reset, register with preset signal due to NOT Gate Push-Back
Warning (13009): TRI or OPNDRN buffers permanently enabled
    Warning (13010): Node "GPIO[0]~synth" File: /home/felix/DEV/Uni/WS2025/Hardwaredesign/PR9/DE2_Standard.vhd Line: 37
    Warning (13010): Node "GPIO[1]~synth" File: /home/felix/DEV/Uni/WS2025/Hardwaredesign/PR9/DE2_Standard.vhd Line: 37
    Warning (13010): Node "GPIO[2]~synth" File: /home/felix/DEV/Uni/WS2025/Hardwaredesign/PR9/DE2_Standard.vhd Line: 37
    Warning (13010): Node "GPIO[3]~synth" File: /home/felix/DEV/Uni/WS2025/Hardwaredesign/PR9/DE2_Standard.vhd Line: 37
    Warning (13010): Node "GPIO[4]~synth" File: /home/felix/DEV/Uni/WS2025/Hardwaredesign/PR9/DE2_Standard.vhd Line: 37
Warning (13024): Output pins are stuck at VCC or GND
    Warning (13410): Pin "HEX2[1]" is stuck at GND File: /home/felix/DEV/Uni/WS2025/Hardwaredesign/PR9/DE2_Standard.vhd Line: 30
    Warning (13410): Pin "HEX5[1]" is stuck at GND File: /home/felix/DEV/Uni/WS2025/Hardwaredesign/PR9/DE2_Standard.vhd Line: 33
    Warning (13410): Pin "HEX7[6]" is stuck at GND File: /home/felix/DEV/Uni/WS2025/Hardwaredesign/PR9/DE2_Standard.vhd Line: 34
    Warning (13410): Pin "HEX7[5]" is stuck at GND File: /home/felix/DEV/Uni/WS2025/Hardwaredesign/PR9/DE2_Standard.vhd Line: 34
    Warning (13410): Pin "HEX7[4]" is stuck at GND File: /home/felix/DEV/Uni/WS2025/Hardwaredesign/PR9/DE2_Standard.vhd Line: 34
    Warning (13410): Pin "HEX7[3]" is stuck at GND File: /home/felix/DEV/Uni/WS2025/Hardwaredesign/PR9/DE2_Standard.vhd Line: 34
    Warning (13410): Pin "HEX7[2]" is stuck at GND File: /home/felix/DEV/Uni/WS2025/Hardwaredesign/PR9/DE2_Standard.vhd Line: 34
    Warning (13410): Pin "HEX7[1]" is stuck at GND File: /home/felix/DEV/Uni/WS2025/Hardwaredesign/PR9/DE2_Standard.vhd Line: 34
    Warning (13410): Pin "HEX7[0]" is stuck at GND File: /home/felix/DEV/Uni/WS2025/Hardwaredesign/PR9/DE2_Standard.vhd Line: 34
    Warning (13410): Pin "LEDG[0]" is stuck at GND File: /home/felix/DEV/Uni/WS2025/Hardwaredesign/PR9/DE2_Standard.vhd Line: 40
    Warning (13410): Pin "LEDG[1]" is stuck at GND File: /home/felix/DEV/Uni/WS2025/Hardwaredesign/PR9/DE2_Standard.vhd Line: 40
    Warning (13410): Pin "LEDG[2]" is stuck at GND File: /home/felix/DEV/Uni/WS2025/Hardwaredesign/PR9/DE2_Standard.vhd Line: 40
    Warning (13410): Pin "LEDG[3]" is stuck at GND File: /home/felix/DEV/Uni/WS2025/Hardwaredesign/PR9/DE2_Standard.vhd Line: 40
    Warning (13410): Pin "LEDG[4]" is stuck at GND File: /home/felix/DEV/Uni/WS2025/Hardwaredesign/PR9/DE2_Standard.vhd Line: 40
    Warning (13410): Pin "LEDG[5]" is stuck at GND File: /home/felix/DEV/Uni/WS2025/Hardwaredesign/PR9/DE2_Standard.vhd Line: 40
    Warning (13410): Pin "LEDG[6]" is stuck at GND File: /home/felix/DEV/Uni/WS2025/Hardwaredesign/PR9/DE2_Standard.vhd Line: 40
    Warning (13410): Pin "LEDG[7]" is stuck at GND File: /home/felix/DEV/Uni/WS2025/Hardwaredesign/PR9/DE2_Standard.vhd Line: 40
    Warning (13410): Pin "LEDG[8]" is stuck at GND File: /home/felix/DEV/Uni/WS2025/Hardwaredesign/PR9/DE2_Standard.vhd Line: 40
    Warning (13410): Pin "LEDR[0]" is stuck at GND File: /home/felix/DEV/Uni/WS2025/Hardwaredesign/PR9/DE2_Standard.vhd Line: 41
    Warning (13410): Pin "LEDR[1]" is stuck at GND File: /home/felix/DEV/Uni/WS2025/Hardwaredesign/PR9/DE2_Standard.vhd Line: 41
    Warning (13410): Pin "LEDR[2]" is stuck at GND File: /home/felix/DEV/Uni/WS2025/Hardwaredesign/PR9/DE2_Standard.vhd Line: 41
    Warning (13410): Pin "LEDR[3]" is stuck at GND File: /home/felix/DEV/Uni/WS2025/Hardwaredesign/PR9/DE2_Standard.vhd Line: 41
    Warning (13410): Pin "LEDR[4]" is stuck at GND File: /home/felix/DEV/Uni/WS2025/Hardwaredesign/PR9/DE2_Standard.vhd Line: 41
    Warning (13410): Pin "LEDR[5]" is stuck at GND File: /home/felix/DEV/Uni/WS2025/Hardwaredesign/PR9/DE2_Standard.vhd Line: 41
    Warning (13410): Pin "LEDR[6]" is stuck at GND File: /home/felix/DEV/Uni/WS2025/Hardwaredesign/PR9/DE2_Standard.vhd Line: 41
    Warning (13410): Pin "LEDR[7]" is stuck at GND File: /home/felix/DEV/Uni/WS2025/Hardwaredesign/PR9/DE2_Standard.vhd Line: 41
    Warning (13410): Pin "LEDR[8]" is stuck at GND File: /home/felix/DEV/Uni/WS2025/Hardwaredesign/PR9/DE2_Standard.vhd Line: 41
    Warning (13410): Pin "LEDR[9]" is stuck at GND File: /home/felix/DEV/Uni/WS2025/Hardwaredesign/PR9/DE2_Standard.vhd Line: 41
    Warning (13410): Pin "LEDR[10]" is stuck at GND File: /home/felix/DEV/Uni/WS2025/Hardwaredesign/PR9/DE2_Standard.vhd Line: 41
    Warning (13410): Pin "LEDR[11]" is stuck at GND File: /home/felix/DEV/Uni/WS2025/Hardwaredesign/PR9/DE2_Standard.vhd Line: 41
    Warning (13410): Pin "LEDR[12]" is stuck at GND File: /home/felix/DEV/Uni/WS2025/Hardwaredesign/PR9/DE2_Standard.vhd Line: 41
    Warning (13410): Pin "LEDR[13]" is stuck at GND File: /home/felix/DEV/Uni/WS2025/Hardwaredesign/PR9/DE2_Standard.vhd Line: 41
    Warning (13410): Pin "LEDR[14]" is stuck at GND File: /home/felix/DEV/Uni/WS2025/Hardwaredesign/PR9/DE2_Standard.vhd Line: 41
    Warning (13410): Pin "LEDR[15]" is stuck at GND File: /home/felix/DEV/Uni/WS2025/Hardwaredesign/PR9/DE2_Standard.vhd Line: 41
    Warning (13410): Pin "LEDR[16]" is stuck at GND File: /home/felix/DEV/Uni/WS2025/Hardwaredesign/PR9/DE2_Standard.vhd Line: 41
    Warning (13410): Pin "LEDR[17]" is stuck at GND File: /home/felix/DEV/Uni/WS2025/Hardwaredesign/PR9/DE2_Standard.vhd Line: 41
Info (286030): Timing-Driven Synthesis is running
Critical Warning (18061): Ignored Power-Up Level option on the following registers
    Critical Warning (18010): Register axis_controller:axis_controller|cmd_proc:cmd_proc|command_count[31] will power up to Low File: /home/felix/DEV/Uni/WS2025/Hardwaredesign/PR9/cmd_proc_a.vhd Line: 48
    Critical Warning (18010): Register axis_controller:axis_controller|cmd_proc:cmd_proc|command_count[0] will power up to Low File: /home/felix/DEV/Uni/WS2025/Hardwaredesign/PR9/cmd_proc_a.vhd Line: 48
    Critical Warning (18010): Register axis_controller:axis_controller|Tilt_board:tilt_x|DeltaADC:adc|strobe_generator:strobe_gen|cycles_until_strobe[19] will power up to High File: /home/felix/DEV/Uni/WS2025/Hardwaredesign/PR9/strb_gen_a.vhd Line: 13
    Critical Warning (18010): Register axis_controller:axis_controller|Tilt_board:tilt_x|DeltaADC:adc|strobe_generator:strobe_gen|cycles_until_strobe[18] will power up to High File: /home/felix/DEV/Uni/WS2025/Hardwaredesign/PR9/strb_gen_a.vhd Line: 13
    Critical Warning (18010): Register axis_controller:axis_controller|Tilt_board:tilt_x|DeltaADC:adc|strobe_generator:strobe_gen|cycles_until_strobe[17] will power up to High File: /home/felix/DEV/Uni/WS2025/Hardwaredesign/PR9/strb_gen_a.vhd Line: 13
    Critical Warning (18010): Register axis_controller:axis_controller|Tilt_board:tilt_x|DeltaADC:adc|strobe_generator:strobe_gen|cycles_until_strobe[16] will power up to High File: /home/felix/DEV/Uni/WS2025/Hardwaredesign/PR9/strb_gen_a.vhd Line: 13
    Critical Warning (18010): Register axis_controller:axis_controller|Tilt_board:tilt_x|DeltaADC:adc|strobe_generator:strobe_gen|cycles_until_strobe[14] will power up to High File: /home/felix/DEV/Uni/WS2025/Hardwaredesign/PR9/strb_gen_a.vhd Line: 13
    Critical Warning (18010): Register axis_controller:axis_controller|Tilt_board:tilt_x|DeltaADC:adc|strobe_generator:strobe_gen|cycles_until_strobe[9] will power up to High File: /home/felix/DEV/Uni/WS2025/Hardwaredesign/PR9/strb_gen_a.vhd Line: 13
    Critical Warning (18010): Register axis_controller:axis_controller|Tilt_board:tilt_x|DeltaADC:adc|strobe_generator:strobe_gen|cycles_until_strobe[5] will power up to High File: /home/felix/DEV/Uni/WS2025/Hardwaredesign/PR9/strb_gen_a.vhd Line: 13
    Critical Warning (18010): Register axis_controller:axis_controller|Tilt_board:tilt_x|DeltaADC:adc|strobe_generator:strobe_gen|cycles_until_strobe[4] will power up to High File: /home/felix/DEV/Uni/WS2025/Hardwaredesign/PR9/strb_gen_a.vhd Line: 13
    Critical Warning (18010): Register axis_controller:axis_controller|Tilt_board:tilt_x|DeltaADC:adc|strobe_generator:strobe_gen|cycles_until_strobe[3] will power up to High File: /home/felix/DEV/Uni/WS2025/Hardwaredesign/PR9/strb_gen_a.vhd Line: 13
    Critical Warning (18010): Register axis_controller:axis_controller|Tilt_board:tilt_x|DeltaADC:adc|strobe_generator:strobe_gen|cycles_until_strobe[2] will power up to High File: /home/felix/DEV/Uni/WS2025/Hardwaredesign/PR9/strb_gen_a.vhd Line: 13
    Critical Warning (18010): Register axis_controller:axis_controller|Tilt_board:tilt_x|DeltaADC:adc|strobe_generator:strobe_gen|cycles_until_strobe[1] will power up to High File: /home/felix/DEV/Uni/WS2025/Hardwaredesign/PR9/strb_gen_a.vhd Line: 13
    Critical Warning (18010): Register axis_controller:axis_controller|Tilt_board:tilt_x|DeltaADC:adc|strobe_generator:strobe_gen|cycles_until_strobe[0] will power up to High File: /home/felix/DEV/Uni/WS2025/Hardwaredesign/PR9/strb_gen_a.vhd Line: 13
    Critical Warning (18010): Register axis_controller:axis_controller|cmd_proc:cmd_proc|periodical_strb_gen:strb_gen|strobe_generator:strb_gen|cycles_until_strobe[19] will power up to High File: /home/felix/DEV/Uni/WS2025/Hardwaredesign/PR9/strb_gen_a.vhd Line: 13
    Critical Warning (18010): Register axis_controller:axis_controller|cmd_proc:cmd_proc|periodical_strb_gen:strb_gen|strobe_generator:strb_gen|cycles_until_strobe[18] will power up to High File: /home/felix/DEV/Uni/WS2025/Hardwaredesign/PR9/strb_gen_a.vhd Line: 13
    Critical Warning (18010): Register axis_controller:axis_controller|cmd_proc:cmd_proc|periodical_strb_gen:strb_gen|strobe_generator:strb_gen|cycles_until_strobe[17] will power up to High File: /home/felix/DEV/Uni/WS2025/Hardwaredesign/PR9/strb_gen_a.vhd Line: 13
    Critical Warning (18010): Register axis_controller:axis_controller|cmd_proc:cmd_proc|periodical_strb_gen:strb_gen|strobe_generator:strb_gen|cycles_until_strobe[16] will power up to High File: /home/felix/DEV/Uni/WS2025/Hardwaredesign/PR9/strb_gen_a.vhd Line: 13
    Critical Warning (18010): Register axis_controller:axis_controller|cmd_proc:cmd_proc|periodical_strb_gen:strb_gen|strobe_generator:strb_gen|cycles_until_strobe[14] will power up to High File: /home/felix/DEV/Uni/WS2025/Hardwaredesign/PR9/strb_gen_a.vhd Line: 13
    Critical Warning (18010): Register axis_controller:axis_controller|cmd_proc:cmd_proc|periodical_strb_gen:strb_gen|strobe_generator:strb_gen|cycles_until_strobe[9] will power up to High File: /home/felix/DEV/Uni/WS2025/Hardwaredesign/PR9/strb_gen_a.vhd Line: 13
    Critical Warning (18010): Register axis_controller:axis_controller|cmd_proc:cmd_proc|periodical_strb_gen:strb_gen|strobe_generator:strb_gen|cycles_until_strobe[5] will power up to High File: /home/felix/DEV/Uni/WS2025/Hardwaredesign/PR9/strb_gen_a.vhd Line: 13
    Critical Warning (18010): Register axis_controller:axis_controller|cmd_proc:cmd_proc|periodical_strb_gen:strb_gen|strobe_generator:strb_gen|cycles_until_strobe[4] will power up to High File: /home/felix/DEV/Uni/WS2025/Hardwaredesign/PR9/strb_gen_a.vhd Line: 13
    Critical Warning (18010): Register axis_controller:axis_controller|cmd_proc:cmd_proc|periodical_strb_gen:strb_gen|strobe_generator:strb_gen|cycles_until_strobe[3] will power up to High File: /home/felix/DEV/Uni/WS2025/Hardwaredesign/PR9/strb_gen_a.vhd Line: 13
    Critical Warning (18010): Register axis_controller:axis_controller|cmd_proc:cmd_proc|periodical_strb_gen:strb_gen|strobe_generator:strb_gen|cycles_until_strobe[2] will power up to High File: /home/felix/DEV/Uni/WS2025/Hardwaredesign/PR9/strb_gen_a.vhd Line: 13
    Critical Warning (18010): Register axis_controller:axis_controller|cmd_proc:cmd_proc|periodical_strb_gen:strb_gen|strobe_generator:strb_gen|cycles_until_strobe[1] will power up to High File: /home/felix/DEV/Uni/WS2025/Hardwaredesign/PR9/strb_gen_a.vhd Line: 13
    Critical Warning (18010): Register axis_controller:axis_controller|cmd_proc:cmd_proc|periodical_strb_gen:strb_gen|strobe_generator:strb_gen|cycles_until_strobe[0] will power up to High File: /home/felix/DEV/Uni/WS2025/Hardwaredesign/PR9/strb_gen_a.vhd Line: 13
    Critical Warning (18010): Register axis_controller:axis_controller|btnCtrl:btnCtrl|debouncer:dbnc_decrement|periodical_strb_gen:strb_gen|strobe_generator:strb_gen|cycles_until_strobe[19] will power up to High File: /home/felix/DEV/Uni/WS2025/Hardwaredesign/PR9/strb_gen_a.vhd Line: 13
    Critical Warning (18010): Register axis_controller:axis_controller|btnCtrl:btnCtrl|debouncer:dbnc_decrement|periodical_strb_gen:strb_gen|strobe_generator:strb_gen|cycles_until_strobe[18] will power up to High File: /home/felix/DEV/Uni/WS2025/Hardwaredesign/PR9/strb_gen_a.vhd Line: 13
    Critical Warning (18010): Register axis_controller:axis_controller|btnCtrl:btnCtrl|debouncer:dbnc_decrement|periodical_strb_gen:strb_gen|strobe_generator:strb_gen|cycles_until_strobe[17] will power up to High File: /home/felix/DEV/Uni/WS2025/Hardwaredesign/PR9/strb_gen_a.vhd Line: 13
    Critical Warning (18010): Register axis_controller:axis_controller|btnCtrl:btnCtrl|debouncer:dbnc_decrement|periodical_strb_gen:strb_gen|strobe_generator:strb_gen|cycles_until_strobe[16] will power up to High File: /home/felix/DEV/Uni/WS2025/Hardwaredesign/PR9/strb_gen_a.vhd Line: 13
    Critical Warning (18010): Register axis_controller:axis_controller|btnCtrl:btnCtrl|debouncer:dbnc_decrement|periodical_strb_gen:strb_gen|strobe_generator:strb_gen|cycles_until_strobe[14] will power up to High File: /home/felix/DEV/Uni/WS2025/Hardwaredesign/PR9/strb_gen_a.vhd Line: 13
    Critical Warning (18010): Register axis_controller:axis_controller|btnCtrl:btnCtrl|debouncer:dbnc_decrement|periodical_strb_gen:strb_gen|strobe_generator:strb_gen|cycles_until_strobe[9] will power up to High File: /home/felix/DEV/Uni/WS2025/Hardwaredesign/PR9/strb_gen_a.vhd Line: 13
    Critical Warning (18010): Register axis_controller:axis_controller|btnCtrl:btnCtrl|debouncer:dbnc_decrement|periodical_strb_gen:strb_gen|strobe_generator:strb_gen|cycles_until_strobe[5] will power up to High File: /home/felix/DEV/Uni/WS2025/Hardwaredesign/PR9/strb_gen_a.vhd Line: 13
    Critical Warning (18010): Register axis_controller:axis_controller|btnCtrl:btnCtrl|debouncer:dbnc_decrement|periodical_strb_gen:strb_gen|strobe_generator:strb_gen|cycles_until_strobe[4] will power up to High File: /home/felix/DEV/Uni/WS2025/Hardwaredesign/PR9/strb_gen_a.vhd Line: 13
    Critical Warning (18010): Register axis_controller:axis_controller|btnCtrl:btnCtrl|debouncer:dbnc_decrement|periodical_strb_gen:strb_gen|strobe_generator:strb_gen|cycles_until_strobe[3] will power up to High File: /home/felix/DEV/Uni/WS2025/Hardwaredesign/PR9/strb_gen_a.vhd Line: 13
    Critical Warning (18010): Register axis_controller:axis_controller|btnCtrl:btnCtrl|debouncer:dbnc_decrement|periodical_strb_gen:strb_gen|strobe_generator:strb_gen|cycles_until_strobe[2] will power up to High File: /home/felix/DEV/Uni/WS2025/Hardwaredesign/PR9/strb_gen_a.vhd Line: 13
    Critical Warning (18010): Register axis_controller:axis_controller|btnCtrl:btnCtrl|debouncer:dbnc_decrement|periodical_strb_gen:strb_gen|strobe_generator:strb_gen|cycles_until_strobe[1] will power up to High File: /home/felix/DEV/Uni/WS2025/Hardwaredesign/PR9/strb_gen_a.vhd Line: 13
    Critical Warning (18010): Register axis_controller:axis_controller|btnCtrl:btnCtrl|debouncer:dbnc_decrement|periodical_strb_gen:strb_gen|strobe_generator:strb_gen|cycles_until_strobe[0] will power up to High File: /home/felix/DEV/Uni/WS2025/Hardwaredesign/PR9/strb_gen_a.vhd Line: 13
    Critical Warning (18010): Register axis_controller:axis_controller|btnCtrl:btnCtrl|debouncer:dbnc_increment|periodical_strb_gen:strb_gen|strobe_generator:strb_gen|cycles_until_strobe[19] will power up to High File: /home/felix/DEV/Uni/WS2025/Hardwaredesign/PR9/strb_gen_a.vhd Line: 13
    Critical Warning (18010): Register axis_controller:axis_controller|btnCtrl:btnCtrl|debouncer:dbnc_increment|periodical_strb_gen:strb_gen|strobe_generator:strb_gen|cycles_until_strobe[18] will power up to High File: /home/felix/DEV/Uni/WS2025/Hardwaredesign/PR9/strb_gen_a.vhd Line: 13
    Critical Warning (18010): Register axis_controller:axis_controller|btnCtrl:btnCtrl|debouncer:dbnc_increment|periodical_strb_gen:strb_gen|strobe_generator:strb_gen|cycles_until_strobe[17] will power up to High File: /home/felix/DEV/Uni/WS2025/Hardwaredesign/PR9/strb_gen_a.vhd Line: 13
    Critical Warning (18010): Register axis_controller:axis_controller|btnCtrl:btnCtrl|debouncer:dbnc_increment|periodical_strb_gen:strb_gen|strobe_generator:strb_gen|cycles_until_strobe[16] will power up to High File: /home/felix/DEV/Uni/WS2025/Hardwaredesign/PR9/strb_gen_a.vhd Line: 13
    Critical Warning (18010): Register axis_controller:axis_controller|btnCtrl:btnCtrl|debouncer:dbnc_increment|periodical_strb_gen:strb_gen|strobe_generator:strb_gen|cycles_until_strobe[14] will power up to High File: /home/felix/DEV/Uni/WS2025/Hardwaredesign/PR9/strb_gen_a.vhd Line: 13
    Critical Warning (18010): Register axis_controller:axis_controller|btnCtrl:btnCtrl|debouncer:dbnc_increment|periodical_strb_gen:strb_gen|strobe_generator:strb_gen|cycles_until_strobe[9] will power up to High File: /home/felix/DEV/Uni/WS2025/Hardwaredesign/PR9/strb_gen_a.vhd Line: 13
    Critical Warning (18010): Register axis_controller:axis_controller|btnCtrl:btnCtrl|debouncer:dbnc_increment|periodical_strb_gen:strb_gen|strobe_generator:strb_gen|cycles_until_strobe[5] will power up to High File: /home/felix/DEV/Uni/WS2025/Hardwaredesign/PR9/strb_gen_a.vhd Line: 13
    Critical Warning (18010): Register axis_controller:axis_controller|btnCtrl:btnCtrl|debouncer:dbnc_increment|periodical_strb_gen:strb_gen|strobe_generator:strb_gen|cycles_until_strobe[4] will power up to High File: /home/felix/DEV/Uni/WS2025/Hardwaredesign/PR9/strb_gen_a.vhd Line: 13
    Critical Warning (18010): Register axis_controller:axis_controller|btnCtrl:btnCtrl|debouncer:dbnc_increment|periodical_strb_gen:strb_gen|strobe_generator:strb_gen|cycles_until_strobe[3] will power up to High File: /home/felix/DEV/Uni/WS2025/Hardwaredesign/PR9/strb_gen_a.vhd Line: 13
    Critical Warning (18010): Register axis_controller:axis_controller|btnCtrl:btnCtrl|debouncer:dbnc_increment|periodical_strb_gen:strb_gen|strobe_generator:strb_gen|cycles_until_strobe[2] will power up to High File: /home/felix/DEV/Uni/WS2025/Hardwaredesign/PR9/strb_gen_a.vhd Line: 13
    Critical Warning (18010): Register axis_controller:axis_controller|btnCtrl:btnCtrl|debouncer:dbnc_increment|periodical_strb_gen:strb_gen|strobe_generator:strb_gen|cycles_until_strobe[1] will power up to High File: /home/felix/DEV/Uni/WS2025/Hardwaredesign/PR9/strb_gen_a.vhd Line: 13
    Critical Warning (18010): Register axis_controller:axis_controller|btnCtrl:btnCtrl|debouncer:dbnc_increment|periodical_strb_gen:strb_gen|strobe_generator:strb_gen|cycles_until_strobe[0] will power up to High File: /home/felix/DEV/Uni/WS2025/Hardwaredesign/PR9/strb_gen_a.vhd Line: 13
    Critical Warning (18010): Register axis_controller:axis_controller|btnCtrl:btnCtrl|debouncer:dbnc_switchTen|periodical_strb_gen:strb_gen|strobe_generator:strb_gen|cycles_until_strobe[19] will power up to High File: /home/felix/DEV/Uni/WS2025/Hardwaredesign/PR9/strb_gen_a.vhd Line: 13
    Critical Warning (18010): Register axis_controller:axis_controller|btnCtrl:btnCtrl|debouncer:dbnc_switchTen|periodical_strb_gen:strb_gen|strobe_generator:strb_gen|cycles_until_strobe[18] will power up to High File: /home/felix/DEV/Uni/WS2025/Hardwaredesign/PR9/strb_gen_a.vhd Line: 13
    Critical Warning (18010): Register axis_controller:axis_controller|btnCtrl:btnCtrl|debouncer:dbnc_switchTen|periodical_strb_gen:strb_gen|strobe_generator:strb_gen|cycles_until_strobe[17] will power up to High File: /home/felix/DEV/Uni/WS2025/Hardwaredesign/PR9/strb_gen_a.vhd Line: 13
    Critical Warning (18010): Register axis_controller:axis_controller|btnCtrl:btnCtrl|debouncer:dbnc_switchTen|periodical_strb_gen:strb_gen|strobe_generator:strb_gen|cycles_until_strobe[16] will power up to High File: /home/felix/DEV/Uni/WS2025/Hardwaredesign/PR9/strb_gen_a.vhd Line: 13
    Critical Warning (18010): Register axis_controller:axis_controller|btnCtrl:btnCtrl|debouncer:dbnc_switchTen|periodical_strb_gen:strb_gen|strobe_generator:strb_gen|cycles_until_strobe[14] will power up to High File: /home/felix/DEV/Uni/WS2025/Hardwaredesign/PR9/strb_gen_a.vhd Line: 13
    Critical Warning (18010): Register axis_controller:axis_controller|btnCtrl:btnCtrl|debouncer:dbnc_switchTen|periodical_strb_gen:strb_gen|strobe_generator:strb_gen|cycles_until_strobe[9] will power up to High File: /home/felix/DEV/Uni/WS2025/Hardwaredesign/PR9/strb_gen_a.vhd Line: 13
    Critical Warning (18010): Register axis_controller:axis_controller|btnCtrl:btnCtrl|debouncer:dbnc_switchTen|periodical_strb_gen:strb_gen|strobe_generator:strb_gen|cycles_until_strobe[5] will power up to High File: /home/felix/DEV/Uni/WS2025/Hardwaredesign/PR9/strb_gen_a.vhd Line: 13
    Critical Warning (18010): Register axis_controller:axis_controller|btnCtrl:btnCtrl|debouncer:dbnc_switchTen|periodical_strb_gen:strb_gen|strobe_generator:strb_gen|cycles_until_strobe[4] will power up to High File: /home/felix/DEV/Uni/WS2025/Hardwaredesign/PR9/strb_gen_a.vhd Line: 13
    Critical Warning (18010): Register axis_controller:axis_controller|btnCtrl:btnCtrl|debouncer:dbnc_switchTen|periodical_strb_gen:strb_gen|strobe_generator:strb_gen|cycles_until_strobe[3] will power up to High File: /home/felix/DEV/Uni/WS2025/Hardwaredesign/PR9/strb_gen_a.vhd Line: 13
    Critical Warning (18010): Register axis_controller:axis_controller|btnCtrl:btnCtrl|debouncer:dbnc_switchTen|periodical_strb_gen:strb_gen|strobe_generator:strb_gen|cycles_until_strobe[2] will power up to High File: /home/felix/DEV/Uni/WS2025/Hardwaredesign/PR9/strb_gen_a.vhd Line: 13
    Critical Warning (18010): Register axis_controller:axis_controller|btnCtrl:btnCtrl|debouncer:dbnc_switchTen|periodical_strb_gen:strb_gen|strobe_generator:strb_gen|cycles_until_strobe[1] will power up to High File: /home/felix/DEV/Uni/WS2025/Hardwaredesign/PR9/strb_gen_a.vhd Line: 13
    Critical Warning (18010): Register axis_controller:axis_controller|btnCtrl:btnCtrl|debouncer:dbnc_switchTen|periodical_strb_gen:strb_gen|strobe_generator:strb_gen|cycles_until_strobe[0] will power up to High File: /home/felix/DEV/Uni/WS2025/Hardwaredesign/PR9/strb_gen_a.vhd Line: 13
Info (16010): Generating hard_block partition "hard_block:auto_generated_inst"
    Info (16011): Adding 0 node(s), including 0 DDIO, 0 PLL, 0 transceiver and 0 LCELL
Warning (21074): Design contains 15 input pin(s) that do not drive logic
    Warning (15610): No output dependent on input pin "CLOCK2_50" File: /home/felix/DEV/Uni/WS2025/Hardwaredesign/PR9/DE2_Standard.vhd Line: 17
    Warning (15610): No output dependent on input pin "CLOCK3_50" File: /home/felix/DEV/Uni/WS2025/Hardwaredesign/PR9/DE2_Standard.vhd Line: 18
    Warning (15610): No output dependent on input pin "SW[5]" File: /home/felix/DEV/Uni/WS2025/Hardwaredesign/PR9/DE2_Standard.vhd Line: 25
    Warning (15610): No output dependent on input pin "SW[6]" File: /home/felix/DEV/Uni/WS2025/Hardwaredesign/PR9/DE2_Standard.vhd Line: 25
    Warning (15610): No output dependent on input pin "SW[7]" File: /home/felix/DEV/Uni/WS2025/Hardwaredesign/PR9/DE2_Standard.vhd Line: 25
    Warning (15610): No output dependent on input pin "SW[8]" File: /home/felix/DEV/Uni/WS2025/Hardwaredesign/PR9/DE2_Standard.vhd Line: 25
    Warning (15610): No output dependent on input pin "SW[9]" File: /home/felix/DEV/Uni/WS2025/Hardwaredesign/PR9/DE2_Standard.vhd Line: 25
    Warning (15610): No output dependent on input pin "SW[10]" File: /home/felix/DEV/Uni/WS2025/Hardwaredesign/PR9/DE2_Standard.vhd Line: 25
    Warning (15610): No output dependent on input pin "SW[11]" File: /home/felix/DEV/Uni/WS2025/Hardwaredesign/PR9/DE2_Standard.vhd Line: 25
    Warning (15610): No output dependent on input pin "SW[12]" File: /home/felix/DEV/Uni/WS2025/Hardwaredesign/PR9/DE2_Standard.vhd Line: 25
    Warning (15610): No output dependent on input pin "SW[13]" File: /home/felix/DEV/Uni/WS2025/Hardwaredesign/PR9/DE2_Standard.vhd Line: 25
    Warning (15610): No output dependent on input pin "SW[14]" File: /home/felix/DEV/Uni/WS2025/Hardwaredesign/PR9/DE2_Standard.vhd Line: 25
    Warning (15610): No output dependent on input pin "SW[15]" File: /home/felix/DEV/Uni/WS2025/Hardwaredesign/PR9/DE2_Standard.vhd Line: 25
    Warning (15610): No output dependent on input pin "SW[16]" File: /home/felix/DEV/Uni/WS2025/Hardwaredesign/PR9/DE2_Standard.vhd Line: 25
    Warning (15610): No output dependent on input pin "SW[17]" File: /home/felix/DEV/Uni/WS2025/Hardwaredesign/PR9/DE2_Standard.vhd Line: 25
Info (21057): Implemented 1458 device resources after synthesis - the final resource count might be different
    Info (21058): Implemented 25 input pins
    Info (21059): Implemented 76 output pins
    Info (21060): Implemented 37 bidirectional pins
    Info (21061): Implemented 1255 logic cells
    Info (21064): Implemented 56 RAM segments
    Info (21062): Implemented 9 DSP elements
Info: Quartus Prime Analysis & Synthesis was successful. 0 errors, 196 warnings
    Info: Peak virtual memory: 591 megabytes
    Info: Processing ended: Mon Mar  9 21:30:40 2026
    Info: Elapsed time: 00:00:10
    Info: Total CPU time (on all processors): 00:00:28


