Timing Analyzer report for HWDP_PR_DE2
Mon Mar  9 21:31:13 2026
Quartus Prime Version 25.1std.0 Build 1129 10/21/2025 SC Lite Edition


---------------------
; Table of Contents ;
---------------------
  1. Legal Notice
  2. Timing Analyzer Summary
  3. Parallel Compilation
  4. Clocks
  5. Slow 1200mV 85C Model Fmax Summary
  6. Timing Closure Recommendations
  7. Slow 1200mV 85C Model Setup Summary
  8. Slow 1200mV 85C Model Hold Summary
  9. Slow 1200mV 85C Model Recovery Summary
 10. Slow 1200mV 85C Model Removal Summary
 11. Slow 1200mV 85C Model Minimum Pulse Width Summary
 12. Slow 1200mV 85C Model Setup: 'CLOCK_50'
 13. Slow 1200mV 85C Model Hold: 'CLOCK_50'
 14. Slow 1200mV 85C Model Recovery: 'CLOCK_50'
 15. Slow 1200mV 85C Model Removal: 'CLOCK_50'
 16. Slow 1200mV 85C Model Metastability Summary
 17. Slow 1200mV 0C Model Fmax Summary
 18. Slow 1200mV 0C Model Setup Summary
 19. Slow 1200mV 0C Model Hold Summary
 20. Slow 1200mV 0C Model Recovery Summary
 21. Slow 1200mV 0C Model Removal Summary
 22. Slow 1200mV 0C Model Minimum Pulse Width Summary
 23. Slow 1200mV 0C Model Setup: 'CLOCK_50'
 24. Slow 1200mV 0C Model Hold: 'CLOCK_50'
 25. Slow 1200mV 0C Model Recovery: 'CLOCK_50'
 26. Slow 1200mV 0C Model Removal: 'CLOCK_50'
 27. Slow 1200mV 0C Model Metastability Summary
 28. Fast 1200mV 0C Model Setup Summary
 29. Fast 1200mV 0C Model Hold Summary
 30. Fast 1200mV 0C Model Recovery Summary
 31. Fast 1200mV 0C Model Removal Summary
 32. Fast 1200mV 0C Model Minimum Pulse Width Summary
 33. Fast 1200mV 0C Model Setup: 'CLOCK_50'
 34. Fast 1200mV 0C Model Hold: 'CLOCK_50'
 35. Fast 1200mV 0C Model Recovery: 'CLOCK_50'
 36. Fast 1200mV 0C Model Removal: 'CLOCK_50'
 37. Fast 1200mV 0C Model Metastability Summary
 38. Multicorner Timing Analysis Summary
 39. Board Trace Model Assignments
 40. Input Transition Times
 41. Signal Integrity Metrics (Slow 1200mv 0c Model)
 42. Signal Integrity Metrics (Slow 1200mv 85c Model)
 43. Signal Integrity Metrics (Fast 1200mv 0c Model)
 44. Setup Transfers
 45. Hold Transfers
 46. Recovery Transfers
 47. Removal Transfers
 48. Report TCCS
 49. Report RSKM
 50. Unconstrained Paths Summary
 51. Clock Status Summary
 52. Unconstrained Input Ports
 53. Unconstrained Output Ports
 54. Unconstrained Input Ports
 55. Unconstrained Output Ports
 56. Timing Analyzer Messages



----------------
; Legal Notice ;
----------------
Copyright (C) 2025  Altera Corporation. All rights reserved.
Your use of Altera Corporation's design tools, logic functions 
and other software and tools, and any partner logic 
functions, and any output files from any of the foregoing 
(including device programming or simulation files), and any 
associated documentation or information are expressly subject 
to the terms and conditions of the Altera Program License 
Subscription Agreement, the Altera Quartus Prime License Agreement,
the Altera IP License Agreement, or other applicable license
agreement, including, without limitation, that your use is for
the sole purpose of programming logic devices manufactured by
Altera and sold by Altera or its authorized distributors.  Please
refer to the Altera Software License Subscription Agreements 
on the Quartus Prime software download page.



+---------------------------------------------------------------------------------+
; Timing Analyzer Summary                                                         ;
+-----------------------+---------------------------------------------------------+
; Quartus Prime Version ; Version 25.1std.0 Build 1129 10/21/2025 SC Lite Edition ;
; Timing Analyzer       ; Legacy Timing Analyzer                                  ;
; Revision Name         ; HWDP_PR_DE2                                             ;
; Device Family         ; Cyclone IV GX                                           ;
; Device Name           ; EP4CGX150DF31C7                                         ;
; Timing Models         ; Final                                                   ;
; Delay Model           ; Combined                                                ;
; Rise/Fall Delays      ; Enabled                                                 ;
+-----------------------+---------------------------------------------------------+


+------------------------------------------+
; Parallel Compilation                     ;
+----------------------------+-------------+
; Processors                 ; Number      ;
+----------------------------+-------------+
; Number detected on machine ; 16          ;
; Maximum allowed            ; 16          ;
;                            ;             ;
; Average used               ; 1.31        ;
; Maximum used               ; 16          ;
;                            ;             ;
; Usage by Processor         ; % Time Used ;
;     Processor 1            ; 100.0%      ;
;     Processor 2            ;   7.2%      ;
;     Processor 3            ;   2.2%      ;
;     Processors 4-16        ;   1.7%      ;
+----------------------------+-------------+


+--------------------------------------------------------------------------------------------------------------------------------------------------------------------------------------+
; Clocks                                                                                                                                                                               ;
+------------+------+--------+------------+-------+-------+------------+-----------+-------------+-------+--------+-----------+------------+----------+--------+--------+--------------+
; Clock Name ; Type ; Period ; Frequency  ; Rise  ; Fall  ; Duty Cycle ; Divide by ; Multiply by ; Phase ; Offset ; Edge List ; Edge Shift ; Inverted ; Master ; Source ; Targets      ;
+------------+------+--------+------------+-------+-------+------------+-----------+-------------+-------+--------+-----------+------------+----------+--------+--------+--------------+
; CLOCK_50   ; Base ; 1.000  ; 1000.0 MHz ; 0.000 ; 0.500 ;            ;           ;             ;       ;        ;           ;            ;          ;        ;        ; { CLOCK_50 } ;
+------------+------+--------+------------+-------+-------+------------+-----------+-------------+-------+--------+-----------+------------+----------+--------+--------+--------------+


+-------------------------------------------------+
; Slow 1200mV 85C Model Fmax Summary              ;
+-----------+-----------------+------------+------+
; Fmax      ; Restricted Fmax ; Clock Name ; Note ;
+-----------+-----------------+------------+------+
; 80.88 MHz ; 80.88 MHz       ; CLOCK_50   ;      ;
+-----------+-----------------+------------+------+
This panel reports FMAX for every clock in the design, regardless of the user-specified clock periods.  FMAX is only computed for paths where the source and destination registers or ports are driven by the same clock.  Paths of different clocks, including generated clocks, are ignored.  For paths between a clock and its inversion, FMAX is computed as if the rising and falling edges are scaled along with FMAX, such that the duty cycle (in terms of a percentage) is maintained. Altera recommends that you always use clock constraints and other slack reports for sign-off analysis.


----------------------------------
; Timing Closure Recommendations ;
----------------------------------
HTML report is unavailable in plain text report export.


+-------------------------------------+
; Slow 1200mV 85C Model Setup Summary ;
+----------+---------+----------------+
; Clock    ; Slack   ; End Point TNS  ;
+----------+---------+----------------+
; CLOCK_50 ; -11.364 ; -2128.826      ;
+----------+---------+----------------+


+------------------------------------+
; Slow 1200mV 85C Model Hold Summary ;
+----------+-------+-----------------+
; Clock    ; Slack ; End Point TNS   ;
+----------+-------+-----------------+
; CLOCK_50 ; 0.333 ; 0.000           ;
+----------+-------+-----------------+


+----------------------------------------+
; Slow 1200mV 85C Model Recovery Summary ;
+----------+--------+--------------------+
; Clock    ; Slack  ; End Point TNS      ;
+----------+--------+--------------------+
; CLOCK_50 ; -1.228 ; -75.966            ;
+----------+--------+--------------------+


+---------------------------------------+
; Slow 1200mV 85C Model Removal Summary ;
+----------+-------+--------------------+
; Clock    ; Slack ; End Point TNS      ;
+----------+-------+--------------------+
; CLOCK_50 ; 0.544 ; 0.000              ;
+----------+-------+--------------------+


+---------------------------------------------------+
; Slow 1200mV 85C Model Minimum Pulse Width Summary ;
+----------+--------+-------------------------------+
; Clock    ; Slack  ; End Point TNS                 ;
+----------+--------+-------------------------------+
; CLOCK_50 ; -3.000 ; -787.632                      ;
+----------+--------+-------------------------------+


+----------------------------------------------------------------------------------------------------------------------------------------------------------------------------------------------------------------------------------------------------------------------------+
; Slow 1200mV 85C Model Setup: 'CLOCK_50'                                                                                                                                                                                                                                    ;
+---------+-----------------------------------------------------------------------------------------------------+--------------------------------------------------------------------------------------+--------------+-------------+--------------+------------+------------+
; Slack   ; From Node                                                                                           ; To Node                                                                              ; Launch Clock ; Latch Clock ; Relationship ; Clock Skew ; Data Delay ;
+---------+-----------------------------------------------------------------------------------------------------+--------------------------------------------------------------------------------------+--------------+-------------+--------------+------------+------------+
; -11.364 ; axis_controller:axis_controller|Tilt_board:tilt_y|HoldValueOnStrb:holdValOnStrb|last_valid_value[1] ; axis_controller:axis_controller|servo_controller:servoPwmY|PWM:pwm|counter_value[3]  ; CLOCK_50     ; CLOCK_50    ; 1.000        ; 0.316      ; 12.678     ;
; -11.364 ; axis_controller:axis_controller|Tilt_board:tilt_y|HoldValueOnStrb:holdValOnStrb|last_valid_value[1] ; axis_controller:axis_controller|servo_controller:servoPwmY|PWM:pwm|counter_value[1]  ; CLOCK_50     ; CLOCK_50    ; 1.000        ; 0.316      ; 12.678     ;
; -11.364 ; axis_controller:axis_controller|Tilt_board:tilt_y|HoldValueOnStrb:holdValOnStrb|last_valid_value[1] ; axis_controller:axis_controller|servo_controller:servoPwmY|PWM:pwm|counter_value[2]  ; CLOCK_50     ; CLOCK_50    ; 1.000        ; 0.316      ; 12.678     ;
; -11.364 ; axis_controller:axis_controller|Tilt_board:tilt_y|HoldValueOnStrb:holdValOnStrb|last_valid_value[1] ; axis_controller:axis_controller|servo_controller:servoPwmY|PWM:pwm|counter_value[4]  ; CLOCK_50     ; CLOCK_50    ; 1.000        ; 0.316      ; 12.678     ;
; -11.364 ; axis_controller:axis_controller|Tilt_board:tilt_y|HoldValueOnStrb:holdValOnStrb|last_valid_value[1] ; axis_controller:axis_controller|servo_controller:servoPwmY|PWM:pwm|counter_value[5]  ; CLOCK_50     ; CLOCK_50    ; 1.000        ; 0.316      ; 12.678     ;
; -11.364 ; axis_controller:axis_controller|Tilt_board:tilt_y|HoldValueOnStrb:holdValOnStrb|last_valid_value[1] ; axis_controller:axis_controller|servo_controller:servoPwmY|PWM:pwm|counter_value[6]  ; CLOCK_50     ; CLOCK_50    ; 1.000        ; 0.316      ; 12.678     ;
; -11.364 ; axis_controller:axis_controller|Tilt_board:tilt_y|HoldValueOnStrb:holdValOnStrb|last_valid_value[1] ; axis_controller:axis_controller|servo_controller:servoPwmY|PWM:pwm|counter_value[7]  ; CLOCK_50     ; CLOCK_50    ; 1.000        ; 0.316      ; 12.678     ;
; -11.364 ; axis_controller:axis_controller|Tilt_board:tilt_y|HoldValueOnStrb:holdValOnStrb|last_valid_value[1] ; axis_controller:axis_controller|servo_controller:servoPwmY|PWM:pwm|counter_value[8]  ; CLOCK_50     ; CLOCK_50    ; 1.000        ; 0.316      ; 12.678     ;
; -11.364 ; axis_controller:axis_controller|Tilt_board:tilt_y|HoldValueOnStrb:holdValOnStrb|last_valid_value[1] ; axis_controller:axis_controller|servo_controller:servoPwmY|PWM:pwm|counter_value[9]  ; CLOCK_50     ; CLOCK_50    ; 1.000        ; 0.316      ; 12.678     ;
; -11.276 ; axis_controller:axis_controller|Tilt_board:tilt_y|HoldValueOnStrb:holdValOnStrb|last_valid_value[2] ; axis_controller:axis_controller|servo_controller:servoPwmY|PWM:pwm|counter_value[3]  ; CLOCK_50     ; CLOCK_50    ; 1.000        ; 0.316      ; 12.590     ;
; -11.276 ; axis_controller:axis_controller|Tilt_board:tilt_y|HoldValueOnStrb:holdValOnStrb|last_valid_value[2] ; axis_controller:axis_controller|servo_controller:servoPwmY|PWM:pwm|counter_value[1]  ; CLOCK_50     ; CLOCK_50    ; 1.000        ; 0.316      ; 12.590     ;
; -11.276 ; axis_controller:axis_controller|Tilt_board:tilt_y|HoldValueOnStrb:holdValOnStrb|last_valid_value[2] ; axis_controller:axis_controller|servo_controller:servoPwmY|PWM:pwm|counter_value[2]  ; CLOCK_50     ; CLOCK_50    ; 1.000        ; 0.316      ; 12.590     ;
; -11.276 ; axis_controller:axis_controller|Tilt_board:tilt_y|HoldValueOnStrb:holdValOnStrb|last_valid_value[2] ; axis_controller:axis_controller|servo_controller:servoPwmY|PWM:pwm|counter_value[4]  ; CLOCK_50     ; CLOCK_50    ; 1.000        ; 0.316      ; 12.590     ;
; -11.276 ; axis_controller:axis_controller|Tilt_board:tilt_y|HoldValueOnStrb:holdValOnStrb|last_valid_value[2] ; axis_controller:axis_controller|servo_controller:servoPwmY|PWM:pwm|counter_value[5]  ; CLOCK_50     ; CLOCK_50    ; 1.000        ; 0.316      ; 12.590     ;
; -11.276 ; axis_controller:axis_controller|Tilt_board:tilt_y|HoldValueOnStrb:holdValOnStrb|last_valid_value[2] ; axis_controller:axis_controller|servo_controller:servoPwmY|PWM:pwm|counter_value[6]  ; CLOCK_50     ; CLOCK_50    ; 1.000        ; 0.316      ; 12.590     ;
; -11.276 ; axis_controller:axis_controller|Tilt_board:tilt_y|HoldValueOnStrb:holdValOnStrb|last_valid_value[2] ; axis_controller:axis_controller|servo_controller:servoPwmY|PWM:pwm|counter_value[7]  ; CLOCK_50     ; CLOCK_50    ; 1.000        ; 0.316      ; 12.590     ;
; -11.276 ; axis_controller:axis_controller|Tilt_board:tilt_y|HoldValueOnStrb:holdValOnStrb|last_valid_value[2] ; axis_controller:axis_controller|servo_controller:servoPwmY|PWM:pwm|counter_value[8]  ; CLOCK_50     ; CLOCK_50    ; 1.000        ; 0.316      ; 12.590     ;
; -11.276 ; axis_controller:axis_controller|Tilt_board:tilt_y|HoldValueOnStrb:holdValOnStrb|last_valid_value[2] ; axis_controller:axis_controller|servo_controller:servoPwmY|PWM:pwm|counter_value[9]  ; CLOCK_50     ; CLOCK_50    ; 1.000        ; 0.316      ; 12.590     ;
; -11.233 ; axis_controller:axis_controller|Tilt_board:tilt_y|HoldValueOnStrb:holdValOnStrb|last_valid_value[3] ; axis_controller:axis_controller|servo_controller:servoPwmY|PWM:pwm|counter_value[3]  ; CLOCK_50     ; CLOCK_50    ; 1.000        ; 0.316      ; 12.547     ;
; -11.233 ; axis_controller:axis_controller|Tilt_board:tilt_y|HoldValueOnStrb:holdValOnStrb|last_valid_value[3] ; axis_controller:axis_controller|servo_controller:servoPwmY|PWM:pwm|counter_value[1]  ; CLOCK_50     ; CLOCK_50    ; 1.000        ; 0.316      ; 12.547     ;
; -11.233 ; axis_controller:axis_controller|Tilt_board:tilt_y|HoldValueOnStrb:holdValOnStrb|last_valid_value[3] ; axis_controller:axis_controller|servo_controller:servoPwmY|PWM:pwm|counter_value[2]  ; CLOCK_50     ; CLOCK_50    ; 1.000        ; 0.316      ; 12.547     ;
; -11.233 ; axis_controller:axis_controller|Tilt_board:tilt_y|HoldValueOnStrb:holdValOnStrb|last_valid_value[3] ; axis_controller:axis_controller|servo_controller:servoPwmY|PWM:pwm|counter_value[4]  ; CLOCK_50     ; CLOCK_50    ; 1.000        ; 0.316      ; 12.547     ;
; -11.233 ; axis_controller:axis_controller|Tilt_board:tilt_y|HoldValueOnStrb:holdValOnStrb|last_valid_value[3] ; axis_controller:axis_controller|servo_controller:servoPwmY|PWM:pwm|counter_value[5]  ; CLOCK_50     ; CLOCK_50    ; 1.000        ; 0.316      ; 12.547     ;
; -11.233 ; axis_controller:axis_controller|Tilt_board:tilt_y|HoldValueOnStrb:holdValOnStrb|last_valid_value[3] ; axis_controller:axis_controller|servo_controller:servoPwmY|PWM:pwm|counter_value[6]  ; CLOCK_50     ; CLOCK_50    ; 1.000        ; 0.316      ; 12.547     ;
; -11.233 ; axis_controller:axis_controller|Tilt_board:tilt_y|HoldValueOnStrb:holdValOnStrb|last_valid_value[3] ; axis_controller:axis_controller|servo_controller:servoPwmY|PWM:pwm|counter_value[7]  ; CLOCK_50     ; CLOCK_50    ; 1.000        ; 0.316      ; 12.547     ;
; -11.233 ; axis_controller:axis_controller|Tilt_board:tilt_y|HoldValueOnStrb:holdValOnStrb|last_valid_value[3] ; axis_controller:axis_controller|servo_controller:servoPwmY|PWM:pwm|counter_value[8]  ; CLOCK_50     ; CLOCK_50    ; 1.000        ; 0.316      ; 12.547     ;
; -11.233 ; axis_controller:axis_controller|Tilt_board:tilt_y|HoldValueOnStrb:holdValOnStrb|last_valid_value[3] ; axis_controller:axis_controller|servo_controller:servoPwmY|PWM:pwm|counter_value[9]  ; CLOCK_50     ; CLOCK_50    ; 1.000        ; 0.316      ; 12.547     ;
; -11.088 ; axis_controller:axis_controller|Tilt_board:tilt_y|HoldValueOnStrb:holdValOnStrb|last_valid_value[1] ; axis_controller:axis_controller|servo_controller:servoPwmY|PWM:pwm|counter_value[19] ; CLOCK_50     ; CLOCK_50    ; 1.000        ; 0.314      ; 12.400     ;
; -11.088 ; axis_controller:axis_controller|Tilt_board:tilt_y|HoldValueOnStrb:holdValOnStrb|last_valid_value[1] ; axis_controller:axis_controller|servo_controller:servoPwmY|PWM:pwm|counter_value[0]  ; CLOCK_50     ; CLOCK_50    ; 1.000        ; 0.314      ; 12.400     ;
; -11.088 ; axis_controller:axis_controller|Tilt_board:tilt_y|HoldValueOnStrb:holdValOnStrb|last_valid_value[1] ; axis_controller:axis_controller|servo_controller:servoPwmY|PWM:pwm|counter_value[10] ; CLOCK_50     ; CLOCK_50    ; 1.000        ; 0.314      ; 12.400     ;
; -11.088 ; axis_controller:axis_controller|Tilt_board:tilt_y|HoldValueOnStrb:holdValOnStrb|last_valid_value[1] ; axis_controller:axis_controller|servo_controller:servoPwmY|PWM:pwm|counter_value[11] ; CLOCK_50     ; CLOCK_50    ; 1.000        ; 0.314      ; 12.400     ;
; -11.088 ; axis_controller:axis_controller|Tilt_board:tilt_y|HoldValueOnStrb:holdValOnStrb|last_valid_value[1] ; axis_controller:axis_controller|servo_controller:servoPwmY|PWM:pwm|counter_value[12] ; CLOCK_50     ; CLOCK_50    ; 1.000        ; 0.314      ; 12.400     ;
; -11.088 ; axis_controller:axis_controller|Tilt_board:tilt_y|HoldValueOnStrb:holdValOnStrb|last_valid_value[1] ; axis_controller:axis_controller|servo_controller:servoPwmY|PWM:pwm|counter_value[13] ; CLOCK_50     ; CLOCK_50    ; 1.000        ; 0.314      ; 12.400     ;
; -11.088 ; axis_controller:axis_controller|Tilt_board:tilt_y|HoldValueOnStrb:holdValOnStrb|last_valid_value[1] ; axis_controller:axis_controller|servo_controller:servoPwmY|PWM:pwm|counter_value[14] ; CLOCK_50     ; CLOCK_50    ; 1.000        ; 0.314      ; 12.400     ;
; -11.088 ; axis_controller:axis_controller|Tilt_board:tilt_y|HoldValueOnStrb:holdValOnStrb|last_valid_value[1] ; axis_controller:axis_controller|servo_controller:servoPwmY|PWM:pwm|counter_value[15] ; CLOCK_50     ; CLOCK_50    ; 1.000        ; 0.314      ; 12.400     ;
; -11.088 ; axis_controller:axis_controller|Tilt_board:tilt_y|HoldValueOnStrb:holdValOnStrb|last_valid_value[1] ; axis_controller:axis_controller|servo_controller:servoPwmY|PWM:pwm|counter_value[16] ; CLOCK_50     ; CLOCK_50    ; 1.000        ; 0.314      ; 12.400     ;
; -11.088 ; axis_controller:axis_controller|Tilt_board:tilt_y|HoldValueOnStrb:holdValOnStrb|last_valid_value[1] ; axis_controller:axis_controller|servo_controller:servoPwmY|PWM:pwm|counter_value[17] ; CLOCK_50     ; CLOCK_50    ; 1.000        ; 0.314      ; 12.400     ;
; -11.088 ; axis_controller:axis_controller|Tilt_board:tilt_y|HoldValueOnStrb:holdValOnStrb|last_valid_value[1] ; axis_controller:axis_controller|servo_controller:servoPwmY|PWM:pwm|counter_value[18] ; CLOCK_50     ; CLOCK_50    ; 1.000        ; 0.314      ; 12.400     ;
; -11.000 ; axis_controller:axis_controller|Tilt_board:tilt_y|HoldValueOnStrb:holdValOnStrb|last_valid_value[2] ; axis_controller:axis_controller|servo_controller:servoPwmY|PWM:pwm|counter_value[19] ; CLOCK_50     ; CLOCK_50    ; 1.000        ; 0.314      ; 12.312     ;
; -11.000 ; axis_controller:axis_controller|Tilt_board:tilt_y|HoldValueOnStrb:holdValOnStrb|last_valid_value[2] ; axis_controller:axis_controller|servo_controller:servoPwmY|PWM:pwm|counter_value[0]  ; CLOCK_50     ; CLOCK_50    ; 1.000        ; 0.314      ; 12.312     ;
; -11.000 ; axis_controller:axis_controller|Tilt_board:tilt_y|HoldValueOnStrb:holdValOnStrb|last_valid_value[2] ; axis_controller:axis_controller|servo_controller:servoPwmY|PWM:pwm|counter_value[10] ; CLOCK_50     ; CLOCK_50    ; 1.000        ; 0.314      ; 12.312     ;
; -11.000 ; axis_controller:axis_controller|Tilt_board:tilt_y|HoldValueOnStrb:holdValOnStrb|last_valid_value[2] ; axis_controller:axis_controller|servo_controller:servoPwmY|PWM:pwm|counter_value[11] ; CLOCK_50     ; CLOCK_50    ; 1.000        ; 0.314      ; 12.312     ;
; -11.000 ; axis_controller:axis_controller|Tilt_board:tilt_y|HoldValueOnStrb:holdValOnStrb|last_valid_value[2] ; axis_controller:axis_controller|servo_controller:servoPwmY|PWM:pwm|counter_value[12] ; CLOCK_50     ; CLOCK_50    ; 1.000        ; 0.314      ; 12.312     ;
; -11.000 ; axis_controller:axis_controller|Tilt_board:tilt_y|HoldValueOnStrb:holdValOnStrb|last_valid_value[2] ; axis_controller:axis_controller|servo_controller:servoPwmY|PWM:pwm|counter_value[13] ; CLOCK_50     ; CLOCK_50    ; 1.000        ; 0.314      ; 12.312     ;
; -11.000 ; axis_controller:axis_controller|Tilt_board:tilt_y|HoldValueOnStrb:holdValOnStrb|last_valid_value[2] ; axis_controller:axis_controller|servo_controller:servoPwmY|PWM:pwm|counter_value[14] ; CLOCK_50     ; CLOCK_50    ; 1.000        ; 0.314      ; 12.312     ;
; -11.000 ; axis_controller:axis_controller|Tilt_board:tilt_y|HoldValueOnStrb:holdValOnStrb|last_valid_value[2] ; axis_controller:axis_controller|servo_controller:servoPwmY|PWM:pwm|counter_value[15] ; CLOCK_50     ; CLOCK_50    ; 1.000        ; 0.314      ; 12.312     ;
; -11.000 ; axis_controller:axis_controller|Tilt_board:tilt_y|HoldValueOnStrb:holdValOnStrb|last_valid_value[2] ; axis_controller:axis_controller|servo_controller:servoPwmY|PWM:pwm|counter_value[16] ; CLOCK_50     ; CLOCK_50    ; 1.000        ; 0.314      ; 12.312     ;
; -11.000 ; axis_controller:axis_controller|Tilt_board:tilt_y|HoldValueOnStrb:holdValOnStrb|last_valid_value[2] ; axis_controller:axis_controller|servo_controller:servoPwmY|PWM:pwm|counter_value[17] ; CLOCK_50     ; CLOCK_50    ; 1.000        ; 0.314      ; 12.312     ;
; -11.000 ; axis_controller:axis_controller|Tilt_board:tilt_y|HoldValueOnStrb:holdValOnStrb|last_valid_value[2] ; axis_controller:axis_controller|servo_controller:servoPwmY|PWM:pwm|counter_value[18] ; CLOCK_50     ; CLOCK_50    ; 1.000        ; 0.314      ; 12.312     ;
; -10.957 ; axis_controller:axis_controller|Tilt_board:tilt_y|HoldValueOnStrb:holdValOnStrb|last_valid_value[3] ; axis_controller:axis_controller|servo_controller:servoPwmY|PWM:pwm|counter_value[19] ; CLOCK_50     ; CLOCK_50    ; 1.000        ; 0.314      ; 12.269     ;
; -10.957 ; axis_controller:axis_controller|Tilt_board:tilt_y|HoldValueOnStrb:holdValOnStrb|last_valid_value[3] ; axis_controller:axis_controller|servo_controller:servoPwmY|PWM:pwm|counter_value[0]  ; CLOCK_50     ; CLOCK_50    ; 1.000        ; 0.314      ; 12.269     ;
; -10.957 ; axis_controller:axis_controller|Tilt_board:tilt_y|HoldValueOnStrb:holdValOnStrb|last_valid_value[3] ; axis_controller:axis_controller|servo_controller:servoPwmY|PWM:pwm|counter_value[10] ; CLOCK_50     ; CLOCK_50    ; 1.000        ; 0.314      ; 12.269     ;
; -10.957 ; axis_controller:axis_controller|Tilt_board:tilt_y|HoldValueOnStrb:holdValOnStrb|last_valid_value[3] ; axis_controller:axis_controller|servo_controller:servoPwmY|PWM:pwm|counter_value[11] ; CLOCK_50     ; CLOCK_50    ; 1.000        ; 0.314      ; 12.269     ;
; -10.957 ; axis_controller:axis_controller|Tilt_board:tilt_y|HoldValueOnStrb:holdValOnStrb|last_valid_value[3] ; axis_controller:axis_controller|servo_controller:servoPwmY|PWM:pwm|counter_value[12] ; CLOCK_50     ; CLOCK_50    ; 1.000        ; 0.314      ; 12.269     ;
; -10.957 ; axis_controller:axis_controller|Tilt_board:tilt_y|HoldValueOnStrb:holdValOnStrb|last_valid_value[3] ; axis_controller:axis_controller|servo_controller:servoPwmY|PWM:pwm|counter_value[13] ; CLOCK_50     ; CLOCK_50    ; 1.000        ; 0.314      ; 12.269     ;
; -10.957 ; axis_controller:axis_controller|Tilt_board:tilt_y|HoldValueOnStrb:holdValOnStrb|last_valid_value[3] ; axis_controller:axis_controller|servo_controller:servoPwmY|PWM:pwm|counter_value[14] ; CLOCK_50     ; CLOCK_50    ; 1.000        ; 0.314      ; 12.269     ;
; -10.957 ; axis_controller:axis_controller|Tilt_board:tilt_y|HoldValueOnStrb:holdValOnStrb|last_valid_value[3] ; axis_controller:axis_controller|servo_controller:servoPwmY|PWM:pwm|counter_value[15] ; CLOCK_50     ; CLOCK_50    ; 1.000        ; 0.314      ; 12.269     ;
; -10.957 ; axis_controller:axis_controller|Tilt_board:tilt_y|HoldValueOnStrb:holdValOnStrb|last_valid_value[3] ; axis_controller:axis_controller|servo_controller:servoPwmY|PWM:pwm|counter_value[16] ; CLOCK_50     ; CLOCK_50    ; 1.000        ; 0.314      ; 12.269     ;
; -10.957 ; axis_controller:axis_controller|Tilt_board:tilt_y|HoldValueOnStrb:holdValOnStrb|last_valid_value[3] ; axis_controller:axis_controller|servo_controller:servoPwmY|PWM:pwm|counter_value[17] ; CLOCK_50     ; CLOCK_50    ; 1.000        ; 0.314      ; 12.269     ;
; -10.957 ; axis_controller:axis_controller|Tilt_board:tilt_y|HoldValueOnStrb:holdValOnStrb|last_valid_value[3] ; axis_controller:axis_controller|servo_controller:servoPwmY|PWM:pwm|counter_value[18] ; CLOCK_50     ; CLOCK_50    ; 1.000        ; 0.314      ; 12.269     ;
; -10.868 ; axis_controller:axis_controller|Tilt_board:tilt_x|HoldValueOnStrb:holdValOnStrb|last_valid_value[2] ; axis_controller:axis_controller|servo_controller:servoPwmX|PWM:pwm|counter_value[3]  ; CLOCK_50     ; CLOCK_50    ; 1.000        ; 0.356      ; 12.222     ;
; -10.868 ; axis_controller:axis_controller|Tilt_board:tilt_x|HoldValueOnStrb:holdValOnStrb|last_valid_value[2] ; axis_controller:axis_controller|servo_controller:servoPwmX|PWM:pwm|counter_value[1]  ; CLOCK_50     ; CLOCK_50    ; 1.000        ; 0.356      ; 12.222     ;
; -10.868 ; axis_controller:axis_controller|Tilt_board:tilt_x|HoldValueOnStrb:holdValOnStrb|last_valid_value[2] ; axis_controller:axis_controller|servo_controller:servoPwmX|PWM:pwm|counter_value[2]  ; CLOCK_50     ; CLOCK_50    ; 1.000        ; 0.356      ; 12.222     ;
; -10.868 ; axis_controller:axis_controller|Tilt_board:tilt_x|HoldValueOnStrb:holdValOnStrb|last_valid_value[2] ; axis_controller:axis_controller|servo_controller:servoPwmX|PWM:pwm|counter_value[4]  ; CLOCK_50     ; CLOCK_50    ; 1.000        ; 0.356      ; 12.222     ;
; -10.868 ; axis_controller:axis_controller|Tilt_board:tilt_x|HoldValueOnStrb:holdValOnStrb|last_valid_value[2] ; axis_controller:axis_controller|servo_controller:servoPwmX|PWM:pwm|counter_value[5]  ; CLOCK_50     ; CLOCK_50    ; 1.000        ; 0.356      ; 12.222     ;
; -10.868 ; axis_controller:axis_controller|Tilt_board:tilt_x|HoldValueOnStrb:holdValOnStrb|last_valid_value[2] ; axis_controller:axis_controller|servo_controller:servoPwmX|PWM:pwm|counter_value[6]  ; CLOCK_50     ; CLOCK_50    ; 1.000        ; 0.356      ; 12.222     ;
; -10.868 ; axis_controller:axis_controller|Tilt_board:tilt_x|HoldValueOnStrb:holdValOnStrb|last_valid_value[2] ; axis_controller:axis_controller|servo_controller:servoPwmX|PWM:pwm|counter_value[7]  ; CLOCK_50     ; CLOCK_50    ; 1.000        ; 0.356      ; 12.222     ;
; -10.868 ; axis_controller:axis_controller|Tilt_board:tilt_x|HoldValueOnStrb:holdValOnStrb|last_valid_value[2] ; axis_controller:axis_controller|servo_controller:servoPwmX|PWM:pwm|counter_value[8]  ; CLOCK_50     ; CLOCK_50    ; 1.000        ; 0.356      ; 12.222     ;
; -10.868 ; axis_controller:axis_controller|Tilt_board:tilt_x|HoldValueOnStrb:holdValOnStrb|last_valid_value[2] ; axis_controller:axis_controller|servo_controller:servoPwmX|PWM:pwm|counter_value[9]  ; CLOCK_50     ; CLOCK_50    ; 1.000        ; 0.356      ; 12.222     ;
; -10.786 ; axis_controller:axis_controller|Tilt_board:tilt_y|HoldValueOnStrb:holdValOnStrb|last_valid_value[4] ; axis_controller:axis_controller|servo_controller:servoPwmY|PWM:pwm|counter_value[3]  ; CLOCK_50     ; CLOCK_50    ; 1.000        ; 0.316      ; 12.100     ;
; -10.786 ; axis_controller:axis_controller|Tilt_board:tilt_y|HoldValueOnStrb:holdValOnStrb|last_valid_value[4] ; axis_controller:axis_controller|servo_controller:servoPwmY|PWM:pwm|counter_value[1]  ; CLOCK_50     ; CLOCK_50    ; 1.000        ; 0.316      ; 12.100     ;
; -10.786 ; axis_controller:axis_controller|Tilt_board:tilt_y|HoldValueOnStrb:holdValOnStrb|last_valid_value[4] ; axis_controller:axis_controller|servo_controller:servoPwmY|PWM:pwm|counter_value[2]  ; CLOCK_50     ; CLOCK_50    ; 1.000        ; 0.316      ; 12.100     ;
; -10.786 ; axis_controller:axis_controller|Tilt_board:tilt_y|HoldValueOnStrb:holdValOnStrb|last_valid_value[4] ; axis_controller:axis_controller|servo_controller:servoPwmY|PWM:pwm|counter_value[4]  ; CLOCK_50     ; CLOCK_50    ; 1.000        ; 0.316      ; 12.100     ;
; -10.786 ; axis_controller:axis_controller|Tilt_board:tilt_y|HoldValueOnStrb:holdValOnStrb|last_valid_value[4] ; axis_controller:axis_controller|servo_controller:servoPwmY|PWM:pwm|counter_value[5]  ; CLOCK_50     ; CLOCK_50    ; 1.000        ; 0.316      ; 12.100     ;
; -10.786 ; axis_controller:axis_controller|Tilt_board:tilt_y|HoldValueOnStrb:holdValOnStrb|last_valid_value[4] ; axis_controller:axis_controller|servo_controller:servoPwmY|PWM:pwm|counter_value[6]  ; CLOCK_50     ; CLOCK_50    ; 1.000        ; 0.316      ; 12.100     ;
; -10.786 ; axis_controller:axis_controller|Tilt_board:tilt_y|HoldValueOnStrb:holdValOnStrb|last_valid_value[4] ; axis_controller:axis_controller|servo_controller:servoPwmY|PWM:pwm|counter_value[7]  ; CLOCK_50     ; CLOCK_50    ; 1.000        ; 0.316      ; 12.100     ;
; -10.786 ; axis_controller:axis_controller|Tilt_board:tilt_y|HoldValueOnStrb:holdValOnStrb|last_valid_value[4] ; axis_controller:axis_controller|servo_controller:servoPwmY|PWM:pwm|counter_value[8]  ; CLOCK_50     ; CLOCK_50    ; 1.000        ; 0.316      ; 12.100     ;
; -10.786 ; axis_controller:axis_controller|Tilt_board:tilt_y|HoldValueOnStrb:holdValOnStrb|last_valid_value[4] ; axis_controller:axis_controller|servo_controller:servoPwmY|PWM:pwm|counter_value[9]  ; CLOCK_50     ; CLOCK_50    ; 1.000        ; 0.316      ; 12.100     ;
; -10.784 ; axis_controller:axis_controller|Tilt_board:tilt_x|HoldValueOnStrb:holdValOnStrb|last_valid_value[1] ; axis_controller:axis_controller|servo_controller:servoPwmX|PWM:pwm|counter_value[3]  ; CLOCK_50     ; CLOCK_50    ; 1.000        ; 0.356      ; 12.138     ;
; -10.784 ; axis_controller:axis_controller|Tilt_board:tilt_x|HoldValueOnStrb:holdValOnStrb|last_valid_value[1] ; axis_controller:axis_controller|servo_controller:servoPwmX|PWM:pwm|counter_value[1]  ; CLOCK_50     ; CLOCK_50    ; 1.000        ; 0.356      ; 12.138     ;
; -10.784 ; axis_controller:axis_controller|Tilt_board:tilt_x|HoldValueOnStrb:holdValOnStrb|last_valid_value[1] ; axis_controller:axis_controller|servo_controller:servoPwmX|PWM:pwm|counter_value[2]  ; CLOCK_50     ; CLOCK_50    ; 1.000        ; 0.356      ; 12.138     ;
; -10.784 ; axis_controller:axis_controller|Tilt_board:tilt_x|HoldValueOnStrb:holdValOnStrb|last_valid_value[1] ; axis_controller:axis_controller|servo_controller:servoPwmX|PWM:pwm|counter_value[4]  ; CLOCK_50     ; CLOCK_50    ; 1.000        ; 0.356      ; 12.138     ;
; -10.784 ; axis_controller:axis_controller|Tilt_board:tilt_x|HoldValueOnStrb:holdValOnStrb|last_valid_value[1] ; axis_controller:axis_controller|servo_controller:servoPwmX|PWM:pwm|counter_value[5]  ; CLOCK_50     ; CLOCK_50    ; 1.000        ; 0.356      ; 12.138     ;
; -10.784 ; axis_controller:axis_controller|Tilt_board:tilt_x|HoldValueOnStrb:holdValOnStrb|last_valid_value[1] ; axis_controller:axis_controller|servo_controller:servoPwmX|PWM:pwm|counter_value[6]  ; CLOCK_50     ; CLOCK_50    ; 1.000        ; 0.356      ; 12.138     ;
; -10.784 ; axis_controller:axis_controller|Tilt_board:tilt_x|HoldValueOnStrb:holdValOnStrb|last_valid_value[1] ; axis_controller:axis_controller|servo_controller:servoPwmX|PWM:pwm|counter_value[7]  ; CLOCK_50     ; CLOCK_50    ; 1.000        ; 0.356      ; 12.138     ;
; -10.784 ; axis_controller:axis_controller|Tilt_board:tilt_x|HoldValueOnStrb:holdValOnStrb|last_valid_value[1] ; axis_controller:axis_controller|servo_controller:servoPwmX|PWM:pwm|counter_value[8]  ; CLOCK_50     ; CLOCK_50    ; 1.000        ; 0.356      ; 12.138     ;
; -10.784 ; axis_controller:axis_controller|Tilt_board:tilt_x|HoldValueOnStrb:holdValOnStrb|last_valid_value[1] ; axis_controller:axis_controller|servo_controller:servoPwmX|PWM:pwm|counter_value[9]  ; CLOCK_50     ; CLOCK_50    ; 1.000        ; 0.356      ; 12.138     ;
; -10.735 ; axis_controller:axis_controller|Tilt_board:tilt_x|HoldValueOnStrb:holdValOnStrb|last_valid_value[4] ; axis_controller:axis_controller|servo_controller:servoPwmX|PWM:pwm|counter_value[3]  ; CLOCK_50     ; CLOCK_50    ; 1.000        ; 0.356      ; 12.089     ;
; -10.735 ; axis_controller:axis_controller|Tilt_board:tilt_x|HoldValueOnStrb:holdValOnStrb|last_valid_value[4] ; axis_controller:axis_controller|servo_controller:servoPwmX|PWM:pwm|counter_value[1]  ; CLOCK_50     ; CLOCK_50    ; 1.000        ; 0.356      ; 12.089     ;
; -10.735 ; axis_controller:axis_controller|Tilt_board:tilt_x|HoldValueOnStrb:holdValOnStrb|last_valid_value[4] ; axis_controller:axis_controller|servo_controller:servoPwmX|PWM:pwm|counter_value[2]  ; CLOCK_50     ; CLOCK_50    ; 1.000        ; 0.356      ; 12.089     ;
; -10.735 ; axis_controller:axis_controller|Tilt_board:tilt_x|HoldValueOnStrb:holdValOnStrb|last_valid_value[4] ; axis_controller:axis_controller|servo_controller:servoPwmX|PWM:pwm|counter_value[4]  ; CLOCK_50     ; CLOCK_50    ; 1.000        ; 0.356      ; 12.089     ;
; -10.735 ; axis_controller:axis_controller|Tilt_board:tilt_x|HoldValueOnStrb:holdValOnStrb|last_valid_value[4] ; axis_controller:axis_controller|servo_controller:servoPwmX|PWM:pwm|counter_value[5]  ; CLOCK_50     ; CLOCK_50    ; 1.000        ; 0.356      ; 12.089     ;
; -10.735 ; axis_controller:axis_controller|Tilt_board:tilt_x|HoldValueOnStrb:holdValOnStrb|last_valid_value[4] ; axis_controller:axis_controller|servo_controller:servoPwmX|PWM:pwm|counter_value[6]  ; CLOCK_50     ; CLOCK_50    ; 1.000        ; 0.356      ; 12.089     ;
; -10.735 ; axis_controller:axis_controller|Tilt_board:tilt_x|HoldValueOnStrb:holdValOnStrb|last_valid_value[4] ; axis_controller:axis_controller|servo_controller:servoPwmX|PWM:pwm|counter_value[7]  ; CLOCK_50     ; CLOCK_50    ; 1.000        ; 0.356      ; 12.089     ;
; -10.735 ; axis_controller:axis_controller|Tilt_board:tilt_x|HoldValueOnStrb:holdValOnStrb|last_valid_value[4] ; axis_controller:axis_controller|servo_controller:servoPwmX|PWM:pwm|counter_value[8]  ; CLOCK_50     ; CLOCK_50    ; 1.000        ; 0.356      ; 12.089     ;
; -10.735 ; axis_controller:axis_controller|Tilt_board:tilt_x|HoldValueOnStrb:holdValOnStrb|last_valid_value[4] ; axis_controller:axis_controller|servo_controller:servoPwmX|PWM:pwm|counter_value[9]  ; CLOCK_50     ; CLOCK_50    ; 1.000        ; 0.356      ; 12.089     ;
; -10.653 ; axis_controller:axis_controller|Tilt_board:tilt_y|HoldValueOnStrb:holdValOnStrb|last_valid_value[6] ; axis_controller:axis_controller|servo_controller:servoPwmY|PWM:pwm|counter_value[3]  ; CLOCK_50     ; CLOCK_50    ; 1.000        ; 0.316      ; 11.967     ;
; -10.653 ; axis_controller:axis_controller|Tilt_board:tilt_y|HoldValueOnStrb:holdValOnStrb|last_valid_value[6] ; axis_controller:axis_controller|servo_controller:servoPwmY|PWM:pwm|counter_value[1]  ; CLOCK_50     ; CLOCK_50    ; 1.000        ; 0.316      ; 11.967     ;
; -10.653 ; axis_controller:axis_controller|Tilt_board:tilt_y|HoldValueOnStrb:holdValOnStrb|last_valid_value[6] ; axis_controller:axis_controller|servo_controller:servoPwmY|PWM:pwm|counter_value[2]  ; CLOCK_50     ; CLOCK_50    ; 1.000        ; 0.316      ; 11.967     ;
; -10.653 ; axis_controller:axis_controller|Tilt_board:tilt_y|HoldValueOnStrb:holdValOnStrb|last_valid_value[6] ; axis_controller:axis_controller|servo_controller:servoPwmY|PWM:pwm|counter_value[4]  ; CLOCK_50     ; CLOCK_50    ; 1.000        ; 0.316      ; 11.967     ;
+---------+-----------------------------------------------------------------------------------------------------+--------------------------------------------------------------------------------------+--------------+-------------+--------------+------------+------------+


+---------------------------------------------------------------------------------------------------------------------------------------------------------------------------------------------------------------------------------------------------------------------------------------------------------------------------------------------------------------------------------------------------------------------------------------------------------------+
; Slow 1200mV 85C Model Hold: 'CLOCK_50'                                                                                                                                                                                                                                                                                                                                                                                                                        ;
+-------+---------------------------------------------------------------------------------------------------------------------------------------------------------------------------+-----------------------------------------------------------------------------------------------------------------------------------------------------------------------------------------------------+--------------+-------------+--------------+------------+------------+
; Slack ; From Node                                                                                                                                                                 ; To Node                                                                                                                                                                                             ; Launch Clock ; Latch Clock ; Relationship ; Clock Skew ; Data Delay ;
+-------+---------------------------------------------------------------------------------------------------------------------------------------------------------------------------+-----------------------------------------------------------------------------------------------------------------------------------------------------------------------------------------------------+--------------+-------------+--------------+------------+------------+
; 0.333 ; axis_controller:axis_controller|Tilt_board:tilt_y|moving_avg:moving_avg|altshift_taps:shift_reg_mem_rtl_0|shift_taps_r9n:auto_generated|cntr_luf:cntr1|counter_reg_bit[0] ; axis_controller:axis_controller|Tilt_board:tilt_y|moving_avg:moving_avg|altshift_taps:shift_reg_mem_rtl_0|shift_taps_r9n:auto_generated|altsyncram_66b1:altsyncram2|ram_block5a0~porta_address_reg0 ; CLOCK_50     ; CLOCK_50    ; 0.000        ; 0.457      ; 1.012      ;
; 0.333 ; axis_controller:axis_controller|Tilt_board:tilt_y|moving_avg:moving_avg|altshift_taps:shift_reg_mem_rtl_0|shift_taps_r9n:auto_generated|cntr_luf:cntr1|counter_reg_bit[0] ; axis_controller:axis_controller|Tilt_board:tilt_y|moving_avg:moving_avg|altshift_taps:shift_reg_mem_rtl_0|shift_taps_r9n:auto_generated|altsyncram_66b1:altsyncram2|ram_block5a0~portb_address_reg0 ; CLOCK_50     ; CLOCK_50    ; 0.000        ; 0.458      ; 1.013      ;
; 0.343 ; axis_controller:axis_controller|Tilt_board:tilt_x|moving_avg:moving_avg|altshift_taps:shift_reg_mem_rtl_0|shift_taps_r9n:auto_generated|cntr_luf:cntr1|counter_reg_bit[2] ; axis_controller:axis_controller|Tilt_board:tilt_x|moving_avg:moving_avg|altshift_taps:shift_reg_mem_rtl_0|shift_taps_r9n:auto_generated|altsyncram_66b1:altsyncram2|ram_block5a0~porta_address_reg0 ; CLOCK_50     ; CLOCK_50    ; 0.000        ; 0.457      ; 1.022      ;
; 0.343 ; axis_controller:axis_controller|Tilt_board:tilt_x|moving_avg:moving_avg|altshift_taps:shift_reg_mem_rtl_0|shift_taps_r9n:auto_generated|cntr_luf:cntr1|counter_reg_bit[2] ; axis_controller:axis_controller|Tilt_board:tilt_x|moving_avg:moving_avg|altshift_taps:shift_reg_mem_rtl_0|shift_taps_r9n:auto_generated|altsyncram_66b1:altsyncram2|ram_block5a0~portb_address_reg0 ; CLOCK_50     ; CLOCK_50    ; 0.000        ; 0.458      ; 1.023      ;
; 0.345 ; axis_controller:axis_controller|cmd_proc:cmd_proc|address[4]                                                                                                              ; axis_controller:axis_controller|cmd_proc:cmd_proc|command_rom:cmd_rom|altsyncram:ROMMEM_rtl_0|altsyncram_vn71:auto_generated|ram_block1a7~porta_address_reg0                                        ; CLOCK_50     ; CLOCK_50    ; 0.000        ; 0.442      ; 1.009      ;
; 0.351 ; axis_controller:axis_controller|Tilt_board:tilt_x|moving_avg:moving_avg|altshift_taps:shift_reg_mem_rtl_0|shift_taps_r9n:auto_generated|cntr_luf:cntr1|counter_reg_bit[0] ; axis_controller:axis_controller|Tilt_board:tilt_x|moving_avg:moving_avg|altshift_taps:shift_reg_mem_rtl_0|shift_taps_r9n:auto_generated|altsyncram_66b1:altsyncram2|ram_block5a0~porta_address_reg0 ; CLOCK_50     ; CLOCK_50    ; 0.000        ; 0.457      ; 1.030      ;
; 0.351 ; axis_controller:axis_controller|Tilt_board:tilt_x|moving_avg:moving_avg|altshift_taps:shift_reg_mem_rtl_0|shift_taps_r9n:auto_generated|cntr_luf:cntr1|counter_reg_bit[0] ; axis_controller:axis_controller|Tilt_board:tilt_x|moving_avg:moving_avg|altshift_taps:shift_reg_mem_rtl_0|shift_taps_r9n:auto_generated|altsyncram_66b1:altsyncram2|ram_block5a0~portb_address_reg0 ; CLOCK_50     ; CLOCK_50    ; 0.000        ; 0.458      ; 1.031      ;
; 0.363 ; axis_controller:axis_controller|Tilt_board:tilt_x|moving_avg:moving_avg|altshift_taps:shift_reg_mem_rtl_0|shift_taps_r9n:auto_generated|cntr_luf:cntr1|counter_reg_bit[3] ; axis_controller:axis_controller|Tilt_board:tilt_x|moving_avg:moving_avg|altshift_taps:shift_reg_mem_rtl_0|shift_taps_r9n:auto_generated|altsyncram_66b1:altsyncram2|ram_block5a0~porta_address_reg0 ; CLOCK_50     ; CLOCK_50    ; 0.000        ; 0.457      ; 1.042      ;
; 0.363 ; axis_controller:axis_controller|Tilt_board:tilt_x|moving_avg:moving_avg|altshift_taps:shift_reg_mem_rtl_0|shift_taps_r9n:auto_generated|cntr_luf:cntr1|counter_reg_bit[3] ; axis_controller:axis_controller|Tilt_board:tilt_x|moving_avg:moving_avg|altshift_taps:shift_reg_mem_rtl_0|shift_taps_r9n:auto_generated|altsyncram_66b1:altsyncram2|ram_block5a0~portb_address_reg0 ; CLOCK_50     ; CLOCK_50    ; 0.000        ; 0.458      ; 1.043      ;
; 0.364 ; axis_controller:axis_controller|cmd_proc:cmd_proc|address[2]                                                                                                              ; axis_controller:axis_controller|cmd_proc:cmd_proc|command_rom:cmd_rom|altsyncram:ROMMEM_rtl_0|altsyncram_vn71:auto_generated|ram_block1a7~porta_address_reg0                                        ; CLOCK_50     ; CLOCK_50    ; 0.000        ; 0.442      ; 1.028      ;
; 0.372 ; axis_controller:axis_controller|cmd_proc:cmd_proc|address[0]                                                                                                              ; axis_controller:axis_controller|cmd_proc:cmd_proc|command_rom:cmd_rom|altsyncram:ROMMEM_rtl_0|altsyncram_vn71:auto_generated|ram_block1a7~porta_address_reg0                                        ; CLOCK_50     ; CLOCK_50    ; 0.000        ; 0.442      ; 1.036      ;
; 0.374 ; axis_controller:axis_controller|Tilt_board:tilt_y|moving_avg:moving_avg|altshift_taps:shift_reg_mem_rtl_0|shift_taps_r9n:auto_generated|cntr_luf:cntr1|counter_reg_bit[2] ; axis_controller:axis_controller|Tilt_board:tilt_y|moving_avg:moving_avg|altshift_taps:shift_reg_mem_rtl_0|shift_taps_r9n:auto_generated|altsyncram_66b1:altsyncram2|ram_block5a0~porta_address_reg0 ; CLOCK_50     ; CLOCK_50    ; 0.000        ; 0.457      ; 1.053      ;
; 0.374 ; axis_controller:axis_controller|Tilt_board:tilt_y|moving_avg:moving_avg|altshift_taps:shift_reg_mem_rtl_0|shift_taps_r9n:auto_generated|cntr_luf:cntr1|counter_reg_bit[2] ; axis_controller:axis_controller|Tilt_board:tilt_y|moving_avg:moving_avg|altshift_taps:shift_reg_mem_rtl_0|shift_taps_r9n:auto_generated|altsyncram_66b1:altsyncram2|ram_block5a0~portb_address_reg0 ; CLOCK_50     ; CLOCK_50    ; 0.000        ; 0.458      ; 1.054      ;
; 0.375 ; axis_controller:axis_controller|cmd_proc:cmd_proc|periodical_strb_gen:strb_gen|strobe_generator:strb_gen|strb_val                                                         ; axis_controller:axis_controller|cmd_proc:cmd_proc|periodical_strb_gen:strb_gen|strobe_generator:strb_gen|strb_val                                                                                   ; CLOCK_50     ; CLOCK_50    ; 0.000        ; 0.108      ; 0.669      ;
; 0.375 ; axis_controller:axis_controller|Tilt_board:tilt_y|moving_avg:moving_avg|altshift_taps:shift_reg_mem_rtl_0|shift_taps_r9n:auto_generated|cntr_luf:cntr1|counter_reg_bit[1] ; axis_controller:axis_controller|Tilt_board:tilt_y|moving_avg:moving_avg|altshift_taps:shift_reg_mem_rtl_0|shift_taps_r9n:auto_generated|altsyncram_66b1:altsyncram2|ram_block5a0~porta_address_reg0 ; CLOCK_50     ; CLOCK_50    ; 0.000        ; 0.457      ; 1.054      ;
; 0.375 ; axis_controller:axis_controller|Tilt_board:tilt_y|moving_avg:moving_avg|altshift_taps:shift_reg_mem_rtl_0|shift_taps_r9n:auto_generated|cntr_luf:cntr1|counter_reg_bit[1] ; axis_controller:axis_controller|Tilt_board:tilt_y|moving_avg:moving_avg|altshift_taps:shift_reg_mem_rtl_0|shift_taps_r9n:auto_generated|altsyncram_66b1:altsyncram2|ram_block5a0~portb_address_reg0 ; CLOCK_50     ; CLOCK_50    ; 0.000        ; 0.458      ; 1.055      ;
; 0.376 ; axis_controller:axis_controller|cmd_proc:cmd_proc|address[3]                                                                                                              ; axis_controller:axis_controller|cmd_proc:cmd_proc|command_rom:cmd_rom|altsyncram:ROMMEM_rtl_0|altsyncram_vn71:auto_generated|ram_block1a7~porta_address_reg0                                        ; CLOCK_50     ; CLOCK_50    ; 0.000        ; 0.442      ; 1.040      ;
; 0.376 ; axis_controller:axis_controller|btnCtrl:btnCtrl|debouncer:dbnc_switchTen|periodical_strb_gen:strb_gen|strobe_generator:strb_gen|strb_val                                  ; axis_controller:axis_controller|btnCtrl:btnCtrl|debouncer:dbnc_switchTen|periodical_strb_gen:strb_gen|strobe_generator:strb_gen|strb_val                                                            ; CLOCK_50     ; CLOCK_50    ; 0.000        ; 0.107      ; 0.669      ;
; 0.377 ; axis_controller:axis_controller|btnCtrl:btnCtrl|debouncer:dbnc_decrement|periodical_strb_gen:strb_gen|strobe_generator:strb_gen|strb_val                                  ; axis_controller:axis_controller|btnCtrl:btnCtrl|debouncer:dbnc_decrement|periodical_strb_gen:strb_gen|strobe_generator:strb_gen|strb_val                                                            ; CLOCK_50     ; CLOCK_50    ; 0.000        ; 0.106      ; 0.669      ;
; 0.377 ; axis_controller:axis_controller|btnCtrl:btnCtrl|debouncer:dbnc_increment|periodical_strb_gen:strb_gen|strobe_generator:strb_gen|strb_val                                  ; axis_controller:axis_controller|btnCtrl:btnCtrl|debouncer:dbnc_increment|periodical_strb_gen:strb_gen|strobe_generator:strb_gen|strb_val                                                            ; CLOCK_50     ; CLOCK_50    ; 0.000        ; 0.106      ; 0.669      ;
; 0.380 ; axis_controller:axis_controller|cmd_proc:cmd_proc|periodical_strb_gen:strb_gen|strobe_generator:strb_gen|cycles_until_strobe[0]                                           ; axis_controller:axis_controller|cmd_proc:cmd_proc|periodical_strb_gen:strb_gen|strobe_generator:strb_gen|cycles_until_strobe[0]                                                                     ; CLOCK_50     ; CLOCK_50    ; 0.000        ; 0.108      ; 0.674      ;
; 0.381 ; axis_controller:axis_controller|btnCtrl:btnCtrl|debouncer:dbnc_switchTen|periodical_strb_gen:strb_gen|strobe_generator:strb_gen|cycles_until_strobe[0]                    ; axis_controller:axis_controller|btnCtrl:btnCtrl|debouncer:dbnc_switchTen|periodical_strb_gen:strb_gen|strobe_generator:strb_gen|cycles_until_strobe[0]                                              ; CLOCK_50     ; CLOCK_50    ; 0.000        ; 0.107      ; 0.674      ;
; 0.382 ; axis_controller:axis_controller|btnCtrl:btnCtrl|debouncer:dbnc_decrement|periodical_strb_gen:strb_gen|strobe_generator:strb_gen|cycles_until_strobe[0]                    ; axis_controller:axis_controller|btnCtrl:btnCtrl|debouncer:dbnc_decrement|periodical_strb_gen:strb_gen|strobe_generator:strb_gen|cycles_until_strobe[0]                                              ; CLOCK_50     ; CLOCK_50    ; 0.000        ; 0.106      ; 0.674      ;
; 0.382 ; axis_controller:axis_controller|btnCtrl:btnCtrl|debouncer:dbnc_increment|periodical_strb_gen:strb_gen|strobe_generator:strb_gen|cycles_until_strobe[0]                    ; axis_controller:axis_controller|btnCtrl:btnCtrl|debouncer:dbnc_increment|periodical_strb_gen:strb_gen|strobe_generator:strb_gen|cycles_until_strobe[0]                                              ; CLOCK_50     ; CLOCK_50    ; 0.000        ; 0.106      ; 0.674      ;
; 0.388 ; axis_controller:axis_controller|cmd_proc:cmd_proc|address[5]                                                                                                              ; axis_controller:axis_controller|cmd_proc:cmd_proc|command_rom:cmd_rom|altsyncram:ROMMEM_rtl_0|altsyncram_vn71:auto_generated|ram_block1a7~porta_address_reg0                                        ; CLOCK_50     ; CLOCK_50    ; 0.000        ; 0.442      ; 1.052      ;
; 0.392 ; axis_controller:axis_controller|cmd_proc:cmd_proc|theta_sum[8]                                                                                                            ; axis_controller:axis_controller|cmd_proc:cmd_proc|theta_sum[8]                                                                                                                                      ; CLOCK_50     ; CLOCK_50    ; 0.000        ; 0.091      ; 0.669      ;
; 0.392 ; axis_controller:axis_controller|cmd_proc:cmd_proc|r_sum[21]                                                                                                               ; axis_controller:axis_controller|cmd_proc:cmd_proc|r_sum[21]                                                                                                                                         ; CLOCK_50     ; CLOCK_50    ; 0.000        ; 0.091      ; 0.669      ;
; 0.392 ; axis_controller:axis_controller|cmd_proc:cmd_proc|r_sum[16]                                                                                                               ; axis_controller:axis_controller|cmd_proc:cmd_proc|r_sum[16]                                                                                                                                         ; CLOCK_50     ; CLOCK_50    ; 0.000        ; 0.091      ; 0.669      ;
; 0.392 ; axis_controller:axis_controller|cmd_proc:cmd_proc|r_sum[13]                                                                                                               ; axis_controller:axis_controller|cmd_proc:cmd_proc|r_sum[13]                                                                                                                                         ; CLOCK_50     ; CLOCK_50    ; 0.000        ; 0.091      ; 0.669      ;
; 0.392 ; axis_controller:axis_controller|cmd_proc:cmd_proc|r_sum[3]                                                                                                                ; axis_controller:axis_controller|cmd_proc:cmd_proc|r_sum[3]                                                                                                                                          ; CLOCK_50     ; CLOCK_50    ; 0.000        ; 0.091      ; 0.669      ;
; 0.392 ; axis_controller:axis_controller|cmd_proc:cmd_proc|r_sum[2]                                                                                                                ; axis_controller:axis_controller|cmd_proc:cmd_proc|r_sum[2]                                                                                                                                          ; CLOCK_50     ; CLOCK_50    ; 0.000        ; 0.091      ; 0.669      ;
; 0.392 ; axis_controller:axis_controller|cmd_proc:cmd_proc|r_sum[1]                                                                                                                ; axis_controller:axis_controller|cmd_proc:cmd_proc|r_sum[1]                                                                                                                                          ; CLOCK_50     ; CLOCK_50    ; 0.000        ; 0.091      ; 0.669      ;
; 0.392 ; axis_controller:axis_controller|cmd_proc:cmd_proc|r_sum[0]                                                                                                                ; axis_controller:axis_controller|cmd_proc:cmd_proc|r_sum[0]                                                                                                                                          ; CLOCK_50     ; CLOCK_50    ; 0.000        ; 0.091      ; 0.669      ;
; 0.392 ; axis_controller:axis_controller|cmd_proc:cmd_proc|address[5]                                                                                                              ; axis_controller:axis_controller|cmd_proc:cmd_proc|address[5]                                                                                                                                        ; CLOCK_50     ; CLOCK_50    ; 0.000        ; 0.091      ; 0.669      ;
; 0.392 ; axis_controller:axis_controller|cmd_proc:cmd_proc|address[4]                                                                                                              ; axis_controller:axis_controller|cmd_proc:cmd_proc|address[4]                                                                                                                                        ; CLOCK_50     ; CLOCK_50    ; 0.000        ; 0.091      ; 0.669      ;
; 0.392 ; axis_controller:axis_controller|cmd_proc:cmd_proc|address[3]                                                                                                              ; axis_controller:axis_controller|cmd_proc:cmd_proc|address[3]                                                                                                                                        ; CLOCK_50     ; CLOCK_50    ; 0.000        ; 0.091      ; 0.669      ;
; 0.392 ; axis_controller:axis_controller|cmd_proc:cmd_proc|address[2]                                                                                                              ; axis_controller:axis_controller|cmd_proc:cmd_proc|address[2]                                                                                                                                        ; CLOCK_50     ; CLOCK_50    ; 0.000        ; 0.091      ; 0.669      ;
; 0.392 ; axis_controller:axis_controller|cmd_proc:cmd_proc|address[1]                                                                                                              ; axis_controller:axis_controller|cmd_proc:cmd_proc|address[1]                                                                                                                                        ; CLOCK_50     ; CLOCK_50    ; 0.000        ; 0.091      ; 0.669      ;
; 0.392 ; axis_controller:axis_controller|cmd_proc:cmd_proc|address[0]                                                                                                              ; axis_controller:axis_controller|cmd_proc:cmd_proc|address[0]                                                                                                                                        ; CLOCK_50     ; CLOCK_50    ; 0.000        ; 0.091      ; 0.669      ;
; 0.393 ; axis_controller:axis_controller|cmd_proc:cmd_proc|z_value[14]                                                                                                             ; axis_controller:axis_controller|cmd_proc:cmd_proc|z_value[14]                                                                                                                                       ; CLOCK_50     ; CLOCK_50    ; 0.000        ; 0.090      ; 0.669      ;
; 0.393 ; axis_controller:axis_controller|cmd_proc:cmd_proc|z_value[10]                                                                                                             ; axis_controller:axis_controller|cmd_proc:cmd_proc|z_value[10]                                                                                                                                       ; CLOCK_50     ; CLOCK_50    ; 0.000        ; 0.090      ; 0.669      ;
; 0.393 ; axis_controller:axis_controller|cmd_proc:cmd_proc|theta_sum[23]                                                                                                           ; axis_controller:axis_controller|cmd_proc:cmd_proc|theta_sum[23]                                                                                                                                     ; CLOCK_50     ; CLOCK_50    ; 0.000        ; 0.090      ; 0.669      ;
; 0.393 ; axis_controller:axis_controller|cmd_proc:cmd_proc|theta_sum[22]                                                                                                           ; axis_controller:axis_controller|cmd_proc:cmd_proc|theta_sum[22]                                                                                                                                     ; CLOCK_50     ; CLOCK_50    ; 0.000        ; 0.090      ; 0.669      ;
; 0.393 ; axis_controller:axis_controller|cmd_proc:cmd_proc|theta_sum[21]                                                                                                           ; axis_controller:axis_controller|cmd_proc:cmd_proc|theta_sum[21]                                                                                                                                     ; CLOCK_50     ; CLOCK_50    ; 0.000        ; 0.090      ; 0.669      ;
; 0.393 ; axis_controller:axis_controller|cmd_proc:cmd_proc|theta_sum[20]                                                                                                           ; axis_controller:axis_controller|cmd_proc:cmd_proc|theta_sum[20]                                                                                                                                     ; CLOCK_50     ; CLOCK_50    ; 0.000        ; 0.090      ; 0.669      ;
; 0.393 ; axis_controller:axis_controller|cmd_proc:cmd_proc|theta_sum[17]                                                                                                           ; axis_controller:axis_controller|cmd_proc:cmd_proc|theta_sum[17]                                                                                                                                     ; CLOCK_50     ; CLOCK_50    ; 0.000        ; 0.090      ; 0.669      ;
; 0.393 ; axis_controller:axis_controller|cmd_proc:cmd_proc|theta_sum[12]                                                                                                           ; axis_controller:axis_controller|cmd_proc:cmd_proc|theta_sum[12]                                                                                                                                     ; CLOCK_50     ; CLOCK_50    ; 0.000        ; 0.090      ; 0.669      ;
; 0.393 ; axis_controller:axis_controller|cmd_proc:cmd_proc|theta_sum[11]                                                                                                           ; axis_controller:axis_controller|cmd_proc:cmd_proc|theta_sum[11]                                                                                                                                     ; CLOCK_50     ; CLOCK_50    ; 0.000        ; 0.090      ; 0.669      ;
; 0.393 ; axis_controller:axis_controller|cmd_proc:cmd_proc|theta_sum[9]                                                                                                            ; axis_controller:axis_controller|cmd_proc:cmd_proc|theta_sum[9]                                                                                                                                      ; CLOCK_50     ; CLOCK_50    ; 0.000        ; 0.090      ; 0.669      ;
; 0.393 ; axis_controller:axis_controller|cmd_proc:cmd_proc|theta_sum[7]                                                                                                            ; axis_controller:axis_controller|cmd_proc:cmd_proc|theta_sum[7]                                                                                                                                      ; CLOCK_50     ; CLOCK_50    ; 0.000        ; 0.090      ; 0.669      ;
; 0.393 ; axis_controller:axis_controller|cmd_proc:cmd_proc|theta_sum[3]                                                                                                            ; axis_controller:axis_controller|cmd_proc:cmd_proc|theta_sum[3]                                                                                                                                      ; CLOCK_50     ; CLOCK_50    ; 0.000        ; 0.090      ; 0.669      ;
; 0.393 ; axis_controller:axis_controller|cmd_proc:cmd_proc|theta_sum[2]                                                                                                            ; axis_controller:axis_controller|cmd_proc:cmd_proc|theta_sum[2]                                                                                                                                      ; CLOCK_50     ; CLOCK_50    ; 0.000        ; 0.090      ; 0.669      ;
; 0.393 ; axis_controller:axis_controller|cmd_proc:cmd_proc|theta_sum[1]                                                                                                            ; axis_controller:axis_controller|cmd_proc:cmd_proc|theta_sum[1]                                                                                                                                      ; CLOCK_50     ; CLOCK_50    ; 0.000        ; 0.090      ; 0.669      ;
; 0.393 ; axis_controller:axis_controller|cmd_proc:cmd_proc|theta_sum[0]                                                                                                            ; axis_controller:axis_controller|cmd_proc:cmd_proc|theta_sum[0]                                                                                                                                      ; CLOCK_50     ; CLOCK_50    ; 0.000        ; 0.090      ; 0.669      ;
; 0.393 ; axis_controller:axis_controller|cmd_proc:cmd_proc|r_sum[23]                                                                                                               ; axis_controller:axis_controller|cmd_proc:cmd_proc|r_sum[23]                                                                                                                                         ; CLOCK_50     ; CLOCK_50    ; 0.000        ; 0.090      ; 0.669      ;
; 0.393 ; axis_controller:axis_controller|cmd_proc:cmd_proc|r_sum[22]                                                                                                               ; axis_controller:axis_controller|cmd_proc:cmd_proc|r_sum[22]                                                                                                                                         ; CLOCK_50     ; CLOCK_50    ; 0.000        ; 0.090      ; 0.669      ;
; 0.393 ; axis_controller:axis_controller|cmd_proc:cmd_proc|r_sum[19]                                                                                                               ; axis_controller:axis_controller|cmd_proc:cmd_proc|r_sum[19]                                                                                                                                         ; CLOCK_50     ; CLOCK_50    ; 0.000        ; 0.090      ; 0.669      ;
; 0.393 ; axis_controller:axis_controller|cmd_proc:cmd_proc|r_sum[18]                                                                                                               ; axis_controller:axis_controller|cmd_proc:cmd_proc|r_sum[18]                                                                                                                                         ; CLOCK_50     ; CLOCK_50    ; 0.000        ; 0.090      ; 0.669      ;
; 0.393 ; axis_controller:axis_controller|cmd_proc:cmd_proc|r_sum[17]                                                                                                               ; axis_controller:axis_controller|cmd_proc:cmd_proc|r_sum[17]                                                                                                                                         ; CLOCK_50     ; CLOCK_50    ; 0.000        ; 0.090      ; 0.669      ;
; 0.393 ; axis_controller:axis_controller|cmd_proc:cmd_proc|r_sum[11]                                                                                                               ; axis_controller:axis_controller|cmd_proc:cmd_proc|r_sum[11]                                                                                                                                         ; CLOCK_50     ; CLOCK_50    ; 0.000        ; 0.090      ; 0.669      ;
; 0.393 ; axis_controller:axis_controller|cmd_proc:cmd_proc|r_sum[10]                                                                                                               ; axis_controller:axis_controller|cmd_proc:cmd_proc|r_sum[10]                                                                                                                                         ; CLOCK_50     ; CLOCK_50    ; 0.000        ; 0.090      ; 0.669      ;
; 0.393 ; axis_controller:axis_controller|cmd_proc:cmd_proc|r_sum[7]                                                                                                                ; axis_controller:axis_controller|cmd_proc:cmd_proc|r_sum[7]                                                                                                                                          ; CLOCK_50     ; CLOCK_50    ; 0.000        ; 0.090      ; 0.669      ;
; 0.393 ; axis_controller:axis_controller|cmd_proc:cmd_proc|r_sum[5]                                                                                                                ; axis_controller:axis_controller|cmd_proc:cmd_proc|r_sum[5]                                                                                                                                          ; CLOCK_50     ; CLOCK_50    ; 0.000        ; 0.090      ; 0.669      ;
; 0.393 ; axis_controller:axis_controller|cmd_proc:cmd_proc|fsm_state.WAIT_FOR_STROBE                                                                                               ; axis_controller:axis_controller|cmd_proc:cmd_proc|fsm_state.WAIT_FOR_STROBE                                                                                                                         ; CLOCK_50     ; CLOCK_50    ; 0.000        ; 0.090      ; 0.669      ;
; 0.393 ; axis_controller:axis_controller|btnCtrl:btnCtrl|debouncer:dbnc_switchTen|dbnc                                                                                             ; axis_controller:axis_controller|btnCtrl:btnCtrl|debouncer:dbnc_switchTen|dbnc                                                                                                                       ; CLOCK_50     ; CLOCK_50    ; 0.000        ; 0.090      ; 0.669      ;
; 0.394 ; axis_controller:axis_controller|cmd_proc:cmd_proc|command_count[31]                                                                                                       ; axis_controller:axis_controller|cmd_proc:cmd_proc|command_count[31]                                                                                                                                 ; CLOCK_50     ; CLOCK_50    ; 0.000        ; 0.089      ; 0.669      ;
; 0.394 ; axis_controller:axis_controller|cmd_proc:cmd_proc|command_count[0]                                                                                                        ; axis_controller:axis_controller|cmd_proc:cmd_proc|command_count[0]                                                                                                                                  ; CLOCK_50     ; CLOCK_50    ; 0.000        ; 0.089      ; 0.669      ;
; 0.394 ; axis_controller:axis_controller|cmd_proc:cmd_proc|command_count[1]                                                                                                        ; axis_controller:axis_controller|cmd_proc:cmd_proc|command_count[1]                                                                                                                                  ; CLOCK_50     ; CLOCK_50    ; 0.000        ; 0.089      ; 0.669      ;
; 0.394 ; axis_controller:axis_controller|cmd_proc:cmd_proc|command_count[2]                                                                                                        ; axis_controller:axis_controller|cmd_proc:cmd_proc|command_count[2]                                                                                                                                  ; CLOCK_50     ; CLOCK_50    ; 0.000        ; 0.089      ; 0.669      ;
; 0.394 ; axis_controller:axis_controller|cmd_proc:cmd_proc|command_count[3]                                                                                                        ; axis_controller:axis_controller|cmd_proc:cmd_proc|command_count[3]                                                                                                                                  ; CLOCK_50     ; CLOCK_50    ; 0.000        ; 0.089      ; 0.669      ;
; 0.394 ; axis_controller:axis_controller|cmd_proc:cmd_proc|command_count[4]                                                                                                        ; axis_controller:axis_controller|cmd_proc:cmd_proc|command_count[4]                                                                                                                                  ; CLOCK_50     ; CLOCK_50    ; 0.000        ; 0.089      ; 0.669      ;
; 0.394 ; axis_controller:axis_controller|cmd_proc:cmd_proc|command_count[5]                                                                                                        ; axis_controller:axis_controller|cmd_proc:cmd_proc|command_count[5]                                                                                                                                  ; CLOCK_50     ; CLOCK_50    ; 0.000        ; 0.089      ; 0.669      ;
; 0.394 ; axis_controller:axis_controller|cmd_proc:cmd_proc|command_count[6]                                                                                                        ; axis_controller:axis_controller|cmd_proc:cmd_proc|command_count[6]                                                                                                                                  ; CLOCK_50     ; CLOCK_50    ; 0.000        ; 0.089      ; 0.669      ;
; 0.394 ; axis_controller:axis_controller|cmd_proc:cmd_proc|command_count[7]                                                                                                        ; axis_controller:axis_controller|cmd_proc:cmd_proc|command_count[7]                                                                                                                                  ; CLOCK_50     ; CLOCK_50    ; 0.000        ; 0.089      ; 0.669      ;
; 0.394 ; axis_controller:axis_controller|cmd_proc:cmd_proc|command_count[8]                                                                                                        ; axis_controller:axis_controller|cmd_proc:cmd_proc|command_count[8]                                                                                                                                  ; CLOCK_50     ; CLOCK_50    ; 0.000        ; 0.089      ; 0.669      ;
; 0.394 ; axis_controller:axis_controller|cmd_proc:cmd_proc|command_count[9]                                                                                                        ; axis_controller:axis_controller|cmd_proc:cmd_proc|command_count[9]                                                                                                                                  ; CLOCK_50     ; CLOCK_50    ; 0.000        ; 0.089      ; 0.669      ;
; 0.394 ; axis_controller:axis_controller|cmd_proc:cmd_proc|command_count[10]                                                                                                       ; axis_controller:axis_controller|cmd_proc:cmd_proc|command_count[10]                                                                                                                                 ; CLOCK_50     ; CLOCK_50    ; 0.000        ; 0.089      ; 0.669      ;
; 0.394 ; axis_controller:axis_controller|cmd_proc:cmd_proc|command_count[11]                                                                                                       ; axis_controller:axis_controller|cmd_proc:cmd_proc|command_count[11]                                                                                                                                 ; CLOCK_50     ; CLOCK_50    ; 0.000        ; 0.089      ; 0.669      ;
; 0.394 ; axis_controller:axis_controller|cmd_proc:cmd_proc|command_count[12]                                                                                                       ; axis_controller:axis_controller|cmd_proc:cmd_proc|command_count[12]                                                                                                                                 ; CLOCK_50     ; CLOCK_50    ; 0.000        ; 0.089      ; 0.669      ;
; 0.394 ; axis_controller:axis_controller|cmd_proc:cmd_proc|command_count[13]                                                                                                       ; axis_controller:axis_controller|cmd_proc:cmd_proc|command_count[13]                                                                                                                                 ; CLOCK_50     ; CLOCK_50    ; 0.000        ; 0.089      ; 0.669      ;
; 0.394 ; axis_controller:axis_controller|cmd_proc:cmd_proc|command_count[14]                                                                                                       ; axis_controller:axis_controller|cmd_proc:cmd_proc|command_count[14]                                                                                                                                 ; CLOCK_50     ; CLOCK_50    ; 0.000        ; 0.089      ; 0.669      ;
; 0.394 ; axis_controller:axis_controller|cmd_proc:cmd_proc|command_count[15]                                                                                                       ; axis_controller:axis_controller|cmd_proc:cmd_proc|command_count[15]                                                                                                                                 ; CLOCK_50     ; CLOCK_50    ; 0.000        ; 0.089      ; 0.669      ;
; 0.394 ; axis_controller:axis_controller|cmd_proc:cmd_proc|command_count[16]                                                                                                       ; axis_controller:axis_controller|cmd_proc:cmd_proc|command_count[16]                                                                                                                                 ; CLOCK_50     ; CLOCK_50    ; 0.000        ; 0.089      ; 0.669      ;
; 0.394 ; axis_controller:axis_controller|cmd_proc:cmd_proc|command_count[17]                                                                                                       ; axis_controller:axis_controller|cmd_proc:cmd_proc|command_count[17]                                                                                                                                 ; CLOCK_50     ; CLOCK_50    ; 0.000        ; 0.089      ; 0.669      ;
; 0.394 ; axis_controller:axis_controller|cmd_proc:cmd_proc|command_count[18]                                                                                                       ; axis_controller:axis_controller|cmd_proc:cmd_proc|command_count[18]                                                                                                                                 ; CLOCK_50     ; CLOCK_50    ; 0.000        ; 0.089      ; 0.669      ;
; 0.394 ; axis_controller:axis_controller|cmd_proc:cmd_proc|command_count[19]                                                                                                       ; axis_controller:axis_controller|cmd_proc:cmd_proc|command_count[19]                                                                                                                                 ; CLOCK_50     ; CLOCK_50    ; 0.000        ; 0.089      ; 0.669      ;
; 0.394 ; axis_controller:axis_controller|cmd_proc:cmd_proc|command_count[20]                                                                                                       ; axis_controller:axis_controller|cmd_proc:cmd_proc|command_count[20]                                                                                                                                 ; CLOCK_50     ; CLOCK_50    ; 0.000        ; 0.089      ; 0.669      ;
; 0.394 ; axis_controller:axis_controller|cmd_proc:cmd_proc|command_count[21]                                                                                                       ; axis_controller:axis_controller|cmd_proc:cmd_proc|command_count[21]                                                                                                                                 ; CLOCK_50     ; CLOCK_50    ; 0.000        ; 0.089      ; 0.669      ;
; 0.394 ; axis_controller:axis_controller|cmd_proc:cmd_proc|command_count[22]                                                                                                       ; axis_controller:axis_controller|cmd_proc:cmd_proc|command_count[22]                                                                                                                                 ; CLOCK_50     ; CLOCK_50    ; 0.000        ; 0.089      ; 0.669      ;
; 0.394 ; axis_controller:axis_controller|cmd_proc:cmd_proc|command_count[23]                                                                                                       ; axis_controller:axis_controller|cmd_proc:cmd_proc|command_count[23]                                                                                                                                 ; CLOCK_50     ; CLOCK_50    ; 0.000        ; 0.089      ; 0.669      ;
; 0.394 ; axis_controller:axis_controller|cmd_proc:cmd_proc|command_count[24]                                                                                                       ; axis_controller:axis_controller|cmd_proc:cmd_proc|command_count[24]                                                                                                                                 ; CLOCK_50     ; CLOCK_50    ; 0.000        ; 0.089      ; 0.669      ;
; 0.394 ; axis_controller:axis_controller|cmd_proc:cmd_proc|command_count[25]                                                                                                       ; axis_controller:axis_controller|cmd_proc:cmd_proc|command_count[25]                                                                                                                                 ; CLOCK_50     ; CLOCK_50    ; 0.000        ; 0.089      ; 0.669      ;
; 0.394 ; axis_controller:axis_controller|cmd_proc:cmd_proc|command_count[26]                                                                                                       ; axis_controller:axis_controller|cmd_proc:cmd_proc|command_count[26]                                                                                                                                 ; CLOCK_50     ; CLOCK_50    ; 0.000        ; 0.089      ; 0.669      ;
; 0.394 ; axis_controller:axis_controller|cmd_proc:cmd_proc|command_count[27]                                                                                                       ; axis_controller:axis_controller|cmd_proc:cmd_proc|command_count[27]                                                                                                                                 ; CLOCK_50     ; CLOCK_50    ; 0.000        ; 0.089      ; 0.669      ;
; 0.394 ; axis_controller:axis_controller|cmd_proc:cmd_proc|command_count[28]                                                                                                       ; axis_controller:axis_controller|cmd_proc:cmd_proc|command_count[28]                                                                                                                                 ; CLOCK_50     ; CLOCK_50    ; 0.000        ; 0.089      ; 0.669      ;
; 0.394 ; axis_controller:axis_controller|cmd_proc:cmd_proc|command_count[29]                                                                                                       ; axis_controller:axis_controller|cmd_proc:cmd_proc|command_count[29]                                                                                                                                 ; CLOCK_50     ; CLOCK_50    ; 0.000        ; 0.089      ; 0.669      ;
; 0.394 ; axis_controller:axis_controller|cmd_proc:cmd_proc|command_count[30]                                                                                                       ; axis_controller:axis_controller|cmd_proc:cmd_proc|command_count[30]                                                                                                                                 ; CLOCK_50     ; CLOCK_50    ; 0.000        ; 0.089      ; 0.669      ;
; 0.394 ; axis_controller:axis_controller|btnCtrl:btnCtrl|adc_strb                                                                                                                  ; axis_controller:axis_controller|btnCtrl:btnCtrl|adc_strb                                                                                                                                            ; CLOCK_50     ; CLOCK_50    ; 0.000        ; 0.089      ; 0.669      ;
; 0.394 ; axis_controller:axis_controller|btnCtrl:btnCtrl|fsm_state.DECREMENT                                                                                                       ; axis_controller:axis_controller|btnCtrl:btnCtrl|fsm_state.DECREMENT                                                                                                                                 ; CLOCK_50     ; CLOCK_50    ; 0.000        ; 0.089      ; 0.669      ;
; 0.394 ; axis_controller:axis_controller|btnCtrl:btnCtrl|fsm_state.INCREMENT                                                                                                       ; axis_controller:axis_controller|btnCtrl:btnCtrl|fsm_state.INCREMENT                                                                                                                                 ; CLOCK_50     ; CLOCK_50    ; 0.000        ; 0.089      ; 0.669      ;
+-------+---------------------------------------------------------------------------------------------------------------------------------------------------------------------------+-----------------------------------------------------------------------------------------------------------------------------------------------------------------------------------------------------+--------------+-------------+--------------+------------+------------+


+-----------------------------------------------------------------------------------------------------------------------------------------------------------------------------------------------------------------------------------------------------------------------------------------------------------------------------------------------------------------------------------------------------------------+
; Slow 1200mV 85C Model Recovery: 'CLOCK_50'                                                                                                                                                                                                                                                                                                                                                                      ;
+--------+-----------------------------------------------------------------------------------------------------------------------------------------------+----------------------------------------------------------------------------------------------------------------------------------------------------------------------------------+--------------+-------------+--------------+------------+------------+
; Slack  ; From Node                                                                                                                                     ; To Node                                                                                                                                                                          ; Launch Clock ; Latch Clock ; Relationship ; Clock Skew ; Data Delay ;
+--------+-----------------------------------------------------------------------------------------------------------------------------------------------+----------------------------------------------------------------------------------------------------------------------------------------------------------------------------------+--------------+-------------+--------------+------------+------------+
; -1.228 ; axis_controller:axis_controller|Tilt_board:tilt_y|moving_avg:moving_avg|altshift_taps:shift_reg_mem_rtl_0|shift_taps_r9n:auto_generated|dffe4 ; axis_controller:axis_controller|Tilt_board:tilt_y|moving_avg:moving_avg|altshift_taps:shift_reg_mem_rtl_0|shift_taps_r9n:auto_generated|altsyncram_66b1:altsyncram2|ram_block5a0 ; CLOCK_50     ; CLOCK_50    ; 1.000        ; 0.246      ; 2.396      ;
; -1.228 ; axis_controller:axis_controller|Tilt_board:tilt_y|moving_avg:moving_avg|altshift_taps:shift_reg_mem_rtl_0|shift_taps_r9n:auto_generated|dffe4 ; axis_controller:axis_controller|Tilt_board:tilt_y|moving_avg:moving_avg|altshift_taps:shift_reg_mem_rtl_0|shift_taps_r9n:auto_generated|altsyncram_66b1:altsyncram2|ram_block5a1 ; CLOCK_50     ; CLOCK_50    ; 1.000        ; 0.246      ; 2.396      ;
; -1.228 ; axis_controller:axis_controller|Tilt_board:tilt_y|moving_avg:moving_avg|altshift_taps:shift_reg_mem_rtl_0|shift_taps_r9n:auto_generated|dffe4 ; axis_controller:axis_controller|Tilt_board:tilt_y|moving_avg:moving_avg|altshift_taps:shift_reg_mem_rtl_0|shift_taps_r9n:auto_generated|altsyncram_66b1:altsyncram2|ram_block5a2 ; CLOCK_50     ; CLOCK_50    ; 1.000        ; 0.246      ; 2.396      ;
; -1.228 ; axis_controller:axis_controller|Tilt_board:tilt_y|moving_avg:moving_avg|altshift_taps:shift_reg_mem_rtl_0|shift_taps_r9n:auto_generated|dffe4 ; axis_controller:axis_controller|Tilt_board:tilt_y|moving_avg:moving_avg|altshift_taps:shift_reg_mem_rtl_0|shift_taps_r9n:auto_generated|altsyncram_66b1:altsyncram2|ram_block5a3 ; CLOCK_50     ; CLOCK_50    ; 1.000        ; 0.246      ; 2.396      ;
; -1.228 ; axis_controller:axis_controller|Tilt_board:tilt_y|moving_avg:moving_avg|altshift_taps:shift_reg_mem_rtl_0|shift_taps_r9n:auto_generated|dffe4 ; axis_controller:axis_controller|Tilt_board:tilt_y|moving_avg:moving_avg|altshift_taps:shift_reg_mem_rtl_0|shift_taps_r9n:auto_generated|altsyncram_66b1:altsyncram2|ram_block5a4 ; CLOCK_50     ; CLOCK_50    ; 1.000        ; 0.246      ; 2.396      ;
; -1.228 ; axis_controller:axis_controller|Tilt_board:tilt_y|moving_avg:moving_avg|altshift_taps:shift_reg_mem_rtl_0|shift_taps_r9n:auto_generated|dffe4 ; axis_controller:axis_controller|Tilt_board:tilt_y|moving_avg:moving_avg|altshift_taps:shift_reg_mem_rtl_0|shift_taps_r9n:auto_generated|altsyncram_66b1:altsyncram2|ram_block5a5 ; CLOCK_50     ; CLOCK_50    ; 1.000        ; 0.246      ; 2.396      ;
; -1.228 ; axis_controller:axis_controller|Tilt_board:tilt_y|moving_avg:moving_avg|altshift_taps:shift_reg_mem_rtl_0|shift_taps_r9n:auto_generated|dffe4 ; axis_controller:axis_controller|Tilt_board:tilt_y|moving_avg:moving_avg|altshift_taps:shift_reg_mem_rtl_0|shift_taps_r9n:auto_generated|altsyncram_66b1:altsyncram2|ram_block5a6 ; CLOCK_50     ; CLOCK_50    ; 1.000        ; 0.246      ; 2.396      ;
; -1.228 ; axis_controller:axis_controller|Tilt_board:tilt_y|moving_avg:moving_avg|altshift_taps:shift_reg_mem_rtl_0|shift_taps_r9n:auto_generated|dffe4 ; axis_controller:axis_controller|Tilt_board:tilt_y|moving_avg:moving_avg|altshift_taps:shift_reg_mem_rtl_0|shift_taps_r9n:auto_generated|altsyncram_66b1:altsyncram2|ram_block5a7 ; CLOCK_50     ; CLOCK_50    ; 1.000        ; 0.246      ; 2.396      ;
; -1.064 ; axis_controller:axis_controller|cmd_proc:cmd_proc|periodical_strb_gen:strb_gen|sync_rst                                                       ; axis_controller:axis_controller|cmd_proc:cmd_proc|periodical_strb_gen:strb_gen|strobe_generator:strb_gen|cycles_until_strobe[22]                                                 ; CLOCK_50     ; CLOCK_50    ; 1.000        ; -0.519     ; 1.543      ;
; -1.064 ; axis_controller:axis_controller|cmd_proc:cmd_proc|periodical_strb_gen:strb_gen|sync_rst                                                       ; axis_controller:axis_controller|cmd_proc:cmd_proc|periodical_strb_gen:strb_gen|strobe_generator:strb_gen|cycles_until_strobe[23]                                                 ; CLOCK_50     ; CLOCK_50    ; 1.000        ; -0.519     ; 1.543      ;
; -1.064 ; axis_controller:axis_controller|cmd_proc:cmd_proc|periodical_strb_gen:strb_gen|sync_rst                                                       ; axis_controller:axis_controller|cmd_proc:cmd_proc|periodical_strb_gen:strb_gen|strobe_generator:strb_gen|cycles_until_strobe[24]                                                 ; CLOCK_50     ; CLOCK_50    ; 1.000        ; -0.519     ; 1.543      ;
; -1.064 ; axis_controller:axis_controller|cmd_proc:cmd_proc|periodical_strb_gen:strb_gen|sync_rst                                                       ; axis_controller:axis_controller|cmd_proc:cmd_proc|periodical_strb_gen:strb_gen|strobe_generator:strb_gen|cycles_until_strobe[25]                                                 ; CLOCK_50     ; CLOCK_50    ; 1.000        ; -0.519     ; 1.543      ;
; -1.064 ; axis_controller:axis_controller|cmd_proc:cmd_proc|periodical_strb_gen:strb_gen|sync_rst                                                       ; axis_controller:axis_controller|cmd_proc:cmd_proc|periodical_strb_gen:strb_gen|strobe_generator:strb_gen|cycles_until_strobe[26]                                                 ; CLOCK_50     ; CLOCK_50    ; 1.000        ; -0.519     ; 1.543      ;
; -1.064 ; axis_controller:axis_controller|cmd_proc:cmd_proc|periodical_strb_gen:strb_gen|sync_rst                                                       ; axis_controller:axis_controller|cmd_proc:cmd_proc|periodical_strb_gen:strb_gen|strobe_generator:strb_gen|cycles_until_strobe[19]                                                 ; CLOCK_50     ; CLOCK_50    ; 1.000        ; -0.519     ; 1.543      ;
; -1.064 ; axis_controller:axis_controller|cmd_proc:cmd_proc|periodical_strb_gen:strb_gen|sync_rst                                                       ; axis_controller:axis_controller|cmd_proc:cmd_proc|periodical_strb_gen:strb_gen|strobe_generator:strb_gen|cycles_until_strobe[18]                                                 ; CLOCK_50     ; CLOCK_50    ; 1.000        ; -0.519     ; 1.543      ;
; -1.064 ; axis_controller:axis_controller|cmd_proc:cmd_proc|periodical_strb_gen:strb_gen|sync_rst                                                       ; axis_controller:axis_controller|cmd_proc:cmd_proc|periodical_strb_gen:strb_gen|strobe_generator:strb_gen|cycles_until_strobe[17]                                                 ; CLOCK_50     ; CLOCK_50    ; 1.000        ; -0.519     ; 1.543      ;
; -1.064 ; axis_controller:axis_controller|cmd_proc:cmd_proc|periodical_strb_gen:strb_gen|sync_rst                                                       ; axis_controller:axis_controller|cmd_proc:cmd_proc|periodical_strb_gen:strb_gen|strobe_generator:strb_gen|cycles_until_strobe[16]                                                 ; CLOCK_50     ; CLOCK_50    ; 1.000        ; -0.519     ; 1.543      ;
; -1.047 ; axis_controller:axis_controller|cmd_proc:cmd_proc|periodical_strb_gen:strb_gen|sync_rst                                                       ; axis_controller:axis_controller|cmd_proc:cmd_proc|periodical_strb_gen:strb_gen|strobe_generator:strb_gen|cycles_until_strobe[0]                                                  ; CLOCK_50     ; CLOCK_50    ; 1.000        ; -0.105     ; 1.940      ;
; -1.045 ; axis_controller:axis_controller|cmd_proc:cmd_proc|periodical_strb_gen:strb_gen|sync_rst                                                       ; axis_controller:axis_controller|cmd_proc:cmd_proc|periodical_strb_gen:strb_gen|strobe_generator:strb_gen|strb_val                                                                ; CLOCK_50     ; CLOCK_50    ; 1.000        ; -0.107     ; 1.936      ;
; -1.045 ; axis_controller:axis_controller|cmd_proc:cmd_proc|periodical_strb_gen:strb_gen|sync_rst                                                       ; axis_controller:axis_controller|cmd_proc:cmd_proc|periodical_strb_gen:strb_gen|strobe_generator:strb_gen|cycles_until_strobe[7]                                                  ; CLOCK_50     ; CLOCK_50    ; 1.000        ; -0.107     ; 1.936      ;
; -1.045 ; axis_controller:axis_controller|cmd_proc:cmd_proc|periodical_strb_gen:strb_gen|sync_rst                                                       ; axis_controller:axis_controller|cmd_proc:cmd_proc|periodical_strb_gen:strb_gen|strobe_generator:strb_gen|cycles_until_strobe[8]                                                  ; CLOCK_50     ; CLOCK_50    ; 1.000        ; -0.107     ; 1.936      ;
; -1.045 ; axis_controller:axis_controller|cmd_proc:cmd_proc|periodical_strb_gen:strb_gen|sync_rst                                                       ; axis_controller:axis_controller|cmd_proc:cmd_proc|periodical_strb_gen:strb_gen|strobe_generator:strb_gen|cycles_until_strobe[10]                                                 ; CLOCK_50     ; CLOCK_50    ; 1.000        ; -0.107     ; 1.936      ;
; -1.045 ; axis_controller:axis_controller|cmd_proc:cmd_proc|periodical_strb_gen:strb_gen|sync_rst                                                       ; axis_controller:axis_controller|cmd_proc:cmd_proc|periodical_strb_gen:strb_gen|strobe_generator:strb_gen|cycles_until_strobe[11]                                                 ; CLOCK_50     ; CLOCK_50    ; 1.000        ; -0.107     ; 1.936      ;
; -1.045 ; axis_controller:axis_controller|cmd_proc:cmd_proc|periodical_strb_gen:strb_gen|sync_rst                                                       ; axis_controller:axis_controller|cmd_proc:cmd_proc|periodical_strb_gen:strb_gen|strobe_generator:strb_gen|cycles_until_strobe[12]                                                 ; CLOCK_50     ; CLOCK_50    ; 1.000        ; -0.107     ; 1.936      ;
; -1.045 ; axis_controller:axis_controller|cmd_proc:cmd_proc|periodical_strb_gen:strb_gen|sync_rst                                                       ; axis_controller:axis_controller|cmd_proc:cmd_proc|periodical_strb_gen:strb_gen|strobe_generator:strb_gen|cycles_until_strobe[13]                                                 ; CLOCK_50     ; CLOCK_50    ; 1.000        ; -0.107     ; 1.936      ;
; -1.045 ; axis_controller:axis_controller|cmd_proc:cmd_proc|periodical_strb_gen:strb_gen|sync_rst                                                       ; axis_controller:axis_controller|cmd_proc:cmd_proc|periodical_strb_gen:strb_gen|strobe_generator:strb_gen|cycles_until_strobe[14]                                                 ; CLOCK_50     ; CLOCK_50    ; 1.000        ; -0.107     ; 1.936      ;
; -1.045 ; axis_controller:axis_controller|cmd_proc:cmd_proc|periodical_strb_gen:strb_gen|sync_rst                                                       ; axis_controller:axis_controller|cmd_proc:cmd_proc|periodical_strb_gen:strb_gen|strobe_generator:strb_gen|cycles_until_strobe[9]                                                  ; CLOCK_50     ; CLOCK_50    ; 1.000        ; -0.107     ; 1.936      ;
; -1.045 ; axis_controller:axis_controller|cmd_proc:cmd_proc|periodical_strb_gen:strb_gen|sync_rst                                                       ; axis_controller:axis_controller|cmd_proc:cmd_proc|periodical_strb_gen:strb_gen|strobe_generator:strb_gen|cycles_until_strobe[5]                                                  ; CLOCK_50     ; CLOCK_50    ; 1.000        ; -0.107     ; 1.936      ;
; -1.045 ; axis_controller:axis_controller|cmd_proc:cmd_proc|periodical_strb_gen:strb_gen|sync_rst                                                       ; axis_controller:axis_controller|cmd_proc:cmd_proc|periodical_strb_gen:strb_gen|strobe_generator:strb_gen|cycles_until_strobe[4]                                                  ; CLOCK_50     ; CLOCK_50    ; 1.000        ; -0.107     ; 1.936      ;
; -1.045 ; axis_controller:axis_controller|cmd_proc:cmd_proc|periodical_strb_gen:strb_gen|sync_rst                                                       ; axis_controller:axis_controller|cmd_proc:cmd_proc|periodical_strb_gen:strb_gen|strobe_generator:strb_gen|cycles_until_strobe[3]                                                  ; CLOCK_50     ; CLOCK_50    ; 1.000        ; -0.107     ; 1.936      ;
; -1.045 ; axis_controller:axis_controller|cmd_proc:cmd_proc|periodical_strb_gen:strb_gen|sync_rst                                                       ; axis_controller:axis_controller|cmd_proc:cmd_proc|periodical_strb_gen:strb_gen|strobe_generator:strb_gen|cycles_until_strobe[2]                                                  ; CLOCK_50     ; CLOCK_50    ; 1.000        ; -0.107     ; 1.936      ;
; -1.045 ; axis_controller:axis_controller|cmd_proc:cmd_proc|periodical_strb_gen:strb_gen|sync_rst                                                       ; axis_controller:axis_controller|cmd_proc:cmd_proc|periodical_strb_gen:strb_gen|strobe_generator:strb_gen|cycles_until_strobe[1]                                                  ; CLOCK_50     ; CLOCK_50    ; 1.000        ; -0.107     ; 1.936      ;
; -1.004 ; axis_controller:axis_controller|cmd_proc:cmd_proc|periodical_strb_gen:strb_gen|sync_rst                                                       ; axis_controller:axis_controller|cmd_proc:cmd_proc|periodical_strb_gen:strb_gen|strobe_generator:strb_gen|cycles_until_strobe[6]                                                  ; CLOCK_50     ; CLOCK_50    ; 1.000        ; -0.108     ; 1.894      ;
; -0.906 ; axis_controller:axis_controller|cmd_proc:cmd_proc|periodical_strb_gen:strb_gen|sync_rst                                                       ; axis_controller:axis_controller|cmd_proc:cmd_proc|periodical_strb_gen:strb_gen|strobe_generator:strb_gen|strb_o                                                                  ; CLOCK_50     ; CLOCK_50    ; 1.000        ; -0.108     ; 1.796      ;
; -0.906 ; axis_controller:axis_controller|cmd_proc:cmd_proc|periodical_strb_gen:strb_gen|sync_rst                                                       ; axis_controller:axis_controller|cmd_proc:cmd_proc|periodical_strb_gen:strb_gen|strobe_generator:strb_gen|cycles_until_strobe[30]                                                 ; CLOCK_50     ; CLOCK_50    ; 1.000        ; -0.108     ; 1.796      ;
; -0.906 ; axis_controller:axis_controller|cmd_proc:cmd_proc|periodical_strb_gen:strb_gen|sync_rst                                                       ; axis_controller:axis_controller|cmd_proc:cmd_proc|periodical_strb_gen:strb_gen|strobe_generator:strb_gen|cycles_until_strobe[15]                                                 ; CLOCK_50     ; CLOCK_50    ; 1.000        ; -0.108     ; 1.796      ;
; -0.906 ; axis_controller:axis_controller|cmd_proc:cmd_proc|periodical_strb_gen:strb_gen|sync_rst                                                       ; axis_controller:axis_controller|cmd_proc:cmd_proc|periodical_strb_gen:strb_gen|strobe_generator:strb_gen|cycles_until_strobe[20]                                                 ; CLOCK_50     ; CLOCK_50    ; 1.000        ; -0.108     ; 1.796      ;
; -0.906 ; axis_controller:axis_controller|cmd_proc:cmd_proc|periodical_strb_gen:strb_gen|sync_rst                                                       ; axis_controller:axis_controller|cmd_proc:cmd_proc|periodical_strb_gen:strb_gen|strobe_generator:strb_gen|cycles_until_strobe[21]                                                 ; CLOCK_50     ; CLOCK_50    ; 1.000        ; -0.108     ; 1.796      ;
; -0.906 ; axis_controller:axis_controller|cmd_proc:cmd_proc|periodical_strb_gen:strb_gen|sync_rst                                                       ; axis_controller:axis_controller|cmd_proc:cmd_proc|periodical_strb_gen:strb_gen|strobe_generator:strb_gen|cycles_until_strobe[27]                                                 ; CLOCK_50     ; CLOCK_50    ; 1.000        ; -0.108     ; 1.796      ;
; -0.906 ; axis_controller:axis_controller|cmd_proc:cmd_proc|periodical_strb_gen:strb_gen|sync_rst                                                       ; axis_controller:axis_controller|cmd_proc:cmd_proc|periodical_strb_gen:strb_gen|strobe_generator:strb_gen|cycles_until_strobe[28]                                                 ; CLOCK_50     ; CLOCK_50    ; 1.000        ; -0.108     ; 1.796      ;
; -0.906 ; axis_controller:axis_controller|cmd_proc:cmd_proc|periodical_strb_gen:strb_gen|sync_rst                                                       ; axis_controller:axis_controller|cmd_proc:cmd_proc|periodical_strb_gen:strb_gen|strobe_generator:strb_gen|cycles_until_strobe[29]                                                 ; CLOCK_50     ; CLOCK_50    ; 1.000        ; -0.108     ; 1.796      ;
; -0.869 ; axis_controller:axis_controller|Tilt_board:tilt_x|moving_avg:moving_avg|altshift_taps:shift_reg_mem_rtl_0|shift_taps_r9n:auto_generated|dffe4 ; axis_controller:axis_controller|Tilt_board:tilt_x|moving_avg:moving_avg|altshift_taps:shift_reg_mem_rtl_0|shift_taps_r9n:auto_generated|altsyncram_66b1:altsyncram2|ram_block5a0 ; CLOCK_50     ; CLOCK_50    ; 1.000        ; 0.245      ; 2.036      ;
; -0.869 ; axis_controller:axis_controller|Tilt_board:tilt_x|moving_avg:moving_avg|altshift_taps:shift_reg_mem_rtl_0|shift_taps_r9n:auto_generated|dffe4 ; axis_controller:axis_controller|Tilt_board:tilt_x|moving_avg:moving_avg|altshift_taps:shift_reg_mem_rtl_0|shift_taps_r9n:auto_generated|altsyncram_66b1:altsyncram2|ram_block5a1 ; CLOCK_50     ; CLOCK_50    ; 1.000        ; 0.245      ; 2.036      ;
; -0.869 ; axis_controller:axis_controller|Tilt_board:tilt_x|moving_avg:moving_avg|altshift_taps:shift_reg_mem_rtl_0|shift_taps_r9n:auto_generated|dffe4 ; axis_controller:axis_controller|Tilt_board:tilt_x|moving_avg:moving_avg|altshift_taps:shift_reg_mem_rtl_0|shift_taps_r9n:auto_generated|altsyncram_66b1:altsyncram2|ram_block5a2 ; CLOCK_50     ; CLOCK_50    ; 1.000        ; 0.245      ; 2.036      ;
; -0.869 ; axis_controller:axis_controller|Tilt_board:tilt_x|moving_avg:moving_avg|altshift_taps:shift_reg_mem_rtl_0|shift_taps_r9n:auto_generated|dffe4 ; axis_controller:axis_controller|Tilt_board:tilt_x|moving_avg:moving_avg|altshift_taps:shift_reg_mem_rtl_0|shift_taps_r9n:auto_generated|altsyncram_66b1:altsyncram2|ram_block5a3 ; CLOCK_50     ; CLOCK_50    ; 1.000        ; 0.245      ; 2.036      ;
; -0.869 ; axis_controller:axis_controller|Tilt_board:tilt_x|moving_avg:moving_avg|altshift_taps:shift_reg_mem_rtl_0|shift_taps_r9n:auto_generated|dffe4 ; axis_controller:axis_controller|Tilt_board:tilt_x|moving_avg:moving_avg|altshift_taps:shift_reg_mem_rtl_0|shift_taps_r9n:auto_generated|altsyncram_66b1:altsyncram2|ram_block5a4 ; CLOCK_50     ; CLOCK_50    ; 1.000        ; 0.245      ; 2.036      ;
; -0.869 ; axis_controller:axis_controller|Tilt_board:tilt_x|moving_avg:moving_avg|altshift_taps:shift_reg_mem_rtl_0|shift_taps_r9n:auto_generated|dffe4 ; axis_controller:axis_controller|Tilt_board:tilt_x|moving_avg:moving_avg|altshift_taps:shift_reg_mem_rtl_0|shift_taps_r9n:auto_generated|altsyncram_66b1:altsyncram2|ram_block5a5 ; CLOCK_50     ; CLOCK_50    ; 1.000        ; 0.245      ; 2.036      ;
; -0.869 ; axis_controller:axis_controller|Tilt_board:tilt_x|moving_avg:moving_avg|altshift_taps:shift_reg_mem_rtl_0|shift_taps_r9n:auto_generated|dffe4 ; axis_controller:axis_controller|Tilt_board:tilt_x|moving_avg:moving_avg|altshift_taps:shift_reg_mem_rtl_0|shift_taps_r9n:auto_generated|altsyncram_66b1:altsyncram2|ram_block5a6 ; CLOCK_50     ; CLOCK_50    ; 1.000        ; 0.245      ; 2.036      ;
; -0.869 ; axis_controller:axis_controller|Tilt_board:tilt_x|moving_avg:moving_avg|altshift_taps:shift_reg_mem_rtl_0|shift_taps_r9n:auto_generated|dffe4 ; axis_controller:axis_controller|Tilt_board:tilt_x|moving_avg:moving_avg|altshift_taps:shift_reg_mem_rtl_0|shift_taps_r9n:auto_generated|altsyncram_66b1:altsyncram2|ram_block5a7 ; CLOCK_50     ; CLOCK_50    ; 1.000        ; 0.245      ; 2.036      ;
; -0.849 ; axis_controller:axis_controller|cmd_proc:cmd_proc|fsm_state.IDLE                                                                              ; axis_controller:axis_controller|cmd_proc:cmd_proc|periodical_strb_gen:strb_gen|sync_rst                                                                                          ; CLOCK_50     ; CLOCK_50    ; 1.000        ; 0.319      ; 2.166      ;
; -0.806 ; axis_controller:axis_controller|cmd_proc:cmd_proc|fsm_state.WAIT_COMPLETE                                                                     ; axis_controller:axis_controller|cmd_proc:cmd_proc|periodical_strb_gen:strb_gen|sync_rst                                                                                          ; CLOCK_50     ; CLOCK_50    ; 1.000        ; 0.321      ; 2.125      ;
; -0.684 ; axis_controller:axis_controller|btnCtrl:btnCtrl|debouncer:dbnc_switchTen|periodical_strb_gen:strb_gen|sync_rst                                ; axis_controller:axis_controller|btnCtrl:btnCtrl|debouncer:dbnc_switchTen|periodical_strb_gen:strb_gen|strobe_generator:strb_gen|strb_o                                           ; CLOCK_50     ; CLOCK_50    ; 1.000        ; -0.091     ; 1.591      ;
; -0.664 ; axis_controller:axis_controller|btnCtrl:btnCtrl|debouncer:dbnc_increment|periodical_strb_gen:strb_gen|sync_rst                                ; axis_controller:axis_controller|btnCtrl:btnCtrl|debouncer:dbnc_increment|periodical_strb_gen:strb_gen|strobe_generator:strb_gen|strb_o                                           ; CLOCK_50     ; CLOCK_50    ; 1.000        ; -0.089     ; 1.573      ;
; -0.470 ; axis_controller:axis_controller|btnCtrl:btnCtrl|debouncer:dbnc_decrement|periodical_strb_gen:strb_gen|sync_rst                                ; axis_controller:axis_controller|btnCtrl:btnCtrl|debouncer:dbnc_decrement|periodical_strb_gen:strb_gen|strobe_generator:strb_gen|cycles_until_strobe[20]                          ; CLOCK_50     ; CLOCK_50    ; 1.000        ; 0.322      ; 1.790      ;
; -0.470 ; axis_controller:axis_controller|btnCtrl:btnCtrl|debouncer:dbnc_decrement|periodical_strb_gen:strb_gen|sync_rst                                ; axis_controller:axis_controller|btnCtrl:btnCtrl|debouncer:dbnc_decrement|periodical_strb_gen:strb_gen|strobe_generator:strb_gen|cycles_until_strobe[21]                          ; CLOCK_50     ; CLOCK_50    ; 1.000        ; 0.322      ; 1.790      ;
; -0.470 ; axis_controller:axis_controller|btnCtrl:btnCtrl|debouncer:dbnc_decrement|periodical_strb_gen:strb_gen|sync_rst                                ; axis_controller:axis_controller|btnCtrl:btnCtrl|debouncer:dbnc_decrement|periodical_strb_gen:strb_gen|strobe_generator:strb_gen|cycles_until_strobe[22]                          ; CLOCK_50     ; CLOCK_50    ; 1.000        ; 0.322      ; 1.790      ;
; -0.470 ; axis_controller:axis_controller|btnCtrl:btnCtrl|debouncer:dbnc_decrement|periodical_strb_gen:strb_gen|sync_rst                                ; axis_controller:axis_controller|btnCtrl:btnCtrl|debouncer:dbnc_decrement|periodical_strb_gen:strb_gen|strobe_generator:strb_gen|cycles_until_strobe[23]                          ; CLOCK_50     ; CLOCK_50    ; 1.000        ; 0.322      ; 1.790      ;
; -0.470 ; axis_controller:axis_controller|btnCtrl:btnCtrl|debouncer:dbnc_decrement|periodical_strb_gen:strb_gen|sync_rst                                ; axis_controller:axis_controller|btnCtrl:btnCtrl|debouncer:dbnc_decrement|periodical_strb_gen:strb_gen|strobe_generator:strb_gen|cycles_until_strobe[24]                          ; CLOCK_50     ; CLOCK_50    ; 1.000        ; 0.322      ; 1.790      ;
; -0.470 ; axis_controller:axis_controller|btnCtrl:btnCtrl|debouncer:dbnc_decrement|periodical_strb_gen:strb_gen|sync_rst                                ; axis_controller:axis_controller|btnCtrl:btnCtrl|debouncer:dbnc_decrement|periodical_strb_gen:strb_gen|strobe_generator:strb_gen|cycles_until_strobe[25]                          ; CLOCK_50     ; CLOCK_50    ; 1.000        ; 0.322      ; 1.790      ;
; -0.470 ; axis_controller:axis_controller|btnCtrl:btnCtrl|debouncer:dbnc_decrement|periodical_strb_gen:strb_gen|sync_rst                                ; axis_controller:axis_controller|btnCtrl:btnCtrl|debouncer:dbnc_decrement|periodical_strb_gen:strb_gen|strobe_generator:strb_gen|cycles_until_strobe[26]                          ; CLOCK_50     ; CLOCK_50    ; 1.000        ; 0.322      ; 1.790      ;
; -0.470 ; axis_controller:axis_controller|btnCtrl:btnCtrl|debouncer:dbnc_decrement|periodical_strb_gen:strb_gen|sync_rst                                ; axis_controller:axis_controller|btnCtrl:btnCtrl|debouncer:dbnc_decrement|periodical_strb_gen:strb_gen|strobe_generator:strb_gen|cycles_until_strobe[27]                          ; CLOCK_50     ; CLOCK_50    ; 1.000        ; 0.322      ; 1.790      ;
; -0.470 ; axis_controller:axis_controller|btnCtrl:btnCtrl|debouncer:dbnc_decrement|periodical_strb_gen:strb_gen|sync_rst                                ; axis_controller:axis_controller|btnCtrl:btnCtrl|debouncer:dbnc_decrement|periodical_strb_gen:strb_gen|strobe_generator:strb_gen|cycles_until_strobe[28]                          ; CLOCK_50     ; CLOCK_50    ; 1.000        ; 0.322      ; 1.790      ;
; -0.470 ; axis_controller:axis_controller|btnCtrl:btnCtrl|debouncer:dbnc_decrement|periodical_strb_gen:strb_gen|sync_rst                                ; axis_controller:axis_controller|btnCtrl:btnCtrl|debouncer:dbnc_decrement|periodical_strb_gen:strb_gen|strobe_generator:strb_gen|cycles_until_strobe[29]                          ; CLOCK_50     ; CLOCK_50    ; 1.000        ; 0.322      ; 1.790      ;
; -0.470 ; axis_controller:axis_controller|btnCtrl:btnCtrl|debouncer:dbnc_decrement|periodical_strb_gen:strb_gen|sync_rst                                ; axis_controller:axis_controller|btnCtrl:btnCtrl|debouncer:dbnc_decrement|periodical_strb_gen:strb_gen|strobe_generator:strb_gen|cycles_until_strobe[30]                          ; CLOCK_50     ; CLOCK_50    ; 1.000        ; 0.322      ; 1.790      ;
; -0.470 ; axis_controller:axis_controller|btnCtrl:btnCtrl|debouncer:dbnc_decrement|periodical_strb_gen:strb_gen|sync_rst                                ; axis_controller:axis_controller|btnCtrl:btnCtrl|debouncer:dbnc_decrement|periodical_strb_gen:strb_gen|strobe_generator:strb_gen|cycles_until_strobe[15]                          ; CLOCK_50     ; CLOCK_50    ; 1.000        ; 0.322      ; 1.790      ;
; -0.323 ; axis_controller:axis_controller|btnCtrl:btnCtrl|debouncer:dbnc_decrement|periodical_strb_gen:strb_gen|sync_rst                                ; axis_controller:axis_controller|btnCtrl:btnCtrl|debouncer:dbnc_decrement|periodical_strb_gen:strb_gen|strobe_generator:strb_gen|strb_val                                         ; CLOCK_50     ; CLOCK_50    ; 1.000        ; 0.322      ; 1.643      ;
; -0.323 ; axis_controller:axis_controller|btnCtrl:btnCtrl|debouncer:dbnc_decrement|periodical_strb_gen:strb_gen|sync_rst                                ; axis_controller:axis_controller|btnCtrl:btnCtrl|debouncer:dbnc_decrement|periodical_strb_gen:strb_gen|strobe_generator:strb_gen|strb_o                                           ; CLOCK_50     ; CLOCK_50    ; 1.000        ; 0.322      ; 1.643      ;
; -0.323 ; axis_controller:axis_controller|btnCtrl:btnCtrl|debouncer:dbnc_decrement|periodical_strb_gen:strb_gen|sync_rst                                ; axis_controller:axis_controller|btnCtrl:btnCtrl|debouncer:dbnc_decrement|periodical_strb_gen:strb_gen|strobe_generator:strb_gen|cycles_until_strobe[13]                          ; CLOCK_50     ; CLOCK_50    ; 1.000        ; 0.322      ; 1.643      ;
; -0.323 ; axis_controller:axis_controller|btnCtrl:btnCtrl|debouncer:dbnc_decrement|periodical_strb_gen:strb_gen|sync_rst                                ; axis_controller:axis_controller|btnCtrl:btnCtrl|debouncer:dbnc_decrement|periodical_strb_gen:strb_gen|strobe_generator:strb_gen|cycles_until_strobe[4]                           ; CLOCK_50     ; CLOCK_50    ; 1.000        ; 0.322      ; 1.643      ;
; -0.323 ; axis_controller:axis_controller|btnCtrl:btnCtrl|debouncer:dbnc_decrement|periodical_strb_gen:strb_gen|sync_rst                                ; axis_controller:axis_controller|btnCtrl:btnCtrl|debouncer:dbnc_decrement|periodical_strb_gen:strb_gen|strobe_generator:strb_gen|cycles_until_strobe[1]                           ; CLOCK_50     ; CLOCK_50    ; 1.000        ; 0.322      ; 1.643      ;
; -0.323 ; axis_controller:axis_controller|btnCtrl:btnCtrl|debouncer:dbnc_decrement|periodical_strb_gen:strb_gen|sync_rst                                ; axis_controller:axis_controller|btnCtrl:btnCtrl|debouncer:dbnc_decrement|periodical_strb_gen:strb_gen|strobe_generator:strb_gen|cycles_until_strobe[0]                           ; CLOCK_50     ; CLOCK_50    ; 1.000        ; 0.322      ; 1.643      ;
; -0.304 ; axis_controller:axis_controller|btnCtrl:btnCtrl|debouncer:dbnc_increment|periodical_strb_gen:strb_gen|sync_rst                                ; axis_controller:axis_controller|btnCtrl:btnCtrl|debouncer:dbnc_increment|periodical_strb_gen:strb_gen|strobe_generator:strb_gen|cycles_until_strobe[23]                          ; CLOCK_50     ; CLOCK_50    ; 1.000        ; 0.320      ; 1.622      ;
; -0.304 ; axis_controller:axis_controller|btnCtrl:btnCtrl|debouncer:dbnc_increment|periodical_strb_gen:strb_gen|sync_rst                                ; axis_controller:axis_controller|btnCtrl:btnCtrl|debouncer:dbnc_increment|periodical_strb_gen:strb_gen|strobe_generator:strb_gen|cycles_until_strobe[24]                          ; CLOCK_50     ; CLOCK_50    ; 1.000        ; 0.320      ; 1.622      ;
; -0.304 ; axis_controller:axis_controller|btnCtrl:btnCtrl|debouncer:dbnc_increment|periodical_strb_gen:strb_gen|sync_rst                                ; axis_controller:axis_controller|btnCtrl:btnCtrl|debouncer:dbnc_increment|periodical_strb_gen:strb_gen|strobe_generator:strb_gen|cycles_until_strobe[25]                          ; CLOCK_50     ; CLOCK_50    ; 1.000        ; 0.320      ; 1.622      ;
; -0.304 ; axis_controller:axis_controller|btnCtrl:btnCtrl|debouncer:dbnc_increment|periodical_strb_gen:strb_gen|sync_rst                                ; axis_controller:axis_controller|btnCtrl:btnCtrl|debouncer:dbnc_increment|periodical_strb_gen:strb_gen|strobe_generator:strb_gen|cycles_until_strobe[26]                          ; CLOCK_50     ; CLOCK_50    ; 1.000        ; 0.320      ; 1.622      ;
; -0.304 ; axis_controller:axis_controller|btnCtrl:btnCtrl|debouncer:dbnc_increment|periodical_strb_gen:strb_gen|sync_rst                                ; axis_controller:axis_controller|btnCtrl:btnCtrl|debouncer:dbnc_increment|periodical_strb_gen:strb_gen|strobe_generator:strb_gen|cycles_until_strobe[27]                          ; CLOCK_50     ; CLOCK_50    ; 1.000        ; 0.320      ; 1.622      ;
; -0.304 ; axis_controller:axis_controller|btnCtrl:btnCtrl|debouncer:dbnc_increment|periodical_strb_gen:strb_gen|sync_rst                                ; axis_controller:axis_controller|btnCtrl:btnCtrl|debouncer:dbnc_increment|periodical_strb_gen:strb_gen|strobe_generator:strb_gen|cycles_until_strobe[30]                          ; CLOCK_50     ; CLOCK_50    ; 1.000        ; 0.320      ; 1.622      ;
; -0.304 ; axis_controller:axis_controller|btnCtrl:btnCtrl|debouncer:dbnc_increment|periodical_strb_gen:strb_gen|sync_rst                                ; axis_controller:axis_controller|btnCtrl:btnCtrl|debouncer:dbnc_increment|periodical_strb_gen:strb_gen|strobe_generator:strb_gen|cycles_until_strobe[29]                          ; CLOCK_50     ; CLOCK_50    ; 1.000        ; 0.320      ; 1.622      ;
; -0.304 ; axis_controller:axis_controller|btnCtrl:btnCtrl|debouncer:dbnc_increment|periodical_strb_gen:strb_gen|sync_rst                                ; axis_controller:axis_controller|btnCtrl:btnCtrl|debouncer:dbnc_increment|periodical_strb_gen:strb_gen|strobe_generator:strb_gen|cycles_until_strobe[28]                          ; CLOCK_50     ; CLOCK_50    ; 1.000        ; 0.320      ; 1.622      ;
; -0.304 ; axis_controller:axis_controller|btnCtrl:btnCtrl|debouncer:dbnc_increment|periodical_strb_gen:strb_gen|sync_rst                                ; axis_controller:axis_controller|btnCtrl:btnCtrl|debouncer:dbnc_increment|periodical_strb_gen:strb_gen|strobe_generator:strb_gen|cycles_until_strobe[22]                          ; CLOCK_50     ; CLOCK_50    ; 1.000        ; 0.320      ; 1.622      ;
; -0.304 ; axis_controller:axis_controller|btnCtrl:btnCtrl|debouncer:dbnc_increment|periodical_strb_gen:strb_gen|sync_rst                                ; axis_controller:axis_controller|btnCtrl:btnCtrl|debouncer:dbnc_increment|periodical_strb_gen:strb_gen|strobe_generator:strb_gen|cycles_until_strobe[21]                          ; CLOCK_50     ; CLOCK_50    ; 1.000        ; 0.320      ; 1.622      ;
; -0.304 ; axis_controller:axis_controller|btnCtrl:btnCtrl|debouncer:dbnc_increment|periodical_strb_gen:strb_gen|sync_rst                                ; axis_controller:axis_controller|btnCtrl:btnCtrl|debouncer:dbnc_increment|periodical_strb_gen:strb_gen|strobe_generator:strb_gen|cycles_until_strobe[20]                          ; CLOCK_50     ; CLOCK_50    ; 1.000        ; 0.320      ; 1.622      ;
; -0.304 ; axis_controller:axis_controller|btnCtrl:btnCtrl|debouncer:dbnc_increment|periodical_strb_gen:strb_gen|sync_rst                                ; axis_controller:axis_controller|btnCtrl:btnCtrl|debouncer:dbnc_increment|periodical_strb_gen:strb_gen|strobe_generator:strb_gen|cycles_until_strobe[15]                          ; CLOCK_50     ; CLOCK_50    ; 1.000        ; 0.320      ; 1.622      ;
; -0.274 ; axis_controller:axis_controller|btnCtrl:btnCtrl|debouncer:dbnc_switchTen|periodical_strb_gen:strb_gen|sync_rst                                ; axis_controller:axis_controller|btnCtrl:btnCtrl|debouncer:dbnc_switchTen|periodical_strb_gen:strb_gen|strobe_generator:strb_gen|strb_val                                         ; CLOCK_50     ; CLOCK_50    ; 1.000        ; 0.319      ; 1.591      ;
; -0.274 ; axis_controller:axis_controller|btnCtrl:btnCtrl|debouncer:dbnc_switchTen|periodical_strb_gen:strb_gen|sync_rst                                ; axis_controller:axis_controller|btnCtrl:btnCtrl|debouncer:dbnc_switchTen|periodical_strb_gen:strb_gen|strobe_generator:strb_gen|cycles_until_strobe[19]                          ; CLOCK_50     ; CLOCK_50    ; 1.000        ; 0.319      ; 1.591      ;
; -0.274 ; axis_controller:axis_controller|btnCtrl:btnCtrl|debouncer:dbnc_switchTen|periodical_strb_gen:strb_gen|sync_rst                                ; axis_controller:axis_controller|btnCtrl:btnCtrl|debouncer:dbnc_switchTen|periodical_strb_gen:strb_gen|strobe_generator:strb_gen|cycles_until_strobe[1]                           ; CLOCK_50     ; CLOCK_50    ; 1.000        ; 0.319      ; 1.591      ;
; -0.274 ; axis_controller:axis_controller|btnCtrl:btnCtrl|debouncer:dbnc_switchTen|periodical_strb_gen:strb_gen|sync_rst                                ; axis_controller:axis_controller|btnCtrl:btnCtrl|debouncer:dbnc_switchTen|periodical_strb_gen:strb_gen|strobe_generator:strb_gen|cycles_until_strobe[0]                           ; CLOCK_50     ; CLOCK_50    ; 1.000        ; 0.319      ; 1.591      ;
; -0.257 ; axis_controller:axis_controller|btnCtrl:btnCtrl|debouncer:dbnc_switchTen|periodical_strb_gen:strb_gen|sync_rst                                ; axis_controller:axis_controller|btnCtrl:btnCtrl|debouncer:dbnc_switchTen|periodical_strb_gen:strb_gen|strobe_generator:strb_gen|cycles_until_strobe[28]                          ; CLOCK_50     ; CLOCK_50    ; 1.000        ; 0.321      ; 1.576      ;
; -0.257 ; axis_controller:axis_controller|btnCtrl:btnCtrl|debouncer:dbnc_switchTen|periodical_strb_gen:strb_gen|sync_rst                                ; axis_controller:axis_controller|btnCtrl:btnCtrl|debouncer:dbnc_switchTen|periodical_strb_gen:strb_gen|strobe_generator:strb_gen|cycles_until_strobe[29]                          ; CLOCK_50     ; CLOCK_50    ; 1.000        ; 0.321      ; 1.576      ;
; -0.257 ; axis_controller:axis_controller|btnCtrl:btnCtrl|debouncer:dbnc_switchTen|periodical_strb_gen:strb_gen|sync_rst                                ; axis_controller:axis_controller|btnCtrl:btnCtrl|debouncer:dbnc_switchTen|periodical_strb_gen:strb_gen|strobe_generator:strb_gen|cycles_until_strobe[30]                          ; CLOCK_50     ; CLOCK_50    ; 1.000        ; 0.321      ; 1.576      ;
; -0.257 ; axis_controller:axis_controller|btnCtrl:btnCtrl|debouncer:dbnc_switchTen|periodical_strb_gen:strb_gen|sync_rst                                ; axis_controller:axis_controller|btnCtrl:btnCtrl|debouncer:dbnc_switchTen|periodical_strb_gen:strb_gen|strobe_generator:strb_gen|cycles_until_strobe[27]                          ; CLOCK_50     ; CLOCK_50    ; 1.000        ; 0.321      ; 1.576      ;
; -0.257 ; axis_controller:axis_controller|btnCtrl:btnCtrl|debouncer:dbnc_switchTen|periodical_strb_gen:strb_gen|sync_rst                                ; axis_controller:axis_controller|btnCtrl:btnCtrl|debouncer:dbnc_switchTen|periodical_strb_gen:strb_gen|strobe_generator:strb_gen|cycles_until_strobe[26]                          ; CLOCK_50     ; CLOCK_50    ; 1.000        ; 0.321      ; 1.576      ;
; -0.257 ; axis_controller:axis_controller|btnCtrl:btnCtrl|debouncer:dbnc_switchTen|periodical_strb_gen:strb_gen|sync_rst                                ; axis_controller:axis_controller|btnCtrl:btnCtrl|debouncer:dbnc_switchTen|periodical_strb_gen:strb_gen|strobe_generator:strb_gen|cycles_until_strobe[25]                          ; CLOCK_50     ; CLOCK_50    ; 1.000        ; 0.321      ; 1.576      ;
; -0.257 ; axis_controller:axis_controller|btnCtrl:btnCtrl|debouncer:dbnc_switchTen|periodical_strb_gen:strb_gen|sync_rst                                ; axis_controller:axis_controller|btnCtrl:btnCtrl|debouncer:dbnc_switchTen|periodical_strb_gen:strb_gen|strobe_generator:strb_gen|cycles_until_strobe[24]                          ; CLOCK_50     ; CLOCK_50    ; 1.000        ; 0.321      ; 1.576      ;
; -0.257 ; axis_controller:axis_controller|btnCtrl:btnCtrl|debouncer:dbnc_switchTen|periodical_strb_gen:strb_gen|sync_rst                                ; axis_controller:axis_controller|btnCtrl:btnCtrl|debouncer:dbnc_switchTen|periodical_strb_gen:strb_gen|strobe_generator:strb_gen|cycles_until_strobe[23]                          ; CLOCK_50     ; CLOCK_50    ; 1.000        ; 0.321      ; 1.576      ;
; -0.257 ; axis_controller:axis_controller|btnCtrl:btnCtrl|debouncer:dbnc_switchTen|periodical_strb_gen:strb_gen|sync_rst                                ; axis_controller:axis_controller|btnCtrl:btnCtrl|debouncer:dbnc_switchTen|periodical_strb_gen:strb_gen|strobe_generator:strb_gen|cycles_until_strobe[22]                          ; CLOCK_50     ; CLOCK_50    ; 1.000        ; 0.321      ; 1.576      ;
; -0.257 ; axis_controller:axis_controller|btnCtrl:btnCtrl|debouncer:dbnc_switchTen|periodical_strb_gen:strb_gen|sync_rst                                ; axis_controller:axis_controller|btnCtrl:btnCtrl|debouncer:dbnc_switchTen|periodical_strb_gen:strb_gen|strobe_generator:strb_gen|cycles_until_strobe[21]                          ; CLOCK_50     ; CLOCK_50    ; 1.000        ; 0.321      ; 1.576      ;
; -0.257 ; axis_controller:axis_controller|btnCtrl:btnCtrl|debouncer:dbnc_switchTen|periodical_strb_gen:strb_gen|sync_rst                                ; axis_controller:axis_controller|btnCtrl:btnCtrl|debouncer:dbnc_switchTen|periodical_strb_gen:strb_gen|strobe_generator:strb_gen|cycles_until_strobe[20]                          ; CLOCK_50     ; CLOCK_50    ; 1.000        ; 0.321      ; 1.576      ;
; -0.257 ; axis_controller:axis_controller|btnCtrl:btnCtrl|debouncer:dbnc_switchTen|periodical_strb_gen:strb_gen|sync_rst                                ; axis_controller:axis_controller|btnCtrl:btnCtrl|debouncer:dbnc_switchTen|periodical_strb_gen:strb_gen|strobe_generator:strb_gen|cycles_until_strobe[15]                          ; CLOCK_50     ; CLOCK_50    ; 1.000        ; 0.321      ; 1.576      ;
; -0.257 ; axis_controller:axis_controller|btnCtrl:btnCtrl|debouncer:dbnc_switchTen|periodical_strb_gen:strb_gen|sync_rst                                ; axis_controller:axis_controller|btnCtrl:btnCtrl|debouncer:dbnc_switchTen|periodical_strb_gen:strb_gen|strobe_generator:strb_gen|cycles_until_strobe[13]                          ; CLOCK_50     ; CLOCK_50    ; 1.000        ; 0.321      ; 1.576      ;
+--------+-----------------------------------------------------------------------------------------------------------------------------------------------+----------------------------------------------------------------------------------------------------------------------------------------------------------------------------------+--------------+-------------+--------------+------------+------------+


+--------------------------------------------------------------------------------------------------------------------------------------------------------------------------------------------------------------------------------------------------------------------------------------------------------------------------------------------------------+
; Slow 1200mV 85C Model Removal: 'CLOCK_50'                                                                                                                                                                                                                                                                                                              ;
+-------+----------------------------------------------------------------------------------------------------------------+---------------------------------------------------------------------------------------------------------------------------------------------------------+--------------+-------------+--------------+------------+------------+
; Slack ; From Node                                                                                                      ; To Node                                                                                                                                                 ; Launch Clock ; Latch Clock ; Relationship ; Clock Skew ; Data Delay ;
+-------+----------------------------------------------------------------------------------------------------------------+---------------------------------------------------------------------------------------------------------------------------------------------------------+--------------+-------------+--------------+------------+------------+
; 0.544 ; axis_controller:axis_controller|btnCtrl:btnCtrl|debouncer:dbnc_decrement|periodical_strb_gen:strb_gen|sync_rst ; axis_controller:axis_controller|btnCtrl:btnCtrl|debouncer:dbnc_decrement|periodical_strb_gen:strb_gen|strobe_generator:strb_gen|cycles_until_strobe[6]  ; CLOCK_50     ; CLOCK_50    ; 0.000        ; 0.547      ; 1.277      ;
; 0.544 ; axis_controller:axis_controller|btnCtrl:btnCtrl|debouncer:dbnc_decrement|periodical_strb_gen:strb_gen|sync_rst ; axis_controller:axis_controller|btnCtrl:btnCtrl|debouncer:dbnc_decrement|periodical_strb_gen:strb_gen|strobe_generator:strb_gen|cycles_until_strobe[12] ; CLOCK_50     ; CLOCK_50    ; 0.000        ; 0.547      ; 1.277      ;
; 0.544 ; axis_controller:axis_controller|btnCtrl:btnCtrl|debouncer:dbnc_decrement|periodical_strb_gen:strb_gen|sync_rst ; axis_controller:axis_controller|btnCtrl:btnCtrl|debouncer:dbnc_decrement|periodical_strb_gen:strb_gen|strobe_generator:strb_gen|cycles_until_strobe[10] ; CLOCK_50     ; CLOCK_50    ; 0.000        ; 0.547      ; 1.277      ;
; 0.544 ; axis_controller:axis_controller|btnCtrl:btnCtrl|debouncer:dbnc_decrement|periodical_strb_gen:strb_gen|sync_rst ; axis_controller:axis_controller|btnCtrl:btnCtrl|debouncer:dbnc_decrement|periodical_strb_gen:strb_gen|strobe_generator:strb_gen|cycles_until_strobe[11] ; CLOCK_50     ; CLOCK_50    ; 0.000        ; 0.547      ; 1.277      ;
; 0.544 ; axis_controller:axis_controller|btnCtrl:btnCtrl|debouncer:dbnc_decrement|periodical_strb_gen:strb_gen|sync_rst ; axis_controller:axis_controller|btnCtrl:btnCtrl|debouncer:dbnc_decrement|periodical_strb_gen:strb_gen|strobe_generator:strb_gen|cycles_until_strobe[8]  ; CLOCK_50     ; CLOCK_50    ; 0.000        ; 0.547      ; 1.277      ;
; 0.544 ; axis_controller:axis_controller|btnCtrl:btnCtrl|debouncer:dbnc_decrement|periodical_strb_gen:strb_gen|sync_rst ; axis_controller:axis_controller|btnCtrl:btnCtrl|debouncer:dbnc_decrement|periodical_strb_gen:strb_gen|strobe_generator:strb_gen|cycles_until_strobe[7]  ; CLOCK_50     ; CLOCK_50    ; 0.000        ; 0.547      ; 1.277      ;
; 0.544 ; axis_controller:axis_controller|btnCtrl:btnCtrl|debouncer:dbnc_decrement|periodical_strb_gen:strb_gen|sync_rst ; axis_controller:axis_controller|btnCtrl:btnCtrl|debouncer:dbnc_decrement|periodical_strb_gen:strb_gen|strobe_generator:strb_gen|cycles_until_strobe[19] ; CLOCK_50     ; CLOCK_50    ; 0.000        ; 0.547      ; 1.277      ;
; 0.544 ; axis_controller:axis_controller|btnCtrl:btnCtrl|debouncer:dbnc_decrement|periodical_strb_gen:strb_gen|sync_rst ; axis_controller:axis_controller|btnCtrl:btnCtrl|debouncer:dbnc_decrement|periodical_strb_gen:strb_gen|strobe_generator:strb_gen|cycles_until_strobe[18] ; CLOCK_50     ; CLOCK_50    ; 0.000        ; 0.547      ; 1.277      ;
; 0.544 ; axis_controller:axis_controller|btnCtrl:btnCtrl|debouncer:dbnc_decrement|periodical_strb_gen:strb_gen|sync_rst ; axis_controller:axis_controller|btnCtrl:btnCtrl|debouncer:dbnc_decrement|periodical_strb_gen:strb_gen|strobe_generator:strb_gen|cycles_until_strobe[17] ; CLOCK_50     ; CLOCK_50    ; 0.000        ; 0.547      ; 1.277      ;
; 0.544 ; axis_controller:axis_controller|btnCtrl:btnCtrl|debouncer:dbnc_decrement|periodical_strb_gen:strb_gen|sync_rst ; axis_controller:axis_controller|btnCtrl:btnCtrl|debouncer:dbnc_decrement|periodical_strb_gen:strb_gen|strobe_generator:strb_gen|cycles_until_strobe[16] ; CLOCK_50     ; CLOCK_50    ; 0.000        ; 0.547      ; 1.277      ;
; 0.544 ; axis_controller:axis_controller|btnCtrl:btnCtrl|debouncer:dbnc_decrement|periodical_strb_gen:strb_gen|sync_rst ; axis_controller:axis_controller|btnCtrl:btnCtrl|debouncer:dbnc_decrement|periodical_strb_gen:strb_gen|strobe_generator:strb_gen|cycles_until_strobe[14] ; CLOCK_50     ; CLOCK_50    ; 0.000        ; 0.547      ; 1.277      ;
; 0.544 ; axis_controller:axis_controller|btnCtrl:btnCtrl|debouncer:dbnc_decrement|periodical_strb_gen:strb_gen|sync_rst ; axis_controller:axis_controller|btnCtrl:btnCtrl|debouncer:dbnc_decrement|periodical_strb_gen:strb_gen|strobe_generator:strb_gen|cycles_until_strobe[9]  ; CLOCK_50     ; CLOCK_50    ; 0.000        ; 0.547      ; 1.277      ;
; 0.544 ; axis_controller:axis_controller|btnCtrl:btnCtrl|debouncer:dbnc_decrement|periodical_strb_gen:strb_gen|sync_rst ; axis_controller:axis_controller|btnCtrl:btnCtrl|debouncer:dbnc_decrement|periodical_strb_gen:strb_gen|strobe_generator:strb_gen|cycles_until_strobe[5]  ; CLOCK_50     ; CLOCK_50    ; 0.000        ; 0.547      ; 1.277      ;
; 0.544 ; axis_controller:axis_controller|btnCtrl:btnCtrl|debouncer:dbnc_decrement|periodical_strb_gen:strb_gen|sync_rst ; axis_controller:axis_controller|btnCtrl:btnCtrl|debouncer:dbnc_decrement|periodical_strb_gen:strb_gen|strobe_generator:strb_gen|cycles_until_strobe[3]  ; CLOCK_50     ; CLOCK_50    ; 0.000        ; 0.547      ; 1.277      ;
; 0.544 ; axis_controller:axis_controller|btnCtrl:btnCtrl|debouncer:dbnc_decrement|periodical_strb_gen:strb_gen|sync_rst ; axis_controller:axis_controller|btnCtrl:btnCtrl|debouncer:dbnc_decrement|periodical_strb_gen:strb_gen|strobe_generator:strb_gen|cycles_until_strobe[2]  ; CLOCK_50     ; CLOCK_50    ; 0.000        ; 0.547      ; 1.277      ;
; 0.594 ; axis_controller:axis_controller|btnCtrl:btnCtrl|debouncer:dbnc_increment|periodical_strb_gen:strb_gen|sync_rst ; axis_controller:axis_controller|btnCtrl:btnCtrl|debouncer:dbnc_increment|periodical_strb_gen:strb_gen|strobe_generator:strb_gen|cycles_until_strobe[19] ; CLOCK_50     ; CLOCK_50    ; 0.000        ; 0.516      ; 1.296      ;
; 0.594 ; axis_controller:axis_controller|btnCtrl:btnCtrl|debouncer:dbnc_increment|periodical_strb_gen:strb_gen|sync_rst ; axis_controller:axis_controller|btnCtrl:btnCtrl|debouncer:dbnc_increment|periodical_strb_gen:strb_gen|strobe_generator:strb_gen|cycles_until_strobe[18] ; CLOCK_50     ; CLOCK_50    ; 0.000        ; 0.516      ; 1.296      ;
; 0.594 ; axis_controller:axis_controller|btnCtrl:btnCtrl|debouncer:dbnc_increment|periodical_strb_gen:strb_gen|sync_rst ; axis_controller:axis_controller|btnCtrl:btnCtrl|debouncer:dbnc_increment|periodical_strb_gen:strb_gen|strobe_generator:strb_gen|cycles_until_strobe[6]  ; CLOCK_50     ; CLOCK_50    ; 0.000        ; 0.516      ; 1.296      ;
; 0.594 ; axis_controller:axis_controller|btnCtrl:btnCtrl|debouncer:dbnc_increment|periodical_strb_gen:strb_gen|sync_rst ; axis_controller:axis_controller|btnCtrl:btnCtrl|debouncer:dbnc_increment|periodical_strb_gen:strb_gen|strobe_generator:strb_gen|cycles_until_strobe[8]  ; CLOCK_50     ; CLOCK_50    ; 0.000        ; 0.516      ; 1.296      ;
; 0.594 ; axis_controller:axis_controller|btnCtrl:btnCtrl|debouncer:dbnc_increment|periodical_strb_gen:strb_gen|sync_rst ; axis_controller:axis_controller|btnCtrl:btnCtrl|debouncer:dbnc_increment|periodical_strb_gen:strb_gen|strobe_generator:strb_gen|cycles_until_strobe[7]  ; CLOCK_50     ; CLOCK_50    ; 0.000        ; 0.516      ; 1.296      ;
; 0.594 ; axis_controller:axis_controller|btnCtrl:btnCtrl|debouncer:dbnc_increment|periodical_strb_gen:strb_gen|sync_rst ; axis_controller:axis_controller|btnCtrl:btnCtrl|debouncer:dbnc_increment|periodical_strb_gen:strb_gen|strobe_generator:strb_gen|cycles_until_strobe[11] ; CLOCK_50     ; CLOCK_50    ; 0.000        ; 0.516      ; 1.296      ;
; 0.594 ; axis_controller:axis_controller|btnCtrl:btnCtrl|debouncer:dbnc_increment|periodical_strb_gen:strb_gen|sync_rst ; axis_controller:axis_controller|btnCtrl:btnCtrl|debouncer:dbnc_increment|periodical_strb_gen:strb_gen|strobe_generator:strb_gen|cycles_until_strobe[12] ; CLOCK_50     ; CLOCK_50    ; 0.000        ; 0.516      ; 1.296      ;
; 0.594 ; axis_controller:axis_controller|btnCtrl:btnCtrl|debouncer:dbnc_increment|periodical_strb_gen:strb_gen|sync_rst ; axis_controller:axis_controller|btnCtrl:btnCtrl|debouncer:dbnc_increment|periodical_strb_gen:strb_gen|strobe_generator:strb_gen|cycles_until_strobe[10] ; CLOCK_50     ; CLOCK_50    ; 0.000        ; 0.516      ; 1.296      ;
; 0.594 ; axis_controller:axis_controller|btnCtrl:btnCtrl|debouncer:dbnc_increment|periodical_strb_gen:strb_gen|sync_rst ; axis_controller:axis_controller|btnCtrl:btnCtrl|debouncer:dbnc_increment|periodical_strb_gen:strb_gen|strobe_generator:strb_gen|cycles_until_strobe[16] ; CLOCK_50     ; CLOCK_50    ; 0.000        ; 0.516      ; 1.296      ;
; 0.594 ; axis_controller:axis_controller|btnCtrl:btnCtrl|debouncer:dbnc_increment|periodical_strb_gen:strb_gen|sync_rst ; axis_controller:axis_controller|btnCtrl:btnCtrl|debouncer:dbnc_increment|periodical_strb_gen:strb_gen|strobe_generator:strb_gen|cycles_until_strobe[14] ; CLOCK_50     ; CLOCK_50    ; 0.000        ; 0.516      ; 1.296      ;
; 0.594 ; axis_controller:axis_controller|btnCtrl:btnCtrl|debouncer:dbnc_increment|periodical_strb_gen:strb_gen|sync_rst ; axis_controller:axis_controller|btnCtrl:btnCtrl|debouncer:dbnc_increment|periodical_strb_gen:strb_gen|strobe_generator:strb_gen|cycles_until_strobe[9]  ; CLOCK_50     ; CLOCK_50    ; 0.000        ; 0.516      ; 1.296      ;
; 0.594 ; axis_controller:axis_controller|btnCtrl:btnCtrl|debouncer:dbnc_increment|periodical_strb_gen:strb_gen|sync_rst ; axis_controller:axis_controller|btnCtrl:btnCtrl|debouncer:dbnc_increment|periodical_strb_gen:strb_gen|strobe_generator:strb_gen|cycles_until_strobe[5]  ; CLOCK_50     ; CLOCK_50    ; 0.000        ; 0.516      ; 1.296      ;
; 0.594 ; axis_controller:axis_controller|btnCtrl:btnCtrl|debouncer:dbnc_increment|periodical_strb_gen:strb_gen|sync_rst ; axis_controller:axis_controller|btnCtrl:btnCtrl|debouncer:dbnc_increment|periodical_strb_gen:strb_gen|strobe_generator:strb_gen|cycles_until_strobe[4]  ; CLOCK_50     ; CLOCK_50    ; 0.000        ; 0.516      ; 1.296      ;
; 0.594 ; axis_controller:axis_controller|btnCtrl:btnCtrl|debouncer:dbnc_increment|periodical_strb_gen:strb_gen|sync_rst ; axis_controller:axis_controller|btnCtrl:btnCtrl|debouncer:dbnc_increment|periodical_strb_gen:strb_gen|strobe_generator:strb_gen|cycles_until_strobe[3]  ; CLOCK_50     ; CLOCK_50    ; 0.000        ; 0.516      ; 1.296      ;
; 0.594 ; axis_controller:axis_controller|btnCtrl:btnCtrl|debouncer:dbnc_increment|periodical_strb_gen:strb_gen|sync_rst ; axis_controller:axis_controller|btnCtrl:btnCtrl|debouncer:dbnc_increment|periodical_strb_gen:strb_gen|strobe_generator:strb_gen|cycles_until_strobe[1]  ; CLOCK_50     ; CLOCK_50    ; 0.000        ; 0.516      ; 1.296      ;
; 0.739 ; axis_controller:axis_controller|btnCtrl:btnCtrl|debouncer:dbnc_switchTen|periodical_strb_gen:strb_gen|sync_rst ; axis_controller:axis_controller|btnCtrl:btnCtrl|debouncer:dbnc_switchTen|periodical_strb_gen:strb_gen|strobe_generator:strb_gen|cycles_until_strobe[17] ; CLOCK_50     ; CLOCK_50    ; 0.000        ; 0.517      ; 1.442      ;
; 0.739 ; axis_controller:axis_controller|btnCtrl:btnCtrl|debouncer:dbnc_switchTen|periodical_strb_gen:strb_gen|sync_rst ; axis_controller:axis_controller|btnCtrl:btnCtrl|debouncer:dbnc_switchTen|periodical_strb_gen:strb_gen|strobe_generator:strb_gen|cycles_until_strobe[18] ; CLOCK_50     ; CLOCK_50    ; 0.000        ; 0.517      ; 1.442      ;
; 0.739 ; axis_controller:axis_controller|btnCtrl:btnCtrl|debouncer:dbnc_switchTen|periodical_strb_gen:strb_gen|sync_rst ; axis_controller:axis_controller|btnCtrl:btnCtrl|debouncer:dbnc_switchTen|periodical_strb_gen:strb_gen|strobe_generator:strb_gen|cycles_until_strobe[16] ; CLOCK_50     ; CLOCK_50    ; 0.000        ; 0.517      ; 1.442      ;
; 0.739 ; axis_controller:axis_controller|btnCtrl:btnCtrl|debouncer:dbnc_switchTen|periodical_strb_gen:strb_gen|sync_rst ; axis_controller:axis_controller|btnCtrl:btnCtrl|debouncer:dbnc_switchTen|periodical_strb_gen:strb_gen|strobe_generator:strb_gen|cycles_until_strobe[6]  ; CLOCK_50     ; CLOCK_50    ; 0.000        ; 0.517      ; 1.442      ;
; 0.739 ; axis_controller:axis_controller|btnCtrl:btnCtrl|debouncer:dbnc_switchTen|periodical_strb_gen:strb_gen|sync_rst ; axis_controller:axis_controller|btnCtrl:btnCtrl|debouncer:dbnc_switchTen|periodical_strb_gen:strb_gen|strobe_generator:strb_gen|cycles_until_strobe[11] ; CLOCK_50     ; CLOCK_50    ; 0.000        ; 0.517      ; 1.442      ;
; 0.739 ; axis_controller:axis_controller|btnCtrl:btnCtrl|debouncer:dbnc_switchTen|periodical_strb_gen:strb_gen|sync_rst ; axis_controller:axis_controller|btnCtrl:btnCtrl|debouncer:dbnc_switchTen|periodical_strb_gen:strb_gen|strobe_generator:strb_gen|cycles_until_strobe[10] ; CLOCK_50     ; CLOCK_50    ; 0.000        ; 0.517      ; 1.442      ;
; 0.739 ; axis_controller:axis_controller|btnCtrl:btnCtrl|debouncer:dbnc_switchTen|periodical_strb_gen:strb_gen|sync_rst ; axis_controller:axis_controller|btnCtrl:btnCtrl|debouncer:dbnc_switchTen|periodical_strb_gen:strb_gen|strobe_generator:strb_gen|cycles_until_strobe[12] ; CLOCK_50     ; CLOCK_50    ; 0.000        ; 0.517      ; 1.442      ;
; 0.739 ; axis_controller:axis_controller|btnCtrl:btnCtrl|debouncer:dbnc_switchTen|periodical_strb_gen:strb_gen|sync_rst ; axis_controller:axis_controller|btnCtrl:btnCtrl|debouncer:dbnc_switchTen|periodical_strb_gen:strb_gen|strobe_generator:strb_gen|cycles_until_strobe[8]  ; CLOCK_50     ; CLOCK_50    ; 0.000        ; 0.517      ; 1.442      ;
; 0.739 ; axis_controller:axis_controller|btnCtrl:btnCtrl|debouncer:dbnc_switchTen|periodical_strb_gen:strb_gen|sync_rst ; axis_controller:axis_controller|btnCtrl:btnCtrl|debouncer:dbnc_switchTen|periodical_strb_gen:strb_gen|strobe_generator:strb_gen|cycles_until_strobe[7]  ; CLOCK_50     ; CLOCK_50    ; 0.000        ; 0.517      ; 1.442      ;
; 0.739 ; axis_controller:axis_controller|btnCtrl:btnCtrl|debouncer:dbnc_switchTen|periodical_strb_gen:strb_gen|sync_rst ; axis_controller:axis_controller|btnCtrl:btnCtrl|debouncer:dbnc_switchTen|periodical_strb_gen:strb_gen|strobe_generator:strb_gen|cycles_until_strobe[14] ; CLOCK_50     ; CLOCK_50    ; 0.000        ; 0.517      ; 1.442      ;
; 0.739 ; axis_controller:axis_controller|btnCtrl:btnCtrl|debouncer:dbnc_switchTen|periodical_strb_gen:strb_gen|sync_rst ; axis_controller:axis_controller|btnCtrl:btnCtrl|debouncer:dbnc_switchTen|periodical_strb_gen:strb_gen|strobe_generator:strb_gen|cycles_until_strobe[9]  ; CLOCK_50     ; CLOCK_50    ; 0.000        ; 0.517      ; 1.442      ;
; 0.739 ; axis_controller:axis_controller|btnCtrl:btnCtrl|debouncer:dbnc_switchTen|periodical_strb_gen:strb_gen|sync_rst ; axis_controller:axis_controller|btnCtrl:btnCtrl|debouncer:dbnc_switchTen|periodical_strb_gen:strb_gen|strobe_generator:strb_gen|cycles_until_strobe[5]  ; CLOCK_50     ; CLOCK_50    ; 0.000        ; 0.517      ; 1.442      ;
; 0.739 ; axis_controller:axis_controller|btnCtrl:btnCtrl|debouncer:dbnc_switchTen|periodical_strb_gen:strb_gen|sync_rst ; axis_controller:axis_controller|btnCtrl:btnCtrl|debouncer:dbnc_switchTen|periodical_strb_gen:strb_gen|strobe_generator:strb_gen|cycles_until_strobe[4]  ; CLOCK_50     ; CLOCK_50    ; 0.000        ; 0.517      ; 1.442      ;
; 0.739 ; axis_controller:axis_controller|btnCtrl:btnCtrl|debouncer:dbnc_switchTen|periodical_strb_gen:strb_gen|sync_rst ; axis_controller:axis_controller|btnCtrl:btnCtrl|debouncer:dbnc_switchTen|periodical_strb_gen:strb_gen|strobe_generator:strb_gen|cycles_until_strobe[3]  ; CLOCK_50     ; CLOCK_50    ; 0.000        ; 0.517      ; 1.442      ;
; 0.739 ; axis_controller:axis_controller|btnCtrl:btnCtrl|debouncer:dbnc_switchTen|periodical_strb_gen:strb_gen|sync_rst ; axis_controller:axis_controller|btnCtrl:btnCtrl|debouncer:dbnc_switchTen|periodical_strb_gen:strb_gen|strobe_generator:strb_gen|cycles_until_strobe[2]  ; CLOCK_50     ; CLOCK_50    ; 0.000        ; 0.517      ; 1.442      ;
; 0.746 ; axis_controller:axis_controller|btnCtrl:btnCtrl|debouncer:dbnc_switchTen|periodical_strb_gen:strb_gen|sync_rst ; axis_controller:axis_controller|btnCtrl:btnCtrl|debouncer:dbnc_switchTen|periodical_strb_gen:strb_gen|strobe_generator:strb_gen|cycles_until_strobe[28] ; CLOCK_50     ; CLOCK_50    ; 0.000        ; 0.518      ; 1.450      ;
; 0.746 ; axis_controller:axis_controller|btnCtrl:btnCtrl|debouncer:dbnc_switchTen|periodical_strb_gen:strb_gen|sync_rst ; axis_controller:axis_controller|btnCtrl:btnCtrl|debouncer:dbnc_switchTen|periodical_strb_gen:strb_gen|strobe_generator:strb_gen|cycles_until_strobe[29] ; CLOCK_50     ; CLOCK_50    ; 0.000        ; 0.518      ; 1.450      ;
; 0.746 ; axis_controller:axis_controller|btnCtrl:btnCtrl|debouncer:dbnc_switchTen|periodical_strb_gen:strb_gen|sync_rst ; axis_controller:axis_controller|btnCtrl:btnCtrl|debouncer:dbnc_switchTen|periodical_strb_gen:strb_gen|strobe_generator:strb_gen|cycles_until_strobe[30] ; CLOCK_50     ; CLOCK_50    ; 0.000        ; 0.518      ; 1.450      ;
; 0.746 ; axis_controller:axis_controller|btnCtrl:btnCtrl|debouncer:dbnc_switchTen|periodical_strb_gen:strb_gen|sync_rst ; axis_controller:axis_controller|btnCtrl:btnCtrl|debouncer:dbnc_switchTen|periodical_strb_gen:strb_gen|strobe_generator:strb_gen|cycles_until_strobe[27] ; CLOCK_50     ; CLOCK_50    ; 0.000        ; 0.518      ; 1.450      ;
; 0.746 ; axis_controller:axis_controller|btnCtrl:btnCtrl|debouncer:dbnc_switchTen|periodical_strb_gen:strb_gen|sync_rst ; axis_controller:axis_controller|btnCtrl:btnCtrl|debouncer:dbnc_switchTen|periodical_strb_gen:strb_gen|strobe_generator:strb_gen|cycles_until_strobe[26] ; CLOCK_50     ; CLOCK_50    ; 0.000        ; 0.518      ; 1.450      ;
; 0.746 ; axis_controller:axis_controller|btnCtrl:btnCtrl|debouncer:dbnc_switchTen|periodical_strb_gen:strb_gen|sync_rst ; axis_controller:axis_controller|btnCtrl:btnCtrl|debouncer:dbnc_switchTen|periodical_strb_gen:strb_gen|strobe_generator:strb_gen|cycles_until_strobe[25] ; CLOCK_50     ; CLOCK_50    ; 0.000        ; 0.518      ; 1.450      ;
; 0.746 ; axis_controller:axis_controller|btnCtrl:btnCtrl|debouncer:dbnc_switchTen|periodical_strb_gen:strb_gen|sync_rst ; axis_controller:axis_controller|btnCtrl:btnCtrl|debouncer:dbnc_switchTen|periodical_strb_gen:strb_gen|strobe_generator:strb_gen|cycles_until_strobe[24] ; CLOCK_50     ; CLOCK_50    ; 0.000        ; 0.518      ; 1.450      ;
; 0.746 ; axis_controller:axis_controller|btnCtrl:btnCtrl|debouncer:dbnc_switchTen|periodical_strb_gen:strb_gen|sync_rst ; axis_controller:axis_controller|btnCtrl:btnCtrl|debouncer:dbnc_switchTen|periodical_strb_gen:strb_gen|strobe_generator:strb_gen|cycles_until_strobe[23] ; CLOCK_50     ; CLOCK_50    ; 0.000        ; 0.518      ; 1.450      ;
; 0.746 ; axis_controller:axis_controller|btnCtrl:btnCtrl|debouncer:dbnc_switchTen|periodical_strb_gen:strb_gen|sync_rst ; axis_controller:axis_controller|btnCtrl:btnCtrl|debouncer:dbnc_switchTen|periodical_strb_gen:strb_gen|strobe_generator:strb_gen|cycles_until_strobe[22] ; CLOCK_50     ; CLOCK_50    ; 0.000        ; 0.518      ; 1.450      ;
; 0.746 ; axis_controller:axis_controller|btnCtrl:btnCtrl|debouncer:dbnc_switchTen|periodical_strb_gen:strb_gen|sync_rst ; axis_controller:axis_controller|btnCtrl:btnCtrl|debouncer:dbnc_switchTen|periodical_strb_gen:strb_gen|strobe_generator:strb_gen|cycles_until_strobe[21] ; CLOCK_50     ; CLOCK_50    ; 0.000        ; 0.518      ; 1.450      ;
; 0.746 ; axis_controller:axis_controller|btnCtrl:btnCtrl|debouncer:dbnc_switchTen|periodical_strb_gen:strb_gen|sync_rst ; axis_controller:axis_controller|btnCtrl:btnCtrl|debouncer:dbnc_switchTen|periodical_strb_gen:strb_gen|strobe_generator:strb_gen|cycles_until_strobe[20] ; CLOCK_50     ; CLOCK_50    ; 0.000        ; 0.518      ; 1.450      ;
; 0.746 ; axis_controller:axis_controller|btnCtrl:btnCtrl|debouncer:dbnc_switchTen|periodical_strb_gen:strb_gen|sync_rst ; axis_controller:axis_controller|btnCtrl:btnCtrl|debouncer:dbnc_switchTen|periodical_strb_gen:strb_gen|strobe_generator:strb_gen|cycles_until_strobe[15] ; CLOCK_50     ; CLOCK_50    ; 0.000        ; 0.518      ; 1.450      ;
; 0.746 ; axis_controller:axis_controller|btnCtrl:btnCtrl|debouncer:dbnc_switchTen|periodical_strb_gen:strb_gen|sync_rst ; axis_controller:axis_controller|btnCtrl:btnCtrl|debouncer:dbnc_switchTen|periodical_strb_gen:strb_gen|strobe_generator:strb_gen|cycles_until_strobe[13] ; CLOCK_50     ; CLOCK_50    ; 0.000        ; 0.518      ; 1.450      ;
; 0.760 ; axis_controller:axis_controller|btnCtrl:btnCtrl|debouncer:dbnc_increment|periodical_strb_gen:strb_gen|sync_rst ; axis_controller:axis_controller|btnCtrl:btnCtrl|debouncer:dbnc_increment|periodical_strb_gen:strb_gen|strobe_generator:strb_gen|strb_val                ; CLOCK_50     ; CLOCK_50    ; 0.000        ; 0.516      ; 1.462      ;
; 0.760 ; axis_controller:axis_controller|btnCtrl:btnCtrl|debouncer:dbnc_increment|periodical_strb_gen:strb_gen|sync_rst ; axis_controller:axis_controller|btnCtrl:btnCtrl|debouncer:dbnc_increment|periodical_strb_gen:strb_gen|strobe_generator:strb_gen|cycles_until_strobe[17] ; CLOCK_50     ; CLOCK_50    ; 0.000        ; 0.516      ; 1.462      ;
; 0.760 ; axis_controller:axis_controller|btnCtrl:btnCtrl|debouncer:dbnc_increment|periodical_strb_gen:strb_gen|sync_rst ; axis_controller:axis_controller|btnCtrl:btnCtrl|debouncer:dbnc_increment|periodical_strb_gen:strb_gen|strobe_generator:strb_gen|cycles_until_strobe[13] ; CLOCK_50     ; CLOCK_50    ; 0.000        ; 0.516      ; 1.462      ;
; 0.760 ; axis_controller:axis_controller|btnCtrl:btnCtrl|debouncer:dbnc_increment|periodical_strb_gen:strb_gen|sync_rst ; axis_controller:axis_controller|btnCtrl:btnCtrl|debouncer:dbnc_increment|periodical_strb_gen:strb_gen|strobe_generator:strb_gen|cycles_until_strobe[2]  ; CLOCK_50     ; CLOCK_50    ; 0.000        ; 0.516      ; 1.462      ;
; 0.760 ; axis_controller:axis_controller|btnCtrl:btnCtrl|debouncer:dbnc_increment|periodical_strb_gen:strb_gen|sync_rst ; axis_controller:axis_controller|btnCtrl:btnCtrl|debouncer:dbnc_increment|periodical_strb_gen:strb_gen|strobe_generator:strb_gen|cycles_until_strobe[0]  ; CLOCK_50     ; CLOCK_50    ; 0.000        ; 0.516      ; 1.462      ;
; 0.764 ; axis_controller:axis_controller|btnCtrl:btnCtrl|debouncer:dbnc_switchTen|periodical_strb_gen:strb_gen|sync_rst ; axis_controller:axis_controller|btnCtrl:btnCtrl|debouncer:dbnc_switchTen|periodical_strb_gen:strb_gen|strobe_generator:strb_gen|strb_val                ; CLOCK_50     ; CLOCK_50    ; 0.000        ; 0.516      ; 1.466      ;
; 0.764 ; axis_controller:axis_controller|btnCtrl:btnCtrl|debouncer:dbnc_switchTen|periodical_strb_gen:strb_gen|sync_rst ; axis_controller:axis_controller|btnCtrl:btnCtrl|debouncer:dbnc_switchTen|periodical_strb_gen:strb_gen|strobe_generator:strb_gen|cycles_until_strobe[19] ; CLOCK_50     ; CLOCK_50    ; 0.000        ; 0.516      ; 1.466      ;
; 0.764 ; axis_controller:axis_controller|btnCtrl:btnCtrl|debouncer:dbnc_switchTen|periodical_strb_gen:strb_gen|sync_rst ; axis_controller:axis_controller|btnCtrl:btnCtrl|debouncer:dbnc_switchTen|periodical_strb_gen:strb_gen|strobe_generator:strb_gen|cycles_until_strobe[1]  ; CLOCK_50     ; CLOCK_50    ; 0.000        ; 0.516      ; 1.466      ;
; 0.764 ; axis_controller:axis_controller|btnCtrl:btnCtrl|debouncer:dbnc_switchTen|periodical_strb_gen:strb_gen|sync_rst ; axis_controller:axis_controller|btnCtrl:btnCtrl|debouncer:dbnc_switchTen|periodical_strb_gen:strb_gen|strobe_generator:strb_gen|cycles_until_strobe[0]  ; CLOCK_50     ; CLOCK_50    ; 0.000        ; 0.516      ; 1.466      ;
; 0.787 ; axis_controller:axis_controller|btnCtrl:btnCtrl|debouncer:dbnc_increment|periodical_strb_gen:strb_gen|sync_rst ; axis_controller:axis_controller|btnCtrl:btnCtrl|debouncer:dbnc_increment|periodical_strb_gen:strb_gen|strobe_generator:strb_gen|cycles_until_strobe[23] ; CLOCK_50     ; CLOCK_50    ; 0.000        ; 0.515      ; 1.488      ;
; 0.787 ; axis_controller:axis_controller|btnCtrl:btnCtrl|debouncer:dbnc_increment|periodical_strb_gen:strb_gen|sync_rst ; axis_controller:axis_controller|btnCtrl:btnCtrl|debouncer:dbnc_increment|periodical_strb_gen:strb_gen|strobe_generator:strb_gen|cycles_until_strobe[24] ; CLOCK_50     ; CLOCK_50    ; 0.000        ; 0.515      ; 1.488      ;
; 0.787 ; axis_controller:axis_controller|btnCtrl:btnCtrl|debouncer:dbnc_increment|periodical_strb_gen:strb_gen|sync_rst ; axis_controller:axis_controller|btnCtrl:btnCtrl|debouncer:dbnc_increment|periodical_strb_gen:strb_gen|strobe_generator:strb_gen|cycles_until_strobe[25] ; CLOCK_50     ; CLOCK_50    ; 0.000        ; 0.515      ; 1.488      ;
; 0.787 ; axis_controller:axis_controller|btnCtrl:btnCtrl|debouncer:dbnc_increment|periodical_strb_gen:strb_gen|sync_rst ; axis_controller:axis_controller|btnCtrl:btnCtrl|debouncer:dbnc_increment|periodical_strb_gen:strb_gen|strobe_generator:strb_gen|cycles_until_strobe[26] ; CLOCK_50     ; CLOCK_50    ; 0.000        ; 0.515      ; 1.488      ;
; 0.787 ; axis_controller:axis_controller|btnCtrl:btnCtrl|debouncer:dbnc_increment|periodical_strb_gen:strb_gen|sync_rst ; axis_controller:axis_controller|btnCtrl:btnCtrl|debouncer:dbnc_increment|periodical_strb_gen:strb_gen|strobe_generator:strb_gen|cycles_until_strobe[27] ; CLOCK_50     ; CLOCK_50    ; 0.000        ; 0.515      ; 1.488      ;
; 0.787 ; axis_controller:axis_controller|btnCtrl:btnCtrl|debouncer:dbnc_increment|periodical_strb_gen:strb_gen|sync_rst ; axis_controller:axis_controller|btnCtrl:btnCtrl|debouncer:dbnc_increment|periodical_strb_gen:strb_gen|strobe_generator:strb_gen|cycles_until_strobe[30] ; CLOCK_50     ; CLOCK_50    ; 0.000        ; 0.515      ; 1.488      ;
; 0.787 ; axis_controller:axis_controller|btnCtrl:btnCtrl|debouncer:dbnc_increment|periodical_strb_gen:strb_gen|sync_rst ; axis_controller:axis_controller|btnCtrl:btnCtrl|debouncer:dbnc_increment|periodical_strb_gen:strb_gen|strobe_generator:strb_gen|cycles_until_strobe[29] ; CLOCK_50     ; CLOCK_50    ; 0.000        ; 0.515      ; 1.488      ;
; 0.787 ; axis_controller:axis_controller|btnCtrl:btnCtrl|debouncer:dbnc_increment|periodical_strb_gen:strb_gen|sync_rst ; axis_controller:axis_controller|btnCtrl:btnCtrl|debouncer:dbnc_increment|periodical_strb_gen:strb_gen|strobe_generator:strb_gen|cycles_until_strobe[28] ; CLOCK_50     ; CLOCK_50    ; 0.000        ; 0.515      ; 1.488      ;
; 0.787 ; axis_controller:axis_controller|btnCtrl:btnCtrl|debouncer:dbnc_increment|periodical_strb_gen:strb_gen|sync_rst ; axis_controller:axis_controller|btnCtrl:btnCtrl|debouncer:dbnc_increment|periodical_strb_gen:strb_gen|strobe_generator:strb_gen|cycles_until_strobe[22] ; CLOCK_50     ; CLOCK_50    ; 0.000        ; 0.515      ; 1.488      ;
; 0.787 ; axis_controller:axis_controller|btnCtrl:btnCtrl|debouncer:dbnc_increment|periodical_strb_gen:strb_gen|sync_rst ; axis_controller:axis_controller|btnCtrl:btnCtrl|debouncer:dbnc_increment|periodical_strb_gen:strb_gen|strobe_generator:strb_gen|cycles_until_strobe[21] ; CLOCK_50     ; CLOCK_50    ; 0.000        ; 0.515      ; 1.488      ;
; 0.787 ; axis_controller:axis_controller|btnCtrl:btnCtrl|debouncer:dbnc_increment|periodical_strb_gen:strb_gen|sync_rst ; axis_controller:axis_controller|btnCtrl:btnCtrl|debouncer:dbnc_increment|periodical_strb_gen:strb_gen|strobe_generator:strb_gen|cycles_until_strobe[20] ; CLOCK_50     ; CLOCK_50    ; 0.000        ; 0.515      ; 1.488      ;
; 0.787 ; axis_controller:axis_controller|btnCtrl:btnCtrl|debouncer:dbnc_increment|periodical_strb_gen:strb_gen|sync_rst ; axis_controller:axis_controller|btnCtrl:btnCtrl|debouncer:dbnc_increment|periodical_strb_gen:strb_gen|strobe_generator:strb_gen|cycles_until_strobe[15] ; CLOCK_50     ; CLOCK_50    ; 0.000        ; 0.515      ; 1.488      ;
; 0.799 ; axis_controller:axis_controller|btnCtrl:btnCtrl|debouncer:dbnc_decrement|periodical_strb_gen:strb_gen|sync_rst ; axis_controller:axis_controller|btnCtrl:btnCtrl|debouncer:dbnc_decrement|periodical_strb_gen:strb_gen|strobe_generator:strb_gen|strb_val                ; CLOCK_50     ; CLOCK_50    ; 0.000        ; 0.517      ; 1.502      ;
; 0.799 ; axis_controller:axis_controller|btnCtrl:btnCtrl|debouncer:dbnc_decrement|periodical_strb_gen:strb_gen|sync_rst ; axis_controller:axis_controller|btnCtrl:btnCtrl|debouncer:dbnc_decrement|periodical_strb_gen:strb_gen|strobe_generator:strb_gen|strb_o                  ; CLOCK_50     ; CLOCK_50    ; 0.000        ; 0.517      ; 1.502      ;
; 0.799 ; axis_controller:axis_controller|btnCtrl:btnCtrl|debouncer:dbnc_decrement|periodical_strb_gen:strb_gen|sync_rst ; axis_controller:axis_controller|btnCtrl:btnCtrl|debouncer:dbnc_decrement|periodical_strb_gen:strb_gen|strobe_generator:strb_gen|cycles_until_strobe[13] ; CLOCK_50     ; CLOCK_50    ; 0.000        ; 0.517      ; 1.502      ;
; 0.799 ; axis_controller:axis_controller|btnCtrl:btnCtrl|debouncer:dbnc_decrement|periodical_strb_gen:strb_gen|sync_rst ; axis_controller:axis_controller|btnCtrl:btnCtrl|debouncer:dbnc_decrement|periodical_strb_gen:strb_gen|strobe_generator:strb_gen|cycles_until_strobe[4]  ; CLOCK_50     ; CLOCK_50    ; 0.000        ; 0.517      ; 1.502      ;
; 0.799 ; axis_controller:axis_controller|btnCtrl:btnCtrl|debouncer:dbnc_decrement|periodical_strb_gen:strb_gen|sync_rst ; axis_controller:axis_controller|btnCtrl:btnCtrl|debouncer:dbnc_decrement|periodical_strb_gen:strb_gen|strobe_generator:strb_gen|cycles_until_strobe[1]  ; CLOCK_50     ; CLOCK_50    ; 0.000        ; 0.517      ; 1.502      ;
; 0.799 ; axis_controller:axis_controller|btnCtrl:btnCtrl|debouncer:dbnc_decrement|periodical_strb_gen:strb_gen|sync_rst ; axis_controller:axis_controller|btnCtrl:btnCtrl|debouncer:dbnc_decrement|periodical_strb_gen:strb_gen|strobe_generator:strb_gen|cycles_until_strobe[0]  ; CLOCK_50     ; CLOCK_50    ; 0.000        ; 0.517      ; 1.502      ;
; 0.973 ; axis_controller:axis_controller|btnCtrl:btnCtrl|debouncer:dbnc_decrement|periodical_strb_gen:strb_gen|sync_rst ; axis_controller:axis_controller|btnCtrl:btnCtrl|debouncer:dbnc_decrement|periodical_strb_gen:strb_gen|strobe_generator:strb_gen|cycles_until_strobe[20] ; CLOCK_50     ; CLOCK_50    ; 0.000        ; 0.517      ; 1.676      ;
; 0.973 ; axis_controller:axis_controller|btnCtrl:btnCtrl|debouncer:dbnc_decrement|periodical_strb_gen:strb_gen|sync_rst ; axis_controller:axis_controller|btnCtrl:btnCtrl|debouncer:dbnc_decrement|periodical_strb_gen:strb_gen|strobe_generator:strb_gen|cycles_until_strobe[21] ; CLOCK_50     ; CLOCK_50    ; 0.000        ; 0.517      ; 1.676      ;
; 0.973 ; axis_controller:axis_controller|btnCtrl:btnCtrl|debouncer:dbnc_decrement|periodical_strb_gen:strb_gen|sync_rst ; axis_controller:axis_controller|btnCtrl:btnCtrl|debouncer:dbnc_decrement|periodical_strb_gen:strb_gen|strobe_generator:strb_gen|cycles_until_strobe[22] ; CLOCK_50     ; CLOCK_50    ; 0.000        ; 0.517      ; 1.676      ;
; 0.973 ; axis_controller:axis_controller|btnCtrl:btnCtrl|debouncer:dbnc_decrement|periodical_strb_gen:strb_gen|sync_rst ; axis_controller:axis_controller|btnCtrl:btnCtrl|debouncer:dbnc_decrement|periodical_strb_gen:strb_gen|strobe_generator:strb_gen|cycles_until_strobe[23] ; CLOCK_50     ; CLOCK_50    ; 0.000        ; 0.517      ; 1.676      ;
; 0.973 ; axis_controller:axis_controller|btnCtrl:btnCtrl|debouncer:dbnc_decrement|periodical_strb_gen:strb_gen|sync_rst ; axis_controller:axis_controller|btnCtrl:btnCtrl|debouncer:dbnc_decrement|periodical_strb_gen:strb_gen|strobe_generator:strb_gen|cycles_until_strobe[24] ; CLOCK_50     ; CLOCK_50    ; 0.000        ; 0.517      ; 1.676      ;
; 0.973 ; axis_controller:axis_controller|btnCtrl:btnCtrl|debouncer:dbnc_decrement|periodical_strb_gen:strb_gen|sync_rst ; axis_controller:axis_controller|btnCtrl:btnCtrl|debouncer:dbnc_decrement|periodical_strb_gen:strb_gen|strobe_generator:strb_gen|cycles_until_strobe[25] ; CLOCK_50     ; CLOCK_50    ; 0.000        ; 0.517      ; 1.676      ;
; 0.973 ; axis_controller:axis_controller|btnCtrl:btnCtrl|debouncer:dbnc_decrement|periodical_strb_gen:strb_gen|sync_rst ; axis_controller:axis_controller|btnCtrl:btnCtrl|debouncer:dbnc_decrement|periodical_strb_gen:strb_gen|strobe_generator:strb_gen|cycles_until_strobe[26] ; CLOCK_50     ; CLOCK_50    ; 0.000        ; 0.517      ; 1.676      ;
; 0.973 ; axis_controller:axis_controller|btnCtrl:btnCtrl|debouncer:dbnc_decrement|periodical_strb_gen:strb_gen|sync_rst ; axis_controller:axis_controller|btnCtrl:btnCtrl|debouncer:dbnc_decrement|periodical_strb_gen:strb_gen|strobe_generator:strb_gen|cycles_until_strobe[27] ; CLOCK_50     ; CLOCK_50    ; 0.000        ; 0.517      ; 1.676      ;
; 0.973 ; axis_controller:axis_controller|btnCtrl:btnCtrl|debouncer:dbnc_decrement|periodical_strb_gen:strb_gen|sync_rst ; axis_controller:axis_controller|btnCtrl:btnCtrl|debouncer:dbnc_decrement|periodical_strb_gen:strb_gen|strobe_generator:strb_gen|cycles_until_strobe[28] ; CLOCK_50     ; CLOCK_50    ; 0.000        ; 0.517      ; 1.676      ;
; 0.973 ; axis_controller:axis_controller|btnCtrl:btnCtrl|debouncer:dbnc_decrement|periodical_strb_gen:strb_gen|sync_rst ; axis_controller:axis_controller|btnCtrl:btnCtrl|debouncer:dbnc_decrement|periodical_strb_gen:strb_gen|strobe_generator:strb_gen|cycles_until_strobe[29] ; CLOCK_50     ; CLOCK_50    ; 0.000        ; 0.517      ; 1.676      ;
; 0.973 ; axis_controller:axis_controller|btnCtrl:btnCtrl|debouncer:dbnc_decrement|periodical_strb_gen:strb_gen|sync_rst ; axis_controller:axis_controller|btnCtrl:btnCtrl|debouncer:dbnc_decrement|periodical_strb_gen:strb_gen|strobe_generator:strb_gen|cycles_until_strobe[30] ; CLOCK_50     ; CLOCK_50    ; 0.000        ; 0.517      ; 1.676      ;
; 0.973 ; axis_controller:axis_controller|btnCtrl:btnCtrl|debouncer:dbnc_decrement|periodical_strb_gen:strb_gen|sync_rst ; axis_controller:axis_controller|btnCtrl:btnCtrl|debouncer:dbnc_decrement|periodical_strb_gen:strb_gen|strobe_generator:strb_gen|cycles_until_strobe[15] ; CLOCK_50     ; CLOCK_50    ; 0.000        ; 0.517      ; 1.676      ;
; 1.187 ; axis_controller:axis_controller|btnCtrl:btnCtrl|debouncer:dbnc_increment|periodical_strb_gen:strb_gen|sync_rst ; axis_controller:axis_controller|btnCtrl:btnCtrl|debouncer:dbnc_increment|periodical_strb_gen:strb_gen|strobe_generator:strb_gen|strb_o                  ; CLOCK_50     ; CLOCK_50    ; 0.000        ; 0.089      ; 1.462      ;
; 1.191 ; axis_controller:axis_controller|btnCtrl:btnCtrl|debouncer:dbnc_switchTen|periodical_strb_gen:strb_gen|sync_rst ; axis_controller:axis_controller|btnCtrl:btnCtrl|debouncer:dbnc_switchTen|periodical_strb_gen:strb_gen|strobe_generator:strb_gen|strb_o                  ; CLOCK_50     ; CLOCK_50    ; 0.000        ; 0.089      ; 1.466      ;
; 1.238 ; axis_controller:axis_controller|cmd_proc:cmd_proc|fsm_state.WAIT_COMPLETE                                      ; axis_controller:axis_controller|cmd_proc:cmd_proc|periodical_strb_gen:strb_gen|sync_rst                                                                 ; CLOCK_50     ; CLOCK_50    ; 0.000        ; 0.519      ; 1.943      ;
+-------+----------------------------------------------------------------------------------------------------------------+---------------------------------------------------------------------------------------------------------------------------------------------------------+--------------+-------------+--------------+------------+------------+


-----------------------------------------------
; Slow 1200mV 85C Model Metastability Summary ;
-----------------------------------------------
Design MTBF is not calculated because the design doesn't meet its timing requirements.



+-------------------------------------------------+
; Slow 1200mV 0C Model Fmax Summary               ;
+-----------+-----------------+------------+------+
; Fmax      ; Restricted Fmax ; Clock Name ; Note ;
+-----------+-----------------+------------+------+
; 89.61 MHz ; 89.61 MHz       ; CLOCK_50   ;      ;
+-----------+-----------------+------------+------+
This panel reports FMAX for every clock in the design, regardless of the user-specified clock periods.  FMAX is only computed for paths where the source and destination registers or ports are driven by the same clock.  Paths of different clocks, including generated clocks, are ignored.  For paths between a clock and its inversion, FMAX is computed as if the rising and falling edges are scaled along with FMAX, such that the duty cycle (in terms of a percentage) is maintained. Altera recommends that you always use clock constraints and other slack reports for sign-off analysis.


+------------------------------------+
; Slow 1200mV 0C Model Setup Summary ;
+----------+---------+---------------+
; Clock    ; Slack   ; End Point TNS ;
+----------+---------+---------------+
; CLOCK_50 ; -10.160 ; -1893.815     ;
+----------+---------+---------------+


+-----------------------------------+
; Slow 1200mV 0C Model Hold Summary ;
+----------+-------+----------------+
; Clock    ; Slack ; End Point TNS  ;
+----------+-------+----------------+
; CLOCK_50 ; 0.329 ; 0.000          ;
+----------+-------+----------------+


+---------------------------------------+
; Slow 1200mV 0C Model Recovery Summary ;
+----------+--------+-------------------+
; Clock    ; Slack  ; End Point TNS     ;
+----------+--------+-------------------+
; CLOCK_50 ; -1.044 ; -55.541           ;
+----------+--------+-------------------+


+--------------------------------------+
; Slow 1200mV 0C Model Removal Summary ;
+----------+-------+-------------------+
; Clock    ; Slack ; End Point TNS     ;
+----------+-------+-------------------+
; CLOCK_50 ; 0.487 ; 0.000             ;
+----------+-------+-------------------+


+--------------------------------------------------+
; Slow 1200mV 0C Model Minimum Pulse Width Summary ;
+----------+--------+------------------------------+
; Clock    ; Slack  ; End Point TNS                ;
+----------+--------+------------------------------+
; CLOCK_50 ; -3.000 ; -786.576                     ;
+----------+--------+------------------------------+


+----------------------------------------------------------------------------------------------------------------------------------------------------------------------------------------------------------------------------------------------------------------------------+
; Slow 1200mV 0C Model Setup: 'CLOCK_50'                                                                                                                                                                                                                                     ;
+---------+-----------------------------------------------------------------------------------------------------+--------------------------------------------------------------------------------------+--------------+-------------+--------------+------------+------------+
; Slack   ; From Node                                                                                           ; To Node                                                                              ; Launch Clock ; Latch Clock ; Relationship ; Clock Skew ; Data Delay ;
+---------+-----------------------------------------------------------------------------------------------------+--------------------------------------------------------------------------------------+--------------+-------------+--------------+------------+------------+
; -10.160 ; axis_controller:axis_controller|Tilt_board:tilt_y|HoldValueOnStrb:holdValOnStrb|last_valid_value[1] ; axis_controller:axis_controller|servo_controller:servoPwmY|PWM:pwm|counter_value[3]  ; CLOCK_50     ; CLOCK_50    ; 1.000        ; 0.295      ; 11.454     ;
; -10.160 ; axis_controller:axis_controller|Tilt_board:tilt_y|HoldValueOnStrb:holdValOnStrb|last_valid_value[1] ; axis_controller:axis_controller|servo_controller:servoPwmY|PWM:pwm|counter_value[1]  ; CLOCK_50     ; CLOCK_50    ; 1.000        ; 0.295      ; 11.454     ;
; -10.160 ; axis_controller:axis_controller|Tilt_board:tilt_y|HoldValueOnStrb:holdValOnStrb|last_valid_value[1] ; axis_controller:axis_controller|servo_controller:servoPwmY|PWM:pwm|counter_value[2]  ; CLOCK_50     ; CLOCK_50    ; 1.000        ; 0.295      ; 11.454     ;
; -10.160 ; axis_controller:axis_controller|Tilt_board:tilt_y|HoldValueOnStrb:holdValOnStrb|last_valid_value[1] ; axis_controller:axis_controller|servo_controller:servoPwmY|PWM:pwm|counter_value[4]  ; CLOCK_50     ; CLOCK_50    ; 1.000        ; 0.295      ; 11.454     ;
; -10.160 ; axis_controller:axis_controller|Tilt_board:tilt_y|HoldValueOnStrb:holdValOnStrb|last_valid_value[1] ; axis_controller:axis_controller|servo_controller:servoPwmY|PWM:pwm|counter_value[5]  ; CLOCK_50     ; CLOCK_50    ; 1.000        ; 0.295      ; 11.454     ;
; -10.160 ; axis_controller:axis_controller|Tilt_board:tilt_y|HoldValueOnStrb:holdValOnStrb|last_valid_value[1] ; axis_controller:axis_controller|servo_controller:servoPwmY|PWM:pwm|counter_value[6]  ; CLOCK_50     ; CLOCK_50    ; 1.000        ; 0.295      ; 11.454     ;
; -10.160 ; axis_controller:axis_controller|Tilt_board:tilt_y|HoldValueOnStrb:holdValOnStrb|last_valid_value[1] ; axis_controller:axis_controller|servo_controller:servoPwmY|PWM:pwm|counter_value[7]  ; CLOCK_50     ; CLOCK_50    ; 1.000        ; 0.295      ; 11.454     ;
; -10.160 ; axis_controller:axis_controller|Tilt_board:tilt_y|HoldValueOnStrb:holdValOnStrb|last_valid_value[1] ; axis_controller:axis_controller|servo_controller:servoPwmY|PWM:pwm|counter_value[8]  ; CLOCK_50     ; CLOCK_50    ; 1.000        ; 0.295      ; 11.454     ;
; -10.160 ; axis_controller:axis_controller|Tilt_board:tilt_y|HoldValueOnStrb:holdValOnStrb|last_valid_value[1] ; axis_controller:axis_controller|servo_controller:servoPwmY|PWM:pwm|counter_value[9]  ; CLOCK_50     ; CLOCK_50    ; 1.000        ; 0.295      ; 11.454     ;
; -10.066 ; axis_controller:axis_controller|Tilt_board:tilt_y|HoldValueOnStrb:holdValOnStrb|last_valid_value[2] ; axis_controller:axis_controller|servo_controller:servoPwmY|PWM:pwm|counter_value[3]  ; CLOCK_50     ; CLOCK_50    ; 1.000        ; 0.295      ; 11.360     ;
; -10.066 ; axis_controller:axis_controller|Tilt_board:tilt_y|HoldValueOnStrb:holdValOnStrb|last_valid_value[2] ; axis_controller:axis_controller|servo_controller:servoPwmY|PWM:pwm|counter_value[1]  ; CLOCK_50     ; CLOCK_50    ; 1.000        ; 0.295      ; 11.360     ;
; -10.066 ; axis_controller:axis_controller|Tilt_board:tilt_y|HoldValueOnStrb:holdValOnStrb|last_valid_value[2] ; axis_controller:axis_controller|servo_controller:servoPwmY|PWM:pwm|counter_value[2]  ; CLOCK_50     ; CLOCK_50    ; 1.000        ; 0.295      ; 11.360     ;
; -10.066 ; axis_controller:axis_controller|Tilt_board:tilt_y|HoldValueOnStrb:holdValOnStrb|last_valid_value[2] ; axis_controller:axis_controller|servo_controller:servoPwmY|PWM:pwm|counter_value[4]  ; CLOCK_50     ; CLOCK_50    ; 1.000        ; 0.295      ; 11.360     ;
; -10.066 ; axis_controller:axis_controller|Tilt_board:tilt_y|HoldValueOnStrb:holdValOnStrb|last_valid_value[2] ; axis_controller:axis_controller|servo_controller:servoPwmY|PWM:pwm|counter_value[5]  ; CLOCK_50     ; CLOCK_50    ; 1.000        ; 0.295      ; 11.360     ;
; -10.066 ; axis_controller:axis_controller|Tilt_board:tilt_y|HoldValueOnStrb:holdValOnStrb|last_valid_value[2] ; axis_controller:axis_controller|servo_controller:servoPwmY|PWM:pwm|counter_value[6]  ; CLOCK_50     ; CLOCK_50    ; 1.000        ; 0.295      ; 11.360     ;
; -10.066 ; axis_controller:axis_controller|Tilt_board:tilt_y|HoldValueOnStrb:holdValOnStrb|last_valid_value[2] ; axis_controller:axis_controller|servo_controller:servoPwmY|PWM:pwm|counter_value[7]  ; CLOCK_50     ; CLOCK_50    ; 1.000        ; 0.295      ; 11.360     ;
; -10.066 ; axis_controller:axis_controller|Tilt_board:tilt_y|HoldValueOnStrb:holdValOnStrb|last_valid_value[2] ; axis_controller:axis_controller|servo_controller:servoPwmY|PWM:pwm|counter_value[8]  ; CLOCK_50     ; CLOCK_50    ; 1.000        ; 0.295      ; 11.360     ;
; -10.066 ; axis_controller:axis_controller|Tilt_board:tilt_y|HoldValueOnStrb:holdValOnStrb|last_valid_value[2] ; axis_controller:axis_controller|servo_controller:servoPwmY|PWM:pwm|counter_value[9]  ; CLOCK_50     ; CLOCK_50    ; 1.000        ; 0.295      ; 11.360     ;
; -10.043 ; axis_controller:axis_controller|Tilt_board:tilt_y|HoldValueOnStrb:holdValOnStrb|last_valid_value[3] ; axis_controller:axis_controller|servo_controller:servoPwmY|PWM:pwm|counter_value[3]  ; CLOCK_50     ; CLOCK_50    ; 1.000        ; 0.295      ; 11.337     ;
; -10.043 ; axis_controller:axis_controller|Tilt_board:tilt_y|HoldValueOnStrb:holdValOnStrb|last_valid_value[3] ; axis_controller:axis_controller|servo_controller:servoPwmY|PWM:pwm|counter_value[1]  ; CLOCK_50     ; CLOCK_50    ; 1.000        ; 0.295      ; 11.337     ;
; -10.043 ; axis_controller:axis_controller|Tilt_board:tilt_y|HoldValueOnStrb:holdValOnStrb|last_valid_value[3] ; axis_controller:axis_controller|servo_controller:servoPwmY|PWM:pwm|counter_value[2]  ; CLOCK_50     ; CLOCK_50    ; 1.000        ; 0.295      ; 11.337     ;
; -10.043 ; axis_controller:axis_controller|Tilt_board:tilt_y|HoldValueOnStrb:holdValOnStrb|last_valid_value[3] ; axis_controller:axis_controller|servo_controller:servoPwmY|PWM:pwm|counter_value[4]  ; CLOCK_50     ; CLOCK_50    ; 1.000        ; 0.295      ; 11.337     ;
; -10.043 ; axis_controller:axis_controller|Tilt_board:tilt_y|HoldValueOnStrb:holdValOnStrb|last_valid_value[3] ; axis_controller:axis_controller|servo_controller:servoPwmY|PWM:pwm|counter_value[5]  ; CLOCK_50     ; CLOCK_50    ; 1.000        ; 0.295      ; 11.337     ;
; -10.043 ; axis_controller:axis_controller|Tilt_board:tilt_y|HoldValueOnStrb:holdValOnStrb|last_valid_value[3] ; axis_controller:axis_controller|servo_controller:servoPwmY|PWM:pwm|counter_value[6]  ; CLOCK_50     ; CLOCK_50    ; 1.000        ; 0.295      ; 11.337     ;
; -10.043 ; axis_controller:axis_controller|Tilt_board:tilt_y|HoldValueOnStrb:holdValOnStrb|last_valid_value[3] ; axis_controller:axis_controller|servo_controller:servoPwmY|PWM:pwm|counter_value[7]  ; CLOCK_50     ; CLOCK_50    ; 1.000        ; 0.295      ; 11.337     ;
; -10.043 ; axis_controller:axis_controller|Tilt_board:tilt_y|HoldValueOnStrb:holdValOnStrb|last_valid_value[3] ; axis_controller:axis_controller|servo_controller:servoPwmY|PWM:pwm|counter_value[8]  ; CLOCK_50     ; CLOCK_50    ; 1.000        ; 0.295      ; 11.337     ;
; -10.043 ; axis_controller:axis_controller|Tilt_board:tilt_y|HoldValueOnStrb:holdValOnStrb|last_valid_value[3] ; axis_controller:axis_controller|servo_controller:servoPwmY|PWM:pwm|counter_value[9]  ; CLOCK_50     ; CLOCK_50    ; 1.000        ; 0.295      ; 11.337     ;
; -9.903  ; axis_controller:axis_controller|Tilt_board:tilt_y|HoldValueOnStrb:holdValOnStrb|last_valid_value[1] ; axis_controller:axis_controller|servo_controller:servoPwmY|PWM:pwm|counter_value[19] ; CLOCK_50     ; CLOCK_50    ; 1.000        ; 0.293      ; 11.195     ;
; -9.903  ; axis_controller:axis_controller|Tilt_board:tilt_y|HoldValueOnStrb:holdValOnStrb|last_valid_value[1] ; axis_controller:axis_controller|servo_controller:servoPwmY|PWM:pwm|counter_value[0]  ; CLOCK_50     ; CLOCK_50    ; 1.000        ; 0.293      ; 11.195     ;
; -9.903  ; axis_controller:axis_controller|Tilt_board:tilt_y|HoldValueOnStrb:holdValOnStrb|last_valid_value[1] ; axis_controller:axis_controller|servo_controller:servoPwmY|PWM:pwm|counter_value[10] ; CLOCK_50     ; CLOCK_50    ; 1.000        ; 0.293      ; 11.195     ;
; -9.903  ; axis_controller:axis_controller|Tilt_board:tilt_y|HoldValueOnStrb:holdValOnStrb|last_valid_value[1] ; axis_controller:axis_controller|servo_controller:servoPwmY|PWM:pwm|counter_value[11] ; CLOCK_50     ; CLOCK_50    ; 1.000        ; 0.293      ; 11.195     ;
; -9.903  ; axis_controller:axis_controller|Tilt_board:tilt_y|HoldValueOnStrb:holdValOnStrb|last_valid_value[1] ; axis_controller:axis_controller|servo_controller:servoPwmY|PWM:pwm|counter_value[12] ; CLOCK_50     ; CLOCK_50    ; 1.000        ; 0.293      ; 11.195     ;
; -9.903  ; axis_controller:axis_controller|Tilt_board:tilt_y|HoldValueOnStrb:holdValOnStrb|last_valid_value[1] ; axis_controller:axis_controller|servo_controller:servoPwmY|PWM:pwm|counter_value[13] ; CLOCK_50     ; CLOCK_50    ; 1.000        ; 0.293      ; 11.195     ;
; -9.903  ; axis_controller:axis_controller|Tilt_board:tilt_y|HoldValueOnStrb:holdValOnStrb|last_valid_value[1] ; axis_controller:axis_controller|servo_controller:servoPwmY|PWM:pwm|counter_value[14] ; CLOCK_50     ; CLOCK_50    ; 1.000        ; 0.293      ; 11.195     ;
; -9.903  ; axis_controller:axis_controller|Tilt_board:tilt_y|HoldValueOnStrb:holdValOnStrb|last_valid_value[1] ; axis_controller:axis_controller|servo_controller:servoPwmY|PWM:pwm|counter_value[15] ; CLOCK_50     ; CLOCK_50    ; 1.000        ; 0.293      ; 11.195     ;
; -9.903  ; axis_controller:axis_controller|Tilt_board:tilt_y|HoldValueOnStrb:holdValOnStrb|last_valid_value[1] ; axis_controller:axis_controller|servo_controller:servoPwmY|PWM:pwm|counter_value[16] ; CLOCK_50     ; CLOCK_50    ; 1.000        ; 0.293      ; 11.195     ;
; -9.903  ; axis_controller:axis_controller|Tilt_board:tilt_y|HoldValueOnStrb:holdValOnStrb|last_valid_value[1] ; axis_controller:axis_controller|servo_controller:servoPwmY|PWM:pwm|counter_value[17] ; CLOCK_50     ; CLOCK_50    ; 1.000        ; 0.293      ; 11.195     ;
; -9.903  ; axis_controller:axis_controller|Tilt_board:tilt_y|HoldValueOnStrb:holdValOnStrb|last_valid_value[1] ; axis_controller:axis_controller|servo_controller:servoPwmY|PWM:pwm|counter_value[18] ; CLOCK_50     ; CLOCK_50    ; 1.000        ; 0.293      ; 11.195     ;
; -9.809  ; axis_controller:axis_controller|Tilt_board:tilt_y|HoldValueOnStrb:holdValOnStrb|last_valid_value[2] ; axis_controller:axis_controller|servo_controller:servoPwmY|PWM:pwm|counter_value[19] ; CLOCK_50     ; CLOCK_50    ; 1.000        ; 0.293      ; 11.101     ;
; -9.809  ; axis_controller:axis_controller|Tilt_board:tilt_y|HoldValueOnStrb:holdValOnStrb|last_valid_value[2] ; axis_controller:axis_controller|servo_controller:servoPwmY|PWM:pwm|counter_value[0]  ; CLOCK_50     ; CLOCK_50    ; 1.000        ; 0.293      ; 11.101     ;
; -9.809  ; axis_controller:axis_controller|Tilt_board:tilt_y|HoldValueOnStrb:holdValOnStrb|last_valid_value[2] ; axis_controller:axis_controller|servo_controller:servoPwmY|PWM:pwm|counter_value[10] ; CLOCK_50     ; CLOCK_50    ; 1.000        ; 0.293      ; 11.101     ;
; -9.809  ; axis_controller:axis_controller|Tilt_board:tilt_y|HoldValueOnStrb:holdValOnStrb|last_valid_value[2] ; axis_controller:axis_controller|servo_controller:servoPwmY|PWM:pwm|counter_value[11] ; CLOCK_50     ; CLOCK_50    ; 1.000        ; 0.293      ; 11.101     ;
; -9.809  ; axis_controller:axis_controller|Tilt_board:tilt_y|HoldValueOnStrb:holdValOnStrb|last_valid_value[2] ; axis_controller:axis_controller|servo_controller:servoPwmY|PWM:pwm|counter_value[12] ; CLOCK_50     ; CLOCK_50    ; 1.000        ; 0.293      ; 11.101     ;
; -9.809  ; axis_controller:axis_controller|Tilt_board:tilt_y|HoldValueOnStrb:holdValOnStrb|last_valid_value[2] ; axis_controller:axis_controller|servo_controller:servoPwmY|PWM:pwm|counter_value[13] ; CLOCK_50     ; CLOCK_50    ; 1.000        ; 0.293      ; 11.101     ;
; -9.809  ; axis_controller:axis_controller|Tilt_board:tilt_y|HoldValueOnStrb:holdValOnStrb|last_valid_value[2] ; axis_controller:axis_controller|servo_controller:servoPwmY|PWM:pwm|counter_value[14] ; CLOCK_50     ; CLOCK_50    ; 1.000        ; 0.293      ; 11.101     ;
; -9.809  ; axis_controller:axis_controller|Tilt_board:tilt_y|HoldValueOnStrb:holdValOnStrb|last_valid_value[2] ; axis_controller:axis_controller|servo_controller:servoPwmY|PWM:pwm|counter_value[15] ; CLOCK_50     ; CLOCK_50    ; 1.000        ; 0.293      ; 11.101     ;
; -9.809  ; axis_controller:axis_controller|Tilt_board:tilt_y|HoldValueOnStrb:holdValOnStrb|last_valid_value[2] ; axis_controller:axis_controller|servo_controller:servoPwmY|PWM:pwm|counter_value[16] ; CLOCK_50     ; CLOCK_50    ; 1.000        ; 0.293      ; 11.101     ;
; -9.809  ; axis_controller:axis_controller|Tilt_board:tilt_y|HoldValueOnStrb:holdValOnStrb|last_valid_value[2] ; axis_controller:axis_controller|servo_controller:servoPwmY|PWM:pwm|counter_value[17] ; CLOCK_50     ; CLOCK_50    ; 1.000        ; 0.293      ; 11.101     ;
; -9.809  ; axis_controller:axis_controller|Tilt_board:tilt_y|HoldValueOnStrb:holdValOnStrb|last_valid_value[2] ; axis_controller:axis_controller|servo_controller:servoPwmY|PWM:pwm|counter_value[18] ; CLOCK_50     ; CLOCK_50    ; 1.000        ; 0.293      ; 11.101     ;
; -9.786  ; axis_controller:axis_controller|Tilt_board:tilt_y|HoldValueOnStrb:holdValOnStrb|last_valid_value[3] ; axis_controller:axis_controller|servo_controller:servoPwmY|PWM:pwm|counter_value[19] ; CLOCK_50     ; CLOCK_50    ; 1.000        ; 0.293      ; 11.078     ;
; -9.786  ; axis_controller:axis_controller|Tilt_board:tilt_y|HoldValueOnStrb:holdValOnStrb|last_valid_value[3] ; axis_controller:axis_controller|servo_controller:servoPwmY|PWM:pwm|counter_value[0]  ; CLOCK_50     ; CLOCK_50    ; 1.000        ; 0.293      ; 11.078     ;
; -9.786  ; axis_controller:axis_controller|Tilt_board:tilt_y|HoldValueOnStrb:holdValOnStrb|last_valid_value[3] ; axis_controller:axis_controller|servo_controller:servoPwmY|PWM:pwm|counter_value[10] ; CLOCK_50     ; CLOCK_50    ; 1.000        ; 0.293      ; 11.078     ;
; -9.786  ; axis_controller:axis_controller|Tilt_board:tilt_y|HoldValueOnStrb:holdValOnStrb|last_valid_value[3] ; axis_controller:axis_controller|servo_controller:servoPwmY|PWM:pwm|counter_value[11] ; CLOCK_50     ; CLOCK_50    ; 1.000        ; 0.293      ; 11.078     ;
; -9.786  ; axis_controller:axis_controller|Tilt_board:tilt_y|HoldValueOnStrb:holdValOnStrb|last_valid_value[3] ; axis_controller:axis_controller|servo_controller:servoPwmY|PWM:pwm|counter_value[12] ; CLOCK_50     ; CLOCK_50    ; 1.000        ; 0.293      ; 11.078     ;
; -9.786  ; axis_controller:axis_controller|Tilt_board:tilt_y|HoldValueOnStrb:holdValOnStrb|last_valid_value[3] ; axis_controller:axis_controller|servo_controller:servoPwmY|PWM:pwm|counter_value[13] ; CLOCK_50     ; CLOCK_50    ; 1.000        ; 0.293      ; 11.078     ;
; -9.786  ; axis_controller:axis_controller|Tilt_board:tilt_y|HoldValueOnStrb:holdValOnStrb|last_valid_value[3] ; axis_controller:axis_controller|servo_controller:servoPwmY|PWM:pwm|counter_value[14] ; CLOCK_50     ; CLOCK_50    ; 1.000        ; 0.293      ; 11.078     ;
; -9.786  ; axis_controller:axis_controller|Tilt_board:tilt_y|HoldValueOnStrb:holdValOnStrb|last_valid_value[3] ; axis_controller:axis_controller|servo_controller:servoPwmY|PWM:pwm|counter_value[15] ; CLOCK_50     ; CLOCK_50    ; 1.000        ; 0.293      ; 11.078     ;
; -9.786  ; axis_controller:axis_controller|Tilt_board:tilt_y|HoldValueOnStrb:holdValOnStrb|last_valid_value[3] ; axis_controller:axis_controller|servo_controller:servoPwmY|PWM:pwm|counter_value[16] ; CLOCK_50     ; CLOCK_50    ; 1.000        ; 0.293      ; 11.078     ;
; -9.786  ; axis_controller:axis_controller|Tilt_board:tilt_y|HoldValueOnStrb:holdValOnStrb|last_valid_value[3] ; axis_controller:axis_controller|servo_controller:servoPwmY|PWM:pwm|counter_value[17] ; CLOCK_50     ; CLOCK_50    ; 1.000        ; 0.293      ; 11.078     ;
; -9.786  ; axis_controller:axis_controller|Tilt_board:tilt_y|HoldValueOnStrb:holdValOnStrb|last_valid_value[3] ; axis_controller:axis_controller|servo_controller:servoPwmY|PWM:pwm|counter_value[18] ; CLOCK_50     ; CLOCK_50    ; 1.000        ; 0.293      ; 11.078     ;
; -9.706  ; axis_controller:axis_controller|Tilt_board:tilt_x|HoldValueOnStrb:holdValOnStrb|last_valid_value[2] ; axis_controller:axis_controller|servo_controller:servoPwmX|PWM:pwm|counter_value[3]  ; CLOCK_50     ; CLOCK_50    ; 1.000        ; 0.333      ; 11.038     ;
; -9.706  ; axis_controller:axis_controller|Tilt_board:tilt_x|HoldValueOnStrb:holdValOnStrb|last_valid_value[2] ; axis_controller:axis_controller|servo_controller:servoPwmX|PWM:pwm|counter_value[1]  ; CLOCK_50     ; CLOCK_50    ; 1.000        ; 0.333      ; 11.038     ;
; -9.706  ; axis_controller:axis_controller|Tilt_board:tilt_x|HoldValueOnStrb:holdValOnStrb|last_valid_value[2] ; axis_controller:axis_controller|servo_controller:servoPwmX|PWM:pwm|counter_value[2]  ; CLOCK_50     ; CLOCK_50    ; 1.000        ; 0.333      ; 11.038     ;
; -9.706  ; axis_controller:axis_controller|Tilt_board:tilt_x|HoldValueOnStrb:holdValOnStrb|last_valid_value[2] ; axis_controller:axis_controller|servo_controller:servoPwmX|PWM:pwm|counter_value[4]  ; CLOCK_50     ; CLOCK_50    ; 1.000        ; 0.333      ; 11.038     ;
; -9.706  ; axis_controller:axis_controller|Tilt_board:tilt_x|HoldValueOnStrb:holdValOnStrb|last_valid_value[2] ; axis_controller:axis_controller|servo_controller:servoPwmX|PWM:pwm|counter_value[5]  ; CLOCK_50     ; CLOCK_50    ; 1.000        ; 0.333      ; 11.038     ;
; -9.706  ; axis_controller:axis_controller|Tilt_board:tilt_x|HoldValueOnStrb:holdValOnStrb|last_valid_value[2] ; axis_controller:axis_controller|servo_controller:servoPwmX|PWM:pwm|counter_value[6]  ; CLOCK_50     ; CLOCK_50    ; 1.000        ; 0.333      ; 11.038     ;
; -9.706  ; axis_controller:axis_controller|Tilt_board:tilt_x|HoldValueOnStrb:holdValOnStrb|last_valid_value[2] ; axis_controller:axis_controller|servo_controller:servoPwmX|PWM:pwm|counter_value[7]  ; CLOCK_50     ; CLOCK_50    ; 1.000        ; 0.333      ; 11.038     ;
; -9.706  ; axis_controller:axis_controller|Tilt_board:tilt_x|HoldValueOnStrb:holdValOnStrb|last_valid_value[2] ; axis_controller:axis_controller|servo_controller:servoPwmX|PWM:pwm|counter_value[8]  ; CLOCK_50     ; CLOCK_50    ; 1.000        ; 0.333      ; 11.038     ;
; -9.706  ; axis_controller:axis_controller|Tilt_board:tilt_x|HoldValueOnStrb:holdValOnStrb|last_valid_value[2] ; axis_controller:axis_controller|servo_controller:servoPwmX|PWM:pwm|counter_value[9]  ; CLOCK_50     ; CLOCK_50    ; 1.000        ; 0.333      ; 11.038     ;
; -9.631  ; axis_controller:axis_controller|Tilt_board:tilt_x|HoldValueOnStrb:holdValOnStrb|last_valid_value[1] ; axis_controller:axis_controller|servo_controller:servoPwmX|PWM:pwm|counter_value[3]  ; CLOCK_50     ; CLOCK_50    ; 1.000        ; 0.333      ; 10.963     ;
; -9.631  ; axis_controller:axis_controller|Tilt_board:tilt_x|HoldValueOnStrb:holdValOnStrb|last_valid_value[1] ; axis_controller:axis_controller|servo_controller:servoPwmX|PWM:pwm|counter_value[1]  ; CLOCK_50     ; CLOCK_50    ; 1.000        ; 0.333      ; 10.963     ;
; -9.631  ; axis_controller:axis_controller|Tilt_board:tilt_x|HoldValueOnStrb:holdValOnStrb|last_valid_value[1] ; axis_controller:axis_controller|servo_controller:servoPwmX|PWM:pwm|counter_value[2]  ; CLOCK_50     ; CLOCK_50    ; 1.000        ; 0.333      ; 10.963     ;
; -9.631  ; axis_controller:axis_controller|Tilt_board:tilt_x|HoldValueOnStrb:holdValOnStrb|last_valid_value[1] ; axis_controller:axis_controller|servo_controller:servoPwmX|PWM:pwm|counter_value[4]  ; CLOCK_50     ; CLOCK_50    ; 1.000        ; 0.333      ; 10.963     ;
; -9.631  ; axis_controller:axis_controller|Tilt_board:tilt_x|HoldValueOnStrb:holdValOnStrb|last_valid_value[1] ; axis_controller:axis_controller|servo_controller:servoPwmX|PWM:pwm|counter_value[5]  ; CLOCK_50     ; CLOCK_50    ; 1.000        ; 0.333      ; 10.963     ;
; -9.631  ; axis_controller:axis_controller|Tilt_board:tilt_x|HoldValueOnStrb:holdValOnStrb|last_valid_value[1] ; axis_controller:axis_controller|servo_controller:servoPwmX|PWM:pwm|counter_value[6]  ; CLOCK_50     ; CLOCK_50    ; 1.000        ; 0.333      ; 10.963     ;
; -9.631  ; axis_controller:axis_controller|Tilt_board:tilt_x|HoldValueOnStrb:holdValOnStrb|last_valid_value[1] ; axis_controller:axis_controller|servo_controller:servoPwmX|PWM:pwm|counter_value[7]  ; CLOCK_50     ; CLOCK_50    ; 1.000        ; 0.333      ; 10.963     ;
; -9.631  ; axis_controller:axis_controller|Tilt_board:tilt_x|HoldValueOnStrb:holdValOnStrb|last_valid_value[1] ; axis_controller:axis_controller|servo_controller:servoPwmX|PWM:pwm|counter_value[8]  ; CLOCK_50     ; CLOCK_50    ; 1.000        ; 0.333      ; 10.963     ;
; -9.631  ; axis_controller:axis_controller|Tilt_board:tilt_x|HoldValueOnStrb:holdValOnStrb|last_valid_value[1] ; axis_controller:axis_controller|servo_controller:servoPwmX|PWM:pwm|counter_value[9]  ; CLOCK_50     ; CLOCK_50    ; 1.000        ; 0.333      ; 10.963     ;
; -9.595  ; axis_controller:axis_controller|Tilt_board:tilt_y|HoldValueOnStrb:holdValOnStrb|last_valid_value[4] ; axis_controller:axis_controller|servo_controller:servoPwmY|PWM:pwm|counter_value[3]  ; CLOCK_50     ; CLOCK_50    ; 1.000        ; 0.295      ; 10.889     ;
; -9.595  ; axis_controller:axis_controller|Tilt_board:tilt_y|HoldValueOnStrb:holdValOnStrb|last_valid_value[4] ; axis_controller:axis_controller|servo_controller:servoPwmY|PWM:pwm|counter_value[1]  ; CLOCK_50     ; CLOCK_50    ; 1.000        ; 0.295      ; 10.889     ;
; -9.595  ; axis_controller:axis_controller|Tilt_board:tilt_y|HoldValueOnStrb:holdValOnStrb|last_valid_value[4] ; axis_controller:axis_controller|servo_controller:servoPwmY|PWM:pwm|counter_value[2]  ; CLOCK_50     ; CLOCK_50    ; 1.000        ; 0.295      ; 10.889     ;
; -9.595  ; axis_controller:axis_controller|Tilt_board:tilt_y|HoldValueOnStrb:holdValOnStrb|last_valid_value[4] ; axis_controller:axis_controller|servo_controller:servoPwmY|PWM:pwm|counter_value[4]  ; CLOCK_50     ; CLOCK_50    ; 1.000        ; 0.295      ; 10.889     ;
; -9.595  ; axis_controller:axis_controller|Tilt_board:tilt_y|HoldValueOnStrb:holdValOnStrb|last_valid_value[4] ; axis_controller:axis_controller|servo_controller:servoPwmY|PWM:pwm|counter_value[5]  ; CLOCK_50     ; CLOCK_50    ; 1.000        ; 0.295      ; 10.889     ;
; -9.595  ; axis_controller:axis_controller|Tilt_board:tilt_y|HoldValueOnStrb:holdValOnStrb|last_valid_value[4] ; axis_controller:axis_controller|servo_controller:servoPwmY|PWM:pwm|counter_value[6]  ; CLOCK_50     ; CLOCK_50    ; 1.000        ; 0.295      ; 10.889     ;
; -9.595  ; axis_controller:axis_controller|Tilt_board:tilt_y|HoldValueOnStrb:holdValOnStrb|last_valid_value[4] ; axis_controller:axis_controller|servo_controller:servoPwmY|PWM:pwm|counter_value[7]  ; CLOCK_50     ; CLOCK_50    ; 1.000        ; 0.295      ; 10.889     ;
; -9.595  ; axis_controller:axis_controller|Tilt_board:tilt_y|HoldValueOnStrb:holdValOnStrb|last_valid_value[4] ; axis_controller:axis_controller|servo_controller:servoPwmY|PWM:pwm|counter_value[8]  ; CLOCK_50     ; CLOCK_50    ; 1.000        ; 0.295      ; 10.889     ;
; -9.595  ; axis_controller:axis_controller|Tilt_board:tilt_y|HoldValueOnStrb:holdValOnStrb|last_valid_value[4] ; axis_controller:axis_controller|servo_controller:servoPwmY|PWM:pwm|counter_value[9]  ; CLOCK_50     ; CLOCK_50    ; 1.000        ; 0.295      ; 10.889     ;
; -9.586  ; axis_controller:axis_controller|Tilt_board:tilt_x|HoldValueOnStrb:holdValOnStrb|last_valid_value[4] ; axis_controller:axis_controller|servo_controller:servoPwmX|PWM:pwm|counter_value[3]  ; CLOCK_50     ; CLOCK_50    ; 1.000        ; 0.333      ; 10.918     ;
; -9.586  ; axis_controller:axis_controller|Tilt_board:tilt_x|HoldValueOnStrb:holdValOnStrb|last_valid_value[4] ; axis_controller:axis_controller|servo_controller:servoPwmX|PWM:pwm|counter_value[1]  ; CLOCK_50     ; CLOCK_50    ; 1.000        ; 0.333      ; 10.918     ;
; -9.586  ; axis_controller:axis_controller|Tilt_board:tilt_x|HoldValueOnStrb:holdValOnStrb|last_valid_value[4] ; axis_controller:axis_controller|servo_controller:servoPwmX|PWM:pwm|counter_value[2]  ; CLOCK_50     ; CLOCK_50    ; 1.000        ; 0.333      ; 10.918     ;
; -9.586  ; axis_controller:axis_controller|Tilt_board:tilt_x|HoldValueOnStrb:holdValOnStrb|last_valid_value[4] ; axis_controller:axis_controller|servo_controller:servoPwmX|PWM:pwm|counter_value[4]  ; CLOCK_50     ; CLOCK_50    ; 1.000        ; 0.333      ; 10.918     ;
; -9.586  ; axis_controller:axis_controller|Tilt_board:tilt_x|HoldValueOnStrb:holdValOnStrb|last_valid_value[4] ; axis_controller:axis_controller|servo_controller:servoPwmX|PWM:pwm|counter_value[5]  ; CLOCK_50     ; CLOCK_50    ; 1.000        ; 0.333      ; 10.918     ;
; -9.586  ; axis_controller:axis_controller|Tilt_board:tilt_x|HoldValueOnStrb:holdValOnStrb|last_valid_value[4] ; axis_controller:axis_controller|servo_controller:servoPwmX|PWM:pwm|counter_value[6]  ; CLOCK_50     ; CLOCK_50    ; 1.000        ; 0.333      ; 10.918     ;
; -9.586  ; axis_controller:axis_controller|Tilt_board:tilt_x|HoldValueOnStrb:holdValOnStrb|last_valid_value[4] ; axis_controller:axis_controller|servo_controller:servoPwmX|PWM:pwm|counter_value[7]  ; CLOCK_50     ; CLOCK_50    ; 1.000        ; 0.333      ; 10.918     ;
; -9.586  ; axis_controller:axis_controller|Tilt_board:tilt_x|HoldValueOnStrb:holdValOnStrb|last_valid_value[4] ; axis_controller:axis_controller|servo_controller:servoPwmX|PWM:pwm|counter_value[8]  ; CLOCK_50     ; CLOCK_50    ; 1.000        ; 0.333      ; 10.918     ;
; -9.586  ; axis_controller:axis_controller|Tilt_board:tilt_x|HoldValueOnStrb:holdValOnStrb|last_valid_value[4] ; axis_controller:axis_controller|servo_controller:servoPwmX|PWM:pwm|counter_value[9]  ; CLOCK_50     ; CLOCK_50    ; 1.000        ; 0.333      ; 10.918     ;
; -9.528  ; axis_controller:axis_controller|cmd_proc:cmd_proc|fsm_state.IDLE                                    ; axis_controller:axis_controller|servo_controller:servoPwmY|PWM:pwm|counter_value[3]  ; CLOCK_50     ; CLOCK_50    ; 1.000        ; 0.289      ; 10.816     ;
; -9.528  ; axis_controller:axis_controller|cmd_proc:cmd_proc|fsm_state.IDLE                                    ; axis_controller:axis_controller|servo_controller:servoPwmY|PWM:pwm|counter_value[1]  ; CLOCK_50     ; CLOCK_50    ; 1.000        ; 0.289      ; 10.816     ;
; -9.528  ; axis_controller:axis_controller|cmd_proc:cmd_proc|fsm_state.IDLE                                    ; axis_controller:axis_controller|servo_controller:servoPwmY|PWM:pwm|counter_value[2]  ; CLOCK_50     ; CLOCK_50    ; 1.000        ; 0.289      ; 10.816     ;
; -9.528  ; axis_controller:axis_controller|cmd_proc:cmd_proc|fsm_state.IDLE                                    ; axis_controller:axis_controller|servo_controller:servoPwmY|PWM:pwm|counter_value[4]  ; CLOCK_50     ; CLOCK_50    ; 1.000        ; 0.289      ; 10.816     ;
+---------+-----------------------------------------------------------------------------------------------------+--------------------------------------------------------------------------------------+--------------+-------------+--------------+------------+------------+


+---------------------------------------------------------------------------------------------------------------------------------------------------------------------------------------------------------------------------------------------------------------------------------------------------------------------------------------------------------------------------------------------------------------------------------------------------------------+
; Slow 1200mV 0C Model Hold: 'CLOCK_50'                                                                                                                                                                                                                                                                                                                                                                                                                         ;
+-------+---------------------------------------------------------------------------------------------------------------------------------------------------------------------------+-----------------------------------------------------------------------------------------------------------------------------------------------------------------------------------------------------+--------------+-------------+--------------+------------+------------+
; Slack ; From Node                                                                                                                                                                 ; To Node                                                                                                                                                                                             ; Launch Clock ; Latch Clock ; Relationship ; Clock Skew ; Data Delay ;
+-------+---------------------------------------------------------------------------------------------------------------------------------------------------------------------------+-----------------------------------------------------------------------------------------------------------------------------------------------------------------------------------------------------+--------------+-------------+--------------+------------+------------+
; 0.329 ; axis_controller:axis_controller|cmd_proc:cmd_proc|periodical_strb_gen:strb_gen|strobe_generator:strb_gen|strb_val                                                         ; axis_controller:axis_controller|cmd_proc:cmd_proc|periodical_strb_gen:strb_gen|strobe_generator:strb_gen|strb_val                                                                                   ; CLOCK_50     ; CLOCK_50    ; 0.000        ; 0.097      ; 0.597      ;
; 0.329 ; axis_controller:axis_controller|btnCtrl:btnCtrl|debouncer:dbnc_switchTen|periodical_strb_gen:strb_gen|strobe_generator:strb_gen|strb_val                                  ; axis_controller:axis_controller|btnCtrl:btnCtrl|debouncer:dbnc_switchTen|periodical_strb_gen:strb_gen|strobe_generator:strb_gen|strb_val                                                            ; CLOCK_50     ; CLOCK_50    ; 0.000        ; 0.097      ; 0.597      ;
; 0.330 ; axis_controller:axis_controller|btnCtrl:btnCtrl|debouncer:dbnc_decrement|periodical_strb_gen:strb_gen|strobe_generator:strb_gen|strb_val                                  ; axis_controller:axis_controller|btnCtrl:btnCtrl|debouncer:dbnc_decrement|periodical_strb_gen:strb_gen|strobe_generator:strb_gen|strb_val                                                            ; CLOCK_50     ; CLOCK_50    ; 0.000        ; 0.096      ; 0.597      ;
; 0.330 ; axis_controller:axis_controller|btnCtrl:btnCtrl|debouncer:dbnc_increment|periodical_strb_gen:strb_gen|strobe_generator:strb_gen|strb_val                                  ; axis_controller:axis_controller|btnCtrl:btnCtrl|debouncer:dbnc_increment|periodical_strb_gen:strb_gen|strobe_generator:strb_gen|strb_val                                                            ; CLOCK_50     ; CLOCK_50    ; 0.000        ; 0.096      ; 0.597      ;
; 0.332 ; axis_controller:axis_controller|Tilt_board:tilt_y|moving_avg:moving_avg|altshift_taps:shift_reg_mem_rtl_0|shift_taps_r9n:auto_generated|cntr_luf:cntr1|counter_reg_bit[0] ; axis_controller:axis_controller|Tilt_board:tilt_y|moving_avg:moving_avg|altshift_taps:shift_reg_mem_rtl_0|shift_taps_r9n:auto_generated|altsyncram_66b1:altsyncram2|ram_block5a0~porta_address_reg0 ; CLOCK_50     ; CLOCK_50    ; 0.000        ; 0.412      ; 0.945      ;
; 0.334 ; axis_controller:axis_controller|Tilt_board:tilt_y|moving_avg:moving_avg|altshift_taps:shift_reg_mem_rtl_0|shift_taps_r9n:auto_generated|cntr_luf:cntr1|counter_reg_bit[0] ; axis_controller:axis_controller|Tilt_board:tilt_y|moving_avg:moving_avg|altshift_taps:shift_reg_mem_rtl_0|shift_taps_r9n:auto_generated|altsyncram_66b1:altsyncram2|ram_block5a0~portb_address_reg0 ; CLOCK_50     ; CLOCK_50    ; 0.000        ; 0.412      ; 0.947      ;
; 0.339 ; axis_controller:axis_controller|cmd_proc:cmd_proc|periodical_strb_gen:strb_gen|strobe_generator:strb_gen|cycles_until_strobe[0]                                           ; axis_controller:axis_controller|cmd_proc:cmd_proc|periodical_strb_gen:strb_gen|strobe_generator:strb_gen|cycles_until_strobe[0]                                                                     ; CLOCK_50     ; CLOCK_50    ; 0.000        ; 0.098      ; 0.608      ;
; 0.340 ; axis_controller:axis_controller|Tilt_board:tilt_x|moving_avg:moving_avg|altshift_taps:shift_reg_mem_rtl_0|shift_taps_r9n:auto_generated|cntr_luf:cntr1|counter_reg_bit[2] ; axis_controller:axis_controller|Tilt_board:tilt_x|moving_avg:moving_avg|altshift_taps:shift_reg_mem_rtl_0|shift_taps_r9n:auto_generated|altsyncram_66b1:altsyncram2|ram_block5a0~porta_address_reg0 ; CLOCK_50     ; CLOCK_50    ; 0.000        ; 0.409      ; 0.950      ;
; 0.340 ; axis_controller:axis_controller|btnCtrl:btnCtrl|debouncer:dbnc_switchTen|periodical_strb_gen:strb_gen|strobe_generator:strb_gen|cycles_until_strobe[0]                    ; axis_controller:axis_controller|btnCtrl:btnCtrl|debouncer:dbnc_switchTen|periodical_strb_gen:strb_gen|strobe_generator:strb_gen|cycles_until_strobe[0]                                              ; CLOCK_50     ; CLOCK_50    ; 0.000        ; 0.097      ; 0.608      ;
; 0.341 ; axis_controller:axis_controller|btnCtrl:btnCtrl|debouncer:dbnc_decrement|periodical_strb_gen:strb_gen|strobe_generator:strb_gen|cycles_until_strobe[0]                    ; axis_controller:axis_controller|btnCtrl:btnCtrl|debouncer:dbnc_decrement|periodical_strb_gen:strb_gen|strobe_generator:strb_gen|cycles_until_strobe[0]                                              ; CLOCK_50     ; CLOCK_50    ; 0.000        ; 0.096      ; 0.608      ;
; 0.341 ; axis_controller:axis_controller|btnCtrl:btnCtrl|debouncer:dbnc_increment|periodical_strb_gen:strb_gen|strobe_generator:strb_gen|cycles_until_strobe[0]                    ; axis_controller:axis_controller|btnCtrl:btnCtrl|debouncer:dbnc_increment|periodical_strb_gen:strb_gen|strobe_generator:strb_gen|cycles_until_strobe[0]                                              ; CLOCK_50     ; CLOCK_50    ; 0.000        ; 0.096      ; 0.608      ;
; 0.342 ; axis_controller:axis_controller|Tilt_board:tilt_x|moving_avg:moving_avg|altshift_taps:shift_reg_mem_rtl_0|shift_taps_r9n:auto_generated|cntr_luf:cntr1|counter_reg_bit[2] ; axis_controller:axis_controller|Tilt_board:tilt_x|moving_avg:moving_avg|altshift_taps:shift_reg_mem_rtl_0|shift_taps_r9n:auto_generated|altsyncram_66b1:altsyncram2|ram_block5a0~portb_address_reg0 ; CLOCK_50     ; CLOCK_50    ; 0.000        ; 0.409      ; 0.952      ;
; 0.344 ; axis_controller:axis_controller|cmd_proc:cmd_proc|z_value[14]                                                                                                             ; axis_controller:axis_controller|cmd_proc:cmd_proc|z_value[14]                                                                                                                                       ; CLOCK_50     ; CLOCK_50    ; 0.000        ; 0.082      ; 0.597      ;
; 0.344 ; axis_controller:axis_controller|cmd_proc:cmd_proc|z_value[10]                                                                                                             ; axis_controller:axis_controller|cmd_proc:cmd_proc|z_value[10]                                                                                                                                       ; CLOCK_50     ; CLOCK_50    ; 0.000        ; 0.082      ; 0.597      ;
; 0.344 ; axis_controller:axis_controller|cmd_proc:cmd_proc|theta_sum[23]                                                                                                           ; axis_controller:axis_controller|cmd_proc:cmd_proc|theta_sum[23]                                                                                                                                     ; CLOCK_50     ; CLOCK_50    ; 0.000        ; 0.082      ; 0.597      ;
; 0.344 ; axis_controller:axis_controller|cmd_proc:cmd_proc|theta_sum[22]                                                                                                           ; axis_controller:axis_controller|cmd_proc:cmd_proc|theta_sum[22]                                                                                                                                     ; CLOCK_50     ; CLOCK_50    ; 0.000        ; 0.082      ; 0.597      ;
; 0.344 ; axis_controller:axis_controller|cmd_proc:cmd_proc|theta_sum[21]                                                                                                           ; axis_controller:axis_controller|cmd_proc:cmd_proc|theta_sum[21]                                                                                                                                     ; CLOCK_50     ; CLOCK_50    ; 0.000        ; 0.082      ; 0.597      ;
; 0.344 ; axis_controller:axis_controller|cmd_proc:cmd_proc|theta_sum[17]                                                                                                           ; axis_controller:axis_controller|cmd_proc:cmd_proc|theta_sum[17]                                                                                                                                     ; CLOCK_50     ; CLOCK_50    ; 0.000        ; 0.082      ; 0.597      ;
; 0.344 ; axis_controller:axis_controller|cmd_proc:cmd_proc|theta_sum[11]                                                                                                           ; axis_controller:axis_controller|cmd_proc:cmd_proc|theta_sum[11]                                                                                                                                     ; CLOCK_50     ; CLOCK_50    ; 0.000        ; 0.082      ; 0.597      ;
; 0.344 ; axis_controller:axis_controller|cmd_proc:cmd_proc|theta_sum[9]                                                                                                            ; axis_controller:axis_controller|cmd_proc:cmd_proc|theta_sum[9]                                                                                                                                      ; CLOCK_50     ; CLOCK_50    ; 0.000        ; 0.082      ; 0.597      ;
; 0.344 ; axis_controller:axis_controller|cmd_proc:cmd_proc|theta_sum[8]                                                                                                            ; axis_controller:axis_controller|cmd_proc:cmd_proc|theta_sum[8]                                                                                                                                      ; CLOCK_50     ; CLOCK_50    ; 0.000        ; 0.082      ; 0.597      ;
; 0.344 ; axis_controller:axis_controller|cmd_proc:cmd_proc|theta_sum[7]                                                                                                            ; axis_controller:axis_controller|cmd_proc:cmd_proc|theta_sum[7]                                                                                                                                      ; CLOCK_50     ; CLOCK_50    ; 0.000        ; 0.082      ; 0.597      ;
; 0.344 ; axis_controller:axis_controller|cmd_proc:cmd_proc|r_sum[23]                                                                                                               ; axis_controller:axis_controller|cmd_proc:cmd_proc|r_sum[23]                                                                                                                                         ; CLOCK_50     ; CLOCK_50    ; 0.000        ; 0.082      ; 0.597      ;
; 0.344 ; axis_controller:axis_controller|cmd_proc:cmd_proc|r_sum[22]                                                                                                               ; axis_controller:axis_controller|cmd_proc:cmd_proc|r_sum[22]                                                                                                                                         ; CLOCK_50     ; CLOCK_50    ; 0.000        ; 0.082      ; 0.597      ;
; 0.344 ; axis_controller:axis_controller|cmd_proc:cmd_proc|r_sum[21]                                                                                                               ; axis_controller:axis_controller|cmd_proc:cmd_proc|r_sum[21]                                                                                                                                         ; CLOCK_50     ; CLOCK_50    ; 0.000        ; 0.082      ; 0.597      ;
; 0.344 ; axis_controller:axis_controller|cmd_proc:cmd_proc|r_sum[17]                                                                                                               ; axis_controller:axis_controller|cmd_proc:cmd_proc|r_sum[17]                                                                                                                                         ; CLOCK_50     ; CLOCK_50    ; 0.000        ; 0.082      ; 0.597      ;
; 0.344 ; axis_controller:axis_controller|cmd_proc:cmd_proc|r_sum[16]                                                                                                               ; axis_controller:axis_controller|cmd_proc:cmd_proc|r_sum[16]                                                                                                                                         ; CLOCK_50     ; CLOCK_50    ; 0.000        ; 0.082      ; 0.597      ;
; 0.344 ; axis_controller:axis_controller|cmd_proc:cmd_proc|r_sum[13]                                                                                                               ; axis_controller:axis_controller|cmd_proc:cmd_proc|r_sum[13]                                                                                                                                         ; CLOCK_50     ; CLOCK_50    ; 0.000        ; 0.082      ; 0.597      ;
; 0.344 ; axis_controller:axis_controller|cmd_proc:cmd_proc|r_sum[11]                                                                                                               ; axis_controller:axis_controller|cmd_proc:cmd_proc|r_sum[11]                                                                                                                                         ; CLOCK_50     ; CLOCK_50    ; 0.000        ; 0.082      ; 0.597      ;
; 0.344 ; axis_controller:axis_controller|cmd_proc:cmd_proc|r_sum[10]                                                                                                               ; axis_controller:axis_controller|cmd_proc:cmd_proc|r_sum[10]                                                                                                                                         ; CLOCK_50     ; CLOCK_50    ; 0.000        ; 0.082      ; 0.597      ;
; 0.344 ; axis_controller:axis_controller|cmd_proc:cmd_proc|r_sum[7]                                                                                                                ; axis_controller:axis_controller|cmd_proc:cmd_proc|r_sum[7]                                                                                                                                          ; CLOCK_50     ; CLOCK_50    ; 0.000        ; 0.082      ; 0.597      ;
; 0.344 ; axis_controller:axis_controller|cmd_proc:cmd_proc|r_sum[5]                                                                                                                ; axis_controller:axis_controller|cmd_proc:cmd_proc|r_sum[5]                                                                                                                                          ; CLOCK_50     ; CLOCK_50    ; 0.000        ; 0.082      ; 0.597      ;
; 0.344 ; axis_controller:axis_controller|cmd_proc:cmd_proc|r_sum[3]                                                                                                                ; axis_controller:axis_controller|cmd_proc:cmd_proc|r_sum[3]                                                                                                                                          ; CLOCK_50     ; CLOCK_50    ; 0.000        ; 0.082      ; 0.597      ;
; 0.344 ; axis_controller:axis_controller|cmd_proc:cmd_proc|r_sum[2]                                                                                                                ; axis_controller:axis_controller|cmd_proc:cmd_proc|r_sum[2]                                                                                                                                          ; CLOCK_50     ; CLOCK_50    ; 0.000        ; 0.082      ; 0.597      ;
; 0.344 ; axis_controller:axis_controller|cmd_proc:cmd_proc|r_sum[1]                                                                                                                ; axis_controller:axis_controller|cmd_proc:cmd_proc|r_sum[1]                                                                                                                                          ; CLOCK_50     ; CLOCK_50    ; 0.000        ; 0.082      ; 0.597      ;
; 0.344 ; axis_controller:axis_controller|cmd_proc:cmd_proc|r_sum[0]                                                                                                                ; axis_controller:axis_controller|cmd_proc:cmd_proc|r_sum[0]                                                                                                                                          ; CLOCK_50     ; CLOCK_50    ; 0.000        ; 0.082      ; 0.597      ;
; 0.344 ; axis_controller:axis_controller|cmd_proc:cmd_proc|address[5]                                                                                                              ; axis_controller:axis_controller|cmd_proc:cmd_proc|address[5]                                                                                                                                        ; CLOCK_50     ; CLOCK_50    ; 0.000        ; 0.082      ; 0.597      ;
; 0.344 ; axis_controller:axis_controller|cmd_proc:cmd_proc|address[4]                                                                                                              ; axis_controller:axis_controller|cmd_proc:cmd_proc|address[4]                                                                                                                                        ; CLOCK_50     ; CLOCK_50    ; 0.000        ; 0.082      ; 0.597      ;
; 0.344 ; axis_controller:axis_controller|cmd_proc:cmd_proc|address[3]                                                                                                              ; axis_controller:axis_controller|cmd_proc:cmd_proc|address[3]                                                                                                                                        ; CLOCK_50     ; CLOCK_50    ; 0.000        ; 0.082      ; 0.597      ;
; 0.344 ; axis_controller:axis_controller|cmd_proc:cmd_proc|address[2]                                                                                                              ; axis_controller:axis_controller|cmd_proc:cmd_proc|address[2]                                                                                                                                        ; CLOCK_50     ; CLOCK_50    ; 0.000        ; 0.082      ; 0.597      ;
; 0.344 ; axis_controller:axis_controller|cmd_proc:cmd_proc|address[1]                                                                                                              ; axis_controller:axis_controller|cmd_proc:cmd_proc|address[1]                                                                                                                                        ; CLOCK_50     ; CLOCK_50    ; 0.000        ; 0.082      ; 0.597      ;
; 0.344 ; axis_controller:axis_controller|cmd_proc:cmd_proc|address[0]                                                                                                              ; axis_controller:axis_controller|cmd_proc:cmd_proc|address[0]                                                                                                                                        ; CLOCK_50     ; CLOCK_50    ; 0.000        ; 0.082      ; 0.597      ;
; 0.344 ; axis_controller:axis_controller|cmd_proc:cmd_proc|fsm_state.WAIT_FOR_STROBE                                                                                               ; axis_controller:axis_controller|cmd_proc:cmd_proc|fsm_state.WAIT_FOR_STROBE                                                                                                                         ; CLOCK_50     ; CLOCK_50    ; 0.000        ; 0.082      ; 0.597      ;
; 0.345 ; axis_controller:axis_controller|cmd_proc:cmd_proc|theta_sum[20]                                                                                                           ; axis_controller:axis_controller|cmd_proc:cmd_proc|theta_sum[20]                                                                                                                                     ; CLOCK_50     ; CLOCK_50    ; 0.000        ; 0.081      ; 0.597      ;
; 0.345 ; axis_controller:axis_controller|cmd_proc:cmd_proc|theta_sum[12]                                                                                                           ; axis_controller:axis_controller|cmd_proc:cmd_proc|theta_sum[12]                                                                                                                                     ; CLOCK_50     ; CLOCK_50    ; 0.000        ; 0.081      ; 0.597      ;
; 0.345 ; axis_controller:axis_controller|cmd_proc:cmd_proc|theta_sum[3]                                                                                                            ; axis_controller:axis_controller|cmd_proc:cmd_proc|theta_sum[3]                                                                                                                                      ; CLOCK_50     ; CLOCK_50    ; 0.000        ; 0.081      ; 0.597      ;
; 0.345 ; axis_controller:axis_controller|cmd_proc:cmd_proc|theta_sum[2]                                                                                                            ; axis_controller:axis_controller|cmd_proc:cmd_proc|theta_sum[2]                                                                                                                                      ; CLOCK_50     ; CLOCK_50    ; 0.000        ; 0.081      ; 0.597      ;
; 0.345 ; axis_controller:axis_controller|cmd_proc:cmd_proc|theta_sum[1]                                                                                                            ; axis_controller:axis_controller|cmd_proc:cmd_proc|theta_sum[1]                                                                                                                                      ; CLOCK_50     ; CLOCK_50    ; 0.000        ; 0.081      ; 0.597      ;
; 0.345 ; axis_controller:axis_controller|cmd_proc:cmd_proc|theta_sum[0]                                                                                                            ; axis_controller:axis_controller|cmd_proc:cmd_proc|theta_sum[0]                                                                                                                                      ; CLOCK_50     ; CLOCK_50    ; 0.000        ; 0.081      ; 0.597      ;
; 0.345 ; axis_controller:axis_controller|cmd_proc:cmd_proc|r_sum[19]                                                                                                               ; axis_controller:axis_controller|cmd_proc:cmd_proc|r_sum[19]                                                                                                                                         ; CLOCK_50     ; CLOCK_50    ; 0.000        ; 0.081      ; 0.597      ;
; 0.345 ; axis_controller:axis_controller|cmd_proc:cmd_proc|r_sum[18]                                                                                                               ; axis_controller:axis_controller|cmd_proc:cmd_proc|r_sum[18]                                                                                                                                         ; CLOCK_50     ; CLOCK_50    ; 0.000        ; 0.081      ; 0.597      ;
; 0.345 ; axis_controller:axis_controller|cmd_proc:cmd_proc|address[4]                                                                                                              ; axis_controller:axis_controller|cmd_proc:cmd_proc|command_rom:cmd_rom|altsyncram:ROMMEM_rtl_0|altsyncram_vn71:auto_generated|ram_block1a7~porta_address_reg0                                        ; CLOCK_50     ; CLOCK_50    ; 0.000        ; 0.394      ; 0.940      ;
; 0.345 ; axis_controller:axis_controller|btnCtrl:btnCtrl|debouncer:dbnc_switchTen|dbnc                                                                                             ; axis_controller:axis_controller|btnCtrl:btnCtrl|debouncer:dbnc_switchTen|dbnc                                                                                                                       ; CLOCK_50     ; CLOCK_50    ; 0.000        ; 0.081      ; 0.597      ;
; 0.345 ; axis_controller:axis_controller|Tilt_board:tilt_x|DeltaADC:adc|strobe_generator:strobe_gen|strb_val                                                                       ; axis_controller:axis_controller|Tilt_board:tilt_x|DeltaADC:adc|strobe_generator:strobe_gen|strb_val                                                                                                 ; CLOCK_50     ; CLOCK_50    ; 0.000        ; 0.081      ; 0.597      ;
; 0.346 ; axis_controller:axis_controller|cmd_proc:cmd_proc|command_count[31]                                                                                                       ; axis_controller:axis_controller|cmd_proc:cmd_proc|command_count[31]                                                                                                                                 ; CLOCK_50     ; CLOCK_50    ; 0.000        ; 0.080      ; 0.597      ;
; 0.346 ; axis_controller:axis_controller|cmd_proc:cmd_proc|command_count[0]                                                                                                        ; axis_controller:axis_controller|cmd_proc:cmd_proc|command_count[0]                                                                                                                                  ; CLOCK_50     ; CLOCK_50    ; 0.000        ; 0.080      ; 0.597      ;
; 0.346 ; axis_controller:axis_controller|cmd_proc:cmd_proc|command_count[1]                                                                                                        ; axis_controller:axis_controller|cmd_proc:cmd_proc|command_count[1]                                                                                                                                  ; CLOCK_50     ; CLOCK_50    ; 0.000        ; 0.080      ; 0.597      ;
; 0.346 ; axis_controller:axis_controller|cmd_proc:cmd_proc|command_count[2]                                                                                                        ; axis_controller:axis_controller|cmd_proc:cmd_proc|command_count[2]                                                                                                                                  ; CLOCK_50     ; CLOCK_50    ; 0.000        ; 0.080      ; 0.597      ;
; 0.346 ; axis_controller:axis_controller|cmd_proc:cmd_proc|command_count[3]                                                                                                        ; axis_controller:axis_controller|cmd_proc:cmd_proc|command_count[3]                                                                                                                                  ; CLOCK_50     ; CLOCK_50    ; 0.000        ; 0.080      ; 0.597      ;
; 0.346 ; axis_controller:axis_controller|cmd_proc:cmd_proc|command_count[4]                                                                                                        ; axis_controller:axis_controller|cmd_proc:cmd_proc|command_count[4]                                                                                                                                  ; CLOCK_50     ; CLOCK_50    ; 0.000        ; 0.080      ; 0.597      ;
; 0.346 ; axis_controller:axis_controller|cmd_proc:cmd_proc|command_count[5]                                                                                                        ; axis_controller:axis_controller|cmd_proc:cmd_proc|command_count[5]                                                                                                                                  ; CLOCK_50     ; CLOCK_50    ; 0.000        ; 0.080      ; 0.597      ;
; 0.346 ; axis_controller:axis_controller|cmd_proc:cmd_proc|command_count[6]                                                                                                        ; axis_controller:axis_controller|cmd_proc:cmd_proc|command_count[6]                                                                                                                                  ; CLOCK_50     ; CLOCK_50    ; 0.000        ; 0.080      ; 0.597      ;
; 0.346 ; axis_controller:axis_controller|cmd_proc:cmd_proc|command_count[7]                                                                                                        ; axis_controller:axis_controller|cmd_proc:cmd_proc|command_count[7]                                                                                                                                  ; CLOCK_50     ; CLOCK_50    ; 0.000        ; 0.080      ; 0.597      ;
; 0.346 ; axis_controller:axis_controller|cmd_proc:cmd_proc|command_count[8]                                                                                                        ; axis_controller:axis_controller|cmd_proc:cmd_proc|command_count[8]                                                                                                                                  ; CLOCK_50     ; CLOCK_50    ; 0.000        ; 0.080      ; 0.597      ;
; 0.346 ; axis_controller:axis_controller|cmd_proc:cmd_proc|command_count[9]                                                                                                        ; axis_controller:axis_controller|cmd_proc:cmd_proc|command_count[9]                                                                                                                                  ; CLOCK_50     ; CLOCK_50    ; 0.000        ; 0.080      ; 0.597      ;
; 0.346 ; axis_controller:axis_controller|cmd_proc:cmd_proc|command_count[10]                                                                                                       ; axis_controller:axis_controller|cmd_proc:cmd_proc|command_count[10]                                                                                                                                 ; CLOCK_50     ; CLOCK_50    ; 0.000        ; 0.080      ; 0.597      ;
; 0.346 ; axis_controller:axis_controller|cmd_proc:cmd_proc|command_count[11]                                                                                                       ; axis_controller:axis_controller|cmd_proc:cmd_proc|command_count[11]                                                                                                                                 ; CLOCK_50     ; CLOCK_50    ; 0.000        ; 0.080      ; 0.597      ;
; 0.346 ; axis_controller:axis_controller|cmd_proc:cmd_proc|command_count[12]                                                                                                       ; axis_controller:axis_controller|cmd_proc:cmd_proc|command_count[12]                                                                                                                                 ; CLOCK_50     ; CLOCK_50    ; 0.000        ; 0.080      ; 0.597      ;
; 0.346 ; axis_controller:axis_controller|cmd_proc:cmd_proc|command_count[13]                                                                                                       ; axis_controller:axis_controller|cmd_proc:cmd_proc|command_count[13]                                                                                                                                 ; CLOCK_50     ; CLOCK_50    ; 0.000        ; 0.080      ; 0.597      ;
; 0.346 ; axis_controller:axis_controller|cmd_proc:cmd_proc|command_count[14]                                                                                                       ; axis_controller:axis_controller|cmd_proc:cmd_proc|command_count[14]                                                                                                                                 ; CLOCK_50     ; CLOCK_50    ; 0.000        ; 0.080      ; 0.597      ;
; 0.346 ; axis_controller:axis_controller|cmd_proc:cmd_proc|command_count[15]                                                                                                       ; axis_controller:axis_controller|cmd_proc:cmd_proc|command_count[15]                                                                                                                                 ; CLOCK_50     ; CLOCK_50    ; 0.000        ; 0.080      ; 0.597      ;
; 0.346 ; axis_controller:axis_controller|cmd_proc:cmd_proc|command_count[16]                                                                                                       ; axis_controller:axis_controller|cmd_proc:cmd_proc|command_count[16]                                                                                                                                 ; CLOCK_50     ; CLOCK_50    ; 0.000        ; 0.080      ; 0.597      ;
; 0.346 ; axis_controller:axis_controller|cmd_proc:cmd_proc|command_count[17]                                                                                                       ; axis_controller:axis_controller|cmd_proc:cmd_proc|command_count[17]                                                                                                                                 ; CLOCK_50     ; CLOCK_50    ; 0.000        ; 0.080      ; 0.597      ;
; 0.346 ; axis_controller:axis_controller|cmd_proc:cmd_proc|command_count[18]                                                                                                       ; axis_controller:axis_controller|cmd_proc:cmd_proc|command_count[18]                                                                                                                                 ; CLOCK_50     ; CLOCK_50    ; 0.000        ; 0.080      ; 0.597      ;
; 0.346 ; axis_controller:axis_controller|cmd_proc:cmd_proc|command_count[19]                                                                                                       ; axis_controller:axis_controller|cmd_proc:cmd_proc|command_count[19]                                                                                                                                 ; CLOCK_50     ; CLOCK_50    ; 0.000        ; 0.080      ; 0.597      ;
; 0.346 ; axis_controller:axis_controller|cmd_proc:cmd_proc|command_count[20]                                                                                                       ; axis_controller:axis_controller|cmd_proc:cmd_proc|command_count[20]                                                                                                                                 ; CLOCK_50     ; CLOCK_50    ; 0.000        ; 0.080      ; 0.597      ;
; 0.346 ; axis_controller:axis_controller|cmd_proc:cmd_proc|command_count[21]                                                                                                       ; axis_controller:axis_controller|cmd_proc:cmd_proc|command_count[21]                                                                                                                                 ; CLOCK_50     ; CLOCK_50    ; 0.000        ; 0.080      ; 0.597      ;
; 0.346 ; axis_controller:axis_controller|cmd_proc:cmd_proc|command_count[22]                                                                                                       ; axis_controller:axis_controller|cmd_proc:cmd_proc|command_count[22]                                                                                                                                 ; CLOCK_50     ; CLOCK_50    ; 0.000        ; 0.080      ; 0.597      ;
; 0.346 ; axis_controller:axis_controller|cmd_proc:cmd_proc|command_count[23]                                                                                                       ; axis_controller:axis_controller|cmd_proc:cmd_proc|command_count[23]                                                                                                                                 ; CLOCK_50     ; CLOCK_50    ; 0.000        ; 0.080      ; 0.597      ;
; 0.346 ; axis_controller:axis_controller|cmd_proc:cmd_proc|command_count[24]                                                                                                       ; axis_controller:axis_controller|cmd_proc:cmd_proc|command_count[24]                                                                                                                                 ; CLOCK_50     ; CLOCK_50    ; 0.000        ; 0.080      ; 0.597      ;
; 0.346 ; axis_controller:axis_controller|cmd_proc:cmd_proc|command_count[25]                                                                                                       ; axis_controller:axis_controller|cmd_proc:cmd_proc|command_count[25]                                                                                                                                 ; CLOCK_50     ; CLOCK_50    ; 0.000        ; 0.080      ; 0.597      ;
; 0.346 ; axis_controller:axis_controller|cmd_proc:cmd_proc|command_count[26]                                                                                                       ; axis_controller:axis_controller|cmd_proc:cmd_proc|command_count[26]                                                                                                                                 ; CLOCK_50     ; CLOCK_50    ; 0.000        ; 0.080      ; 0.597      ;
; 0.346 ; axis_controller:axis_controller|cmd_proc:cmd_proc|command_count[27]                                                                                                       ; axis_controller:axis_controller|cmd_proc:cmd_proc|command_count[27]                                                                                                                                 ; CLOCK_50     ; CLOCK_50    ; 0.000        ; 0.080      ; 0.597      ;
; 0.346 ; axis_controller:axis_controller|cmd_proc:cmd_proc|command_count[28]                                                                                                       ; axis_controller:axis_controller|cmd_proc:cmd_proc|command_count[28]                                                                                                                                 ; CLOCK_50     ; CLOCK_50    ; 0.000        ; 0.080      ; 0.597      ;
; 0.346 ; axis_controller:axis_controller|cmd_proc:cmd_proc|command_count[29]                                                                                                       ; axis_controller:axis_controller|cmd_proc:cmd_proc|command_count[29]                                                                                                                                 ; CLOCK_50     ; CLOCK_50    ; 0.000        ; 0.080      ; 0.597      ;
; 0.346 ; axis_controller:axis_controller|cmd_proc:cmd_proc|command_count[30]                                                                                                       ; axis_controller:axis_controller|cmd_proc:cmd_proc|command_count[30]                                                                                                                                 ; CLOCK_50     ; CLOCK_50    ; 0.000        ; 0.080      ; 0.597      ;
; 0.346 ; axis_controller:axis_controller|btnCtrl:btnCtrl|adc_strb                                                                                                                  ; axis_controller:axis_controller|btnCtrl:btnCtrl|adc_strb                                                                                                                                            ; CLOCK_50     ; CLOCK_50    ; 0.000        ; 0.080      ; 0.597      ;
; 0.346 ; axis_controller:axis_controller|btnCtrl:btnCtrl|fsm_state.DECREMENT                                                                                                       ; axis_controller:axis_controller|btnCtrl:btnCtrl|fsm_state.DECREMENT                                                                                                                                 ; CLOCK_50     ; CLOCK_50    ; 0.000        ; 0.080      ; 0.597      ;
; 0.346 ; axis_controller:axis_controller|btnCtrl:btnCtrl|fsm_state.INCREMENT                                                                                                       ; axis_controller:axis_controller|btnCtrl:btnCtrl|fsm_state.INCREMENT                                                                                                                                 ; CLOCK_50     ; CLOCK_50    ; 0.000        ; 0.080      ; 0.597      ;
; 0.346 ; axis_controller:axis_controller|btnCtrl:btnCtrl|fsm_state.IDLE                                                                                                            ; axis_controller:axis_controller|btnCtrl:btnCtrl|fsm_state.IDLE                                                                                                                                      ; CLOCK_50     ; CLOCK_50    ; 0.000        ; 0.080      ; 0.597      ;
; 0.346 ; axis_controller:axis_controller|btnCtrl:btnCtrl|debouncer:dbnc_decrement|dbnc                                                                                             ; axis_controller:axis_controller|btnCtrl:btnCtrl|debouncer:dbnc_decrement|dbnc                                                                                                                       ; CLOCK_50     ; CLOCK_50    ; 0.000        ; 0.080      ; 0.597      ;
; 0.346 ; axis_controller:axis_controller|btnCtrl:btnCtrl|debouncer:dbnc_increment|dbnc                                                                                             ; axis_controller:axis_controller|btnCtrl:btnCtrl|debouncer:dbnc_increment|dbnc                                                                                                                       ; CLOCK_50     ; CLOCK_50    ; 0.000        ; 0.080      ; 0.597      ;
; 0.347 ; axis_controller:axis_controller|Tilt_board:tilt_x|moving_avg:moving_avg|altshift_taps:shift_reg_mem_rtl_0|shift_taps_r9n:auto_generated|cntr_luf:cntr1|counter_reg_bit[0] ; axis_controller:axis_controller|Tilt_board:tilt_x|moving_avg:moving_avg|altshift_taps:shift_reg_mem_rtl_0|shift_taps_r9n:auto_generated|altsyncram_66b1:altsyncram2|ram_block5a0~porta_address_reg0 ; CLOCK_50     ; CLOCK_50    ; 0.000        ; 0.409      ; 0.957      ;
; 0.349 ; axis_controller:axis_controller|Tilt_board:tilt_x|moving_avg:moving_avg|altshift_taps:shift_reg_mem_rtl_0|shift_taps_r9n:auto_generated|cntr_luf:cntr1|counter_reg_bit[0] ; axis_controller:axis_controller|Tilt_board:tilt_x|moving_avg:moving_avg|altshift_taps:shift_reg_mem_rtl_0|shift_taps_r9n:auto_generated|altsyncram_66b1:altsyncram2|ram_block5a0~portb_address_reg0 ; CLOCK_50     ; CLOCK_50    ; 0.000        ; 0.409      ; 0.959      ;
; 0.357 ; axis_controller:axis_controller|btnCtrl:btnCtrl|fsm_state.CALC_INC                                                                                                        ; axis_controller:axis_controller|btnCtrl:btnCtrl|fsm_state.CALC_INC                                                                                                                                  ; CLOCK_50     ; CLOCK_50    ; 0.000        ; 0.080      ; 0.608      ;
; 0.357 ; axis_controller:axis_controller|btnCtrl:btnCtrl|fsm_state.CALC_DEC                                                                                                        ; axis_controller:axis_controller|btnCtrl:btnCtrl|fsm_state.CALC_DEC                                                                                                                                  ; CLOCK_50     ; CLOCK_50    ; 0.000        ; 0.080      ; 0.608      ;
; 0.360 ; axis_controller:axis_controller|cmd_proc:cmd_proc|address[2]                                                                                                              ; axis_controller:axis_controller|cmd_proc:cmd_proc|command_rom:cmd_rom|altsyncram:ROMMEM_rtl_0|altsyncram_vn71:auto_generated|ram_block1a7~porta_address_reg0                                        ; CLOCK_50     ; CLOCK_50    ; 0.000        ; 0.394      ; 0.955      ;
; 0.360 ; axis_controller:axis_controller|Tilt_board:tilt_x|moving_avg:moving_avg|altshift_taps:shift_reg_mem_rtl_0|shift_taps_r9n:auto_generated|cntr_luf:cntr1|counter_reg_bit[3] ; axis_controller:axis_controller|Tilt_board:tilt_x|moving_avg:moving_avg|altshift_taps:shift_reg_mem_rtl_0|shift_taps_r9n:auto_generated|altsyncram_66b1:altsyncram2|ram_block5a0~porta_address_reg0 ; CLOCK_50     ; CLOCK_50    ; 0.000        ; 0.409      ; 0.970      ;
; 0.362 ; axis_controller:axis_controller|Tilt_board:tilt_x|moving_avg:moving_avg|altshift_taps:shift_reg_mem_rtl_0|shift_taps_r9n:auto_generated|cntr_luf:cntr1|counter_reg_bit[3] ; axis_controller:axis_controller|Tilt_board:tilt_x|moving_avg:moving_avg|altshift_taps:shift_reg_mem_rtl_0|shift_taps_r9n:auto_generated|altsyncram_66b1:altsyncram2|ram_block5a0~portb_address_reg0 ; CLOCK_50     ; CLOCK_50    ; 0.000        ; 0.409      ; 0.972      ;
; 0.366 ; axis_controller:axis_controller|btnCtrl:btnCtrl|debouncer:dbnc_switchTen|periodical_strb_gen:strb_gen|strobe_generator:strb_gen|strb_o                                    ; axis_controller:axis_controller|btnCtrl:btnCtrl|debouncer:dbnc_switchTen|dbnc                                                                                                                       ; CLOCK_50     ; CLOCK_50    ; 0.000        ; 0.081      ; 0.618      ;
+-------+---------------------------------------------------------------------------------------------------------------------------------------------------------------------------+-----------------------------------------------------------------------------------------------------------------------------------------------------------------------------------------------------+--------------+-------------+--------------+------------+------------+


+-----------------------------------------------------------------------------------------------------------------------------------------------------------------------------------------------------------------------------------------------------------------------------------------------------------------------------------------------------------------------------------------------------------------+
; Slow 1200mV 0C Model Recovery: 'CLOCK_50'                                                                                                                                                                                                                                                                                                                                                                       ;
+--------+-----------------------------------------------------------------------------------------------------------------------------------------------+----------------------------------------------------------------------------------------------------------------------------------------------------------------------------------+--------------+-------------+--------------+------------+------------+
; Slack  ; From Node                                                                                                                                     ; To Node                                                                                                                                                                          ; Launch Clock ; Latch Clock ; Relationship ; Clock Skew ; Data Delay ;
+--------+-----------------------------------------------------------------------------------------------------------------------------------------------+----------------------------------------------------------------------------------------------------------------------------------------------------------------------------------+--------------+-------------+--------------+------------+------------+
; -1.044 ; axis_controller:axis_controller|Tilt_board:tilt_y|moving_avg:moving_avg|altshift_taps:shift_reg_mem_rtl_0|shift_taps_r9n:auto_generated|dffe4 ; axis_controller:axis_controller|Tilt_board:tilt_y|moving_avg:moving_avg|altshift_taps:shift_reg_mem_rtl_0|shift_taps_r9n:auto_generated|altsyncram_66b1:altsyncram2|ram_block5a0 ; CLOCK_50     ; CLOCK_50    ; 1.000        ; 0.216      ; 2.191      ;
; -1.044 ; axis_controller:axis_controller|Tilt_board:tilt_y|moving_avg:moving_avg|altshift_taps:shift_reg_mem_rtl_0|shift_taps_r9n:auto_generated|dffe4 ; axis_controller:axis_controller|Tilt_board:tilt_y|moving_avg:moving_avg|altshift_taps:shift_reg_mem_rtl_0|shift_taps_r9n:auto_generated|altsyncram_66b1:altsyncram2|ram_block5a1 ; CLOCK_50     ; CLOCK_50    ; 1.000        ; 0.216      ; 2.191      ;
; -1.044 ; axis_controller:axis_controller|Tilt_board:tilt_y|moving_avg:moving_avg|altshift_taps:shift_reg_mem_rtl_0|shift_taps_r9n:auto_generated|dffe4 ; axis_controller:axis_controller|Tilt_board:tilt_y|moving_avg:moving_avg|altshift_taps:shift_reg_mem_rtl_0|shift_taps_r9n:auto_generated|altsyncram_66b1:altsyncram2|ram_block5a2 ; CLOCK_50     ; CLOCK_50    ; 1.000        ; 0.216      ; 2.191      ;
; -1.044 ; axis_controller:axis_controller|Tilt_board:tilt_y|moving_avg:moving_avg|altshift_taps:shift_reg_mem_rtl_0|shift_taps_r9n:auto_generated|dffe4 ; axis_controller:axis_controller|Tilt_board:tilt_y|moving_avg:moving_avg|altshift_taps:shift_reg_mem_rtl_0|shift_taps_r9n:auto_generated|altsyncram_66b1:altsyncram2|ram_block5a3 ; CLOCK_50     ; CLOCK_50    ; 1.000        ; 0.216      ; 2.191      ;
; -1.044 ; axis_controller:axis_controller|Tilt_board:tilt_y|moving_avg:moving_avg|altshift_taps:shift_reg_mem_rtl_0|shift_taps_r9n:auto_generated|dffe4 ; axis_controller:axis_controller|Tilt_board:tilt_y|moving_avg:moving_avg|altshift_taps:shift_reg_mem_rtl_0|shift_taps_r9n:auto_generated|altsyncram_66b1:altsyncram2|ram_block5a4 ; CLOCK_50     ; CLOCK_50    ; 1.000        ; 0.216      ; 2.191      ;
; -1.044 ; axis_controller:axis_controller|Tilt_board:tilt_y|moving_avg:moving_avg|altshift_taps:shift_reg_mem_rtl_0|shift_taps_r9n:auto_generated|dffe4 ; axis_controller:axis_controller|Tilt_board:tilt_y|moving_avg:moving_avg|altshift_taps:shift_reg_mem_rtl_0|shift_taps_r9n:auto_generated|altsyncram_66b1:altsyncram2|ram_block5a5 ; CLOCK_50     ; CLOCK_50    ; 1.000        ; 0.216      ; 2.191      ;
; -1.044 ; axis_controller:axis_controller|Tilt_board:tilt_y|moving_avg:moving_avg|altshift_taps:shift_reg_mem_rtl_0|shift_taps_r9n:auto_generated|dffe4 ; axis_controller:axis_controller|Tilt_board:tilt_y|moving_avg:moving_avg|altshift_taps:shift_reg_mem_rtl_0|shift_taps_r9n:auto_generated|altsyncram_66b1:altsyncram2|ram_block5a6 ; CLOCK_50     ; CLOCK_50    ; 1.000        ; 0.216      ; 2.191      ;
; -1.044 ; axis_controller:axis_controller|Tilt_board:tilt_y|moving_avg:moving_avg|altshift_taps:shift_reg_mem_rtl_0|shift_taps_r9n:auto_generated|dffe4 ; axis_controller:axis_controller|Tilt_board:tilt_y|moving_avg:moving_avg|altshift_taps:shift_reg_mem_rtl_0|shift_taps_r9n:auto_generated|altsyncram_66b1:altsyncram2|ram_block5a7 ; CLOCK_50     ; CLOCK_50    ; 1.000        ; 0.216      ; 2.191      ;
; -0.887 ; axis_controller:axis_controller|cmd_proc:cmd_proc|periodical_strb_gen:strb_gen|sync_rst                                                       ; axis_controller:axis_controller|cmd_proc:cmd_proc|periodical_strb_gen:strb_gen|strobe_generator:strb_gen|cycles_until_strobe[22]                                                 ; CLOCK_50     ; CLOCK_50    ; 1.000        ; -0.481     ; 1.405      ;
; -0.887 ; axis_controller:axis_controller|cmd_proc:cmd_proc|periodical_strb_gen:strb_gen|sync_rst                                                       ; axis_controller:axis_controller|cmd_proc:cmd_proc|periodical_strb_gen:strb_gen|strobe_generator:strb_gen|cycles_until_strobe[23]                                                 ; CLOCK_50     ; CLOCK_50    ; 1.000        ; -0.481     ; 1.405      ;
; -0.887 ; axis_controller:axis_controller|cmd_proc:cmd_proc|periodical_strb_gen:strb_gen|sync_rst                                                       ; axis_controller:axis_controller|cmd_proc:cmd_proc|periodical_strb_gen:strb_gen|strobe_generator:strb_gen|cycles_until_strobe[24]                                                 ; CLOCK_50     ; CLOCK_50    ; 1.000        ; -0.481     ; 1.405      ;
; -0.887 ; axis_controller:axis_controller|cmd_proc:cmd_proc|periodical_strb_gen:strb_gen|sync_rst                                                       ; axis_controller:axis_controller|cmd_proc:cmd_proc|periodical_strb_gen:strb_gen|strobe_generator:strb_gen|cycles_until_strobe[25]                                                 ; CLOCK_50     ; CLOCK_50    ; 1.000        ; -0.481     ; 1.405      ;
; -0.887 ; axis_controller:axis_controller|cmd_proc:cmd_proc|periodical_strb_gen:strb_gen|sync_rst                                                       ; axis_controller:axis_controller|cmd_proc:cmd_proc|periodical_strb_gen:strb_gen|strobe_generator:strb_gen|cycles_until_strobe[26]                                                 ; CLOCK_50     ; CLOCK_50    ; 1.000        ; -0.481     ; 1.405      ;
; -0.887 ; axis_controller:axis_controller|cmd_proc:cmd_proc|periodical_strb_gen:strb_gen|sync_rst                                                       ; axis_controller:axis_controller|cmd_proc:cmd_proc|periodical_strb_gen:strb_gen|strobe_generator:strb_gen|cycles_until_strobe[19]                                                 ; CLOCK_50     ; CLOCK_50    ; 1.000        ; -0.481     ; 1.405      ;
; -0.887 ; axis_controller:axis_controller|cmd_proc:cmd_proc|periodical_strb_gen:strb_gen|sync_rst                                                       ; axis_controller:axis_controller|cmd_proc:cmd_proc|periodical_strb_gen:strb_gen|strobe_generator:strb_gen|cycles_until_strobe[18]                                                 ; CLOCK_50     ; CLOCK_50    ; 1.000        ; -0.481     ; 1.405      ;
; -0.887 ; axis_controller:axis_controller|cmd_proc:cmd_proc|periodical_strb_gen:strb_gen|sync_rst                                                       ; axis_controller:axis_controller|cmd_proc:cmd_proc|periodical_strb_gen:strb_gen|strobe_generator:strb_gen|cycles_until_strobe[17]                                                 ; CLOCK_50     ; CLOCK_50    ; 1.000        ; -0.481     ; 1.405      ;
; -0.887 ; axis_controller:axis_controller|cmd_proc:cmd_proc|periodical_strb_gen:strb_gen|sync_rst                                                       ; axis_controller:axis_controller|cmd_proc:cmd_proc|periodical_strb_gen:strb_gen|strobe_generator:strb_gen|cycles_until_strobe[16]                                                 ; CLOCK_50     ; CLOCK_50    ; 1.000        ; -0.481     ; 1.405      ;
; -0.858 ; axis_controller:axis_controller|cmd_proc:cmd_proc|periodical_strb_gen:strb_gen|sync_rst                                                       ; axis_controller:axis_controller|cmd_proc:cmd_proc|periodical_strb_gen:strb_gen|strobe_generator:strb_gen|cycles_until_strobe[0]                                                  ; CLOCK_50     ; CLOCK_50    ; 1.000        ; -0.096     ; 1.761      ;
; -0.856 ; axis_controller:axis_controller|cmd_proc:cmd_proc|periodical_strb_gen:strb_gen|sync_rst                                                       ; axis_controller:axis_controller|cmd_proc:cmd_proc|periodical_strb_gen:strb_gen|strobe_generator:strb_gen|strb_val                                                                ; CLOCK_50     ; CLOCK_50    ; 1.000        ; -0.097     ; 1.758      ;
; -0.856 ; axis_controller:axis_controller|cmd_proc:cmd_proc|periodical_strb_gen:strb_gen|sync_rst                                                       ; axis_controller:axis_controller|cmd_proc:cmd_proc|periodical_strb_gen:strb_gen|strobe_generator:strb_gen|cycles_until_strobe[7]                                                  ; CLOCK_50     ; CLOCK_50    ; 1.000        ; -0.097     ; 1.758      ;
; -0.856 ; axis_controller:axis_controller|cmd_proc:cmd_proc|periodical_strb_gen:strb_gen|sync_rst                                                       ; axis_controller:axis_controller|cmd_proc:cmd_proc|periodical_strb_gen:strb_gen|strobe_generator:strb_gen|cycles_until_strobe[8]                                                  ; CLOCK_50     ; CLOCK_50    ; 1.000        ; -0.097     ; 1.758      ;
; -0.856 ; axis_controller:axis_controller|cmd_proc:cmd_proc|periodical_strb_gen:strb_gen|sync_rst                                                       ; axis_controller:axis_controller|cmd_proc:cmd_proc|periodical_strb_gen:strb_gen|strobe_generator:strb_gen|cycles_until_strobe[10]                                                 ; CLOCK_50     ; CLOCK_50    ; 1.000        ; -0.097     ; 1.758      ;
; -0.856 ; axis_controller:axis_controller|cmd_proc:cmd_proc|periodical_strb_gen:strb_gen|sync_rst                                                       ; axis_controller:axis_controller|cmd_proc:cmd_proc|periodical_strb_gen:strb_gen|strobe_generator:strb_gen|cycles_until_strobe[11]                                                 ; CLOCK_50     ; CLOCK_50    ; 1.000        ; -0.097     ; 1.758      ;
; -0.856 ; axis_controller:axis_controller|cmd_proc:cmd_proc|periodical_strb_gen:strb_gen|sync_rst                                                       ; axis_controller:axis_controller|cmd_proc:cmd_proc|periodical_strb_gen:strb_gen|strobe_generator:strb_gen|cycles_until_strobe[12]                                                 ; CLOCK_50     ; CLOCK_50    ; 1.000        ; -0.097     ; 1.758      ;
; -0.856 ; axis_controller:axis_controller|cmd_proc:cmd_proc|periodical_strb_gen:strb_gen|sync_rst                                                       ; axis_controller:axis_controller|cmd_proc:cmd_proc|periodical_strb_gen:strb_gen|strobe_generator:strb_gen|cycles_until_strobe[13]                                                 ; CLOCK_50     ; CLOCK_50    ; 1.000        ; -0.097     ; 1.758      ;
; -0.856 ; axis_controller:axis_controller|cmd_proc:cmd_proc|periodical_strb_gen:strb_gen|sync_rst                                                       ; axis_controller:axis_controller|cmd_proc:cmd_proc|periodical_strb_gen:strb_gen|strobe_generator:strb_gen|cycles_until_strobe[14]                                                 ; CLOCK_50     ; CLOCK_50    ; 1.000        ; -0.097     ; 1.758      ;
; -0.856 ; axis_controller:axis_controller|cmd_proc:cmd_proc|periodical_strb_gen:strb_gen|sync_rst                                                       ; axis_controller:axis_controller|cmd_proc:cmd_proc|periodical_strb_gen:strb_gen|strobe_generator:strb_gen|cycles_until_strobe[9]                                                  ; CLOCK_50     ; CLOCK_50    ; 1.000        ; -0.097     ; 1.758      ;
; -0.856 ; axis_controller:axis_controller|cmd_proc:cmd_proc|periodical_strb_gen:strb_gen|sync_rst                                                       ; axis_controller:axis_controller|cmd_proc:cmd_proc|periodical_strb_gen:strb_gen|strobe_generator:strb_gen|cycles_until_strobe[5]                                                  ; CLOCK_50     ; CLOCK_50    ; 1.000        ; -0.097     ; 1.758      ;
; -0.856 ; axis_controller:axis_controller|cmd_proc:cmd_proc|periodical_strb_gen:strb_gen|sync_rst                                                       ; axis_controller:axis_controller|cmd_proc:cmd_proc|periodical_strb_gen:strb_gen|strobe_generator:strb_gen|cycles_until_strobe[4]                                                  ; CLOCK_50     ; CLOCK_50    ; 1.000        ; -0.097     ; 1.758      ;
; -0.856 ; axis_controller:axis_controller|cmd_proc:cmd_proc|periodical_strb_gen:strb_gen|sync_rst                                                       ; axis_controller:axis_controller|cmd_proc:cmd_proc|periodical_strb_gen:strb_gen|strobe_generator:strb_gen|cycles_until_strobe[3]                                                  ; CLOCK_50     ; CLOCK_50    ; 1.000        ; -0.097     ; 1.758      ;
; -0.856 ; axis_controller:axis_controller|cmd_proc:cmd_proc|periodical_strb_gen:strb_gen|sync_rst                                                       ; axis_controller:axis_controller|cmd_proc:cmd_proc|periodical_strb_gen:strb_gen|strobe_generator:strb_gen|cycles_until_strobe[2]                                                  ; CLOCK_50     ; CLOCK_50    ; 1.000        ; -0.097     ; 1.758      ;
; -0.856 ; axis_controller:axis_controller|cmd_proc:cmd_proc|periodical_strb_gen:strb_gen|sync_rst                                                       ; axis_controller:axis_controller|cmd_proc:cmd_proc|periodical_strb_gen:strb_gen|strobe_generator:strb_gen|cycles_until_strobe[1]                                                  ; CLOCK_50     ; CLOCK_50    ; 1.000        ; -0.097     ; 1.758      ;
; -0.833 ; axis_controller:axis_controller|cmd_proc:cmd_proc|periodical_strb_gen:strb_gen|sync_rst                                                       ; axis_controller:axis_controller|cmd_proc:cmd_proc|periodical_strb_gen:strb_gen|strobe_generator:strb_gen|cycles_until_strobe[6]                                                  ; CLOCK_50     ; CLOCK_50    ; 1.000        ; -0.099     ; 1.733      ;
; -0.753 ; axis_controller:axis_controller|cmd_proc:cmd_proc|periodical_strb_gen:strb_gen|sync_rst                                                       ; axis_controller:axis_controller|cmd_proc:cmd_proc|periodical_strb_gen:strb_gen|strobe_generator:strb_gen|strb_o                                                                  ; CLOCK_50     ; CLOCK_50    ; 1.000        ; -0.098     ; 1.654      ;
; -0.753 ; axis_controller:axis_controller|cmd_proc:cmd_proc|periodical_strb_gen:strb_gen|sync_rst                                                       ; axis_controller:axis_controller|cmd_proc:cmd_proc|periodical_strb_gen:strb_gen|strobe_generator:strb_gen|cycles_until_strobe[30]                                                 ; CLOCK_50     ; CLOCK_50    ; 1.000        ; -0.098     ; 1.654      ;
; -0.753 ; axis_controller:axis_controller|cmd_proc:cmd_proc|periodical_strb_gen:strb_gen|sync_rst                                                       ; axis_controller:axis_controller|cmd_proc:cmd_proc|periodical_strb_gen:strb_gen|strobe_generator:strb_gen|cycles_until_strobe[15]                                                 ; CLOCK_50     ; CLOCK_50    ; 1.000        ; -0.098     ; 1.654      ;
; -0.753 ; axis_controller:axis_controller|cmd_proc:cmd_proc|periodical_strb_gen:strb_gen|sync_rst                                                       ; axis_controller:axis_controller|cmd_proc:cmd_proc|periodical_strb_gen:strb_gen|strobe_generator:strb_gen|cycles_until_strobe[20]                                                 ; CLOCK_50     ; CLOCK_50    ; 1.000        ; -0.098     ; 1.654      ;
; -0.753 ; axis_controller:axis_controller|cmd_proc:cmd_proc|periodical_strb_gen:strb_gen|sync_rst                                                       ; axis_controller:axis_controller|cmd_proc:cmd_proc|periodical_strb_gen:strb_gen|strobe_generator:strb_gen|cycles_until_strobe[21]                                                 ; CLOCK_50     ; CLOCK_50    ; 1.000        ; -0.098     ; 1.654      ;
; -0.753 ; axis_controller:axis_controller|cmd_proc:cmd_proc|periodical_strb_gen:strb_gen|sync_rst                                                       ; axis_controller:axis_controller|cmd_proc:cmd_proc|periodical_strb_gen:strb_gen|strobe_generator:strb_gen|cycles_until_strobe[27]                                                 ; CLOCK_50     ; CLOCK_50    ; 1.000        ; -0.098     ; 1.654      ;
; -0.753 ; axis_controller:axis_controller|cmd_proc:cmd_proc|periodical_strb_gen:strb_gen|sync_rst                                                       ; axis_controller:axis_controller|cmd_proc:cmd_proc|periodical_strb_gen:strb_gen|strobe_generator:strb_gen|cycles_until_strobe[28]                                                 ; CLOCK_50     ; CLOCK_50    ; 1.000        ; -0.098     ; 1.654      ;
; -0.753 ; axis_controller:axis_controller|cmd_proc:cmd_proc|periodical_strb_gen:strb_gen|sync_rst                                                       ; axis_controller:axis_controller|cmd_proc:cmd_proc|periodical_strb_gen:strb_gen|strobe_generator:strb_gen|cycles_until_strobe[29]                                                 ; CLOCK_50     ; CLOCK_50    ; 1.000        ; -0.098     ; 1.654      ;
; -0.706 ; axis_controller:axis_controller|Tilt_board:tilt_x|moving_avg:moving_avg|altshift_taps:shift_reg_mem_rtl_0|shift_taps_r9n:auto_generated|dffe4 ; axis_controller:axis_controller|Tilt_board:tilt_x|moving_avg:moving_avg|altshift_taps:shift_reg_mem_rtl_0|shift_taps_r9n:auto_generated|altsyncram_66b1:altsyncram2|ram_block5a0 ; CLOCK_50     ; CLOCK_50    ; 1.000        ; 0.213      ; 1.850      ;
; -0.706 ; axis_controller:axis_controller|Tilt_board:tilt_x|moving_avg:moving_avg|altshift_taps:shift_reg_mem_rtl_0|shift_taps_r9n:auto_generated|dffe4 ; axis_controller:axis_controller|Tilt_board:tilt_x|moving_avg:moving_avg|altshift_taps:shift_reg_mem_rtl_0|shift_taps_r9n:auto_generated|altsyncram_66b1:altsyncram2|ram_block5a1 ; CLOCK_50     ; CLOCK_50    ; 1.000        ; 0.213      ; 1.850      ;
; -0.706 ; axis_controller:axis_controller|Tilt_board:tilt_x|moving_avg:moving_avg|altshift_taps:shift_reg_mem_rtl_0|shift_taps_r9n:auto_generated|dffe4 ; axis_controller:axis_controller|Tilt_board:tilt_x|moving_avg:moving_avg|altshift_taps:shift_reg_mem_rtl_0|shift_taps_r9n:auto_generated|altsyncram_66b1:altsyncram2|ram_block5a2 ; CLOCK_50     ; CLOCK_50    ; 1.000        ; 0.213      ; 1.850      ;
; -0.706 ; axis_controller:axis_controller|Tilt_board:tilt_x|moving_avg:moving_avg|altshift_taps:shift_reg_mem_rtl_0|shift_taps_r9n:auto_generated|dffe4 ; axis_controller:axis_controller|Tilt_board:tilt_x|moving_avg:moving_avg|altshift_taps:shift_reg_mem_rtl_0|shift_taps_r9n:auto_generated|altsyncram_66b1:altsyncram2|ram_block5a3 ; CLOCK_50     ; CLOCK_50    ; 1.000        ; 0.213      ; 1.850      ;
; -0.706 ; axis_controller:axis_controller|Tilt_board:tilt_x|moving_avg:moving_avg|altshift_taps:shift_reg_mem_rtl_0|shift_taps_r9n:auto_generated|dffe4 ; axis_controller:axis_controller|Tilt_board:tilt_x|moving_avg:moving_avg|altshift_taps:shift_reg_mem_rtl_0|shift_taps_r9n:auto_generated|altsyncram_66b1:altsyncram2|ram_block5a4 ; CLOCK_50     ; CLOCK_50    ; 1.000        ; 0.213      ; 1.850      ;
; -0.706 ; axis_controller:axis_controller|Tilt_board:tilt_x|moving_avg:moving_avg|altshift_taps:shift_reg_mem_rtl_0|shift_taps_r9n:auto_generated|dffe4 ; axis_controller:axis_controller|Tilt_board:tilt_x|moving_avg:moving_avg|altshift_taps:shift_reg_mem_rtl_0|shift_taps_r9n:auto_generated|altsyncram_66b1:altsyncram2|ram_block5a5 ; CLOCK_50     ; CLOCK_50    ; 1.000        ; 0.213      ; 1.850      ;
; -0.706 ; axis_controller:axis_controller|Tilt_board:tilt_x|moving_avg:moving_avg|altshift_taps:shift_reg_mem_rtl_0|shift_taps_r9n:auto_generated|dffe4 ; axis_controller:axis_controller|Tilt_board:tilt_x|moving_avg:moving_avg|altshift_taps:shift_reg_mem_rtl_0|shift_taps_r9n:auto_generated|altsyncram_66b1:altsyncram2|ram_block5a6 ; CLOCK_50     ; CLOCK_50    ; 1.000        ; 0.213      ; 1.850      ;
; -0.706 ; axis_controller:axis_controller|Tilt_board:tilt_x|moving_avg:moving_avg|altshift_taps:shift_reg_mem_rtl_0|shift_taps_r9n:auto_generated|dffe4 ; axis_controller:axis_controller|Tilt_board:tilt_x|moving_avg:moving_avg|altshift_taps:shift_reg_mem_rtl_0|shift_taps_r9n:auto_generated|altsyncram_66b1:altsyncram2|ram_block5a7 ; CLOCK_50     ; CLOCK_50    ; 1.000        ; 0.213      ; 1.850      ;
; -0.654 ; axis_controller:axis_controller|cmd_proc:cmd_proc|fsm_state.IDLE                                                                              ; axis_controller:axis_controller|cmd_proc:cmd_proc|periodical_strb_gen:strb_gen|sync_rst                                                                                          ; CLOCK_50     ; CLOCK_50    ; 1.000        ; 0.300      ; 1.953      ;
; -0.606 ; axis_controller:axis_controller|cmd_proc:cmd_proc|fsm_state.WAIT_COMPLETE                                                                     ; axis_controller:axis_controller|cmd_proc:cmd_proc|periodical_strb_gen:strb_gen|sync_rst                                                                                          ; CLOCK_50     ; CLOCK_50    ; 1.000        ; 0.302      ; 1.907      ;
; -0.526 ; axis_controller:axis_controller|btnCtrl:btnCtrl|debouncer:dbnc_switchTen|periodical_strb_gen:strb_gen|sync_rst                                ; axis_controller:axis_controller|btnCtrl:btnCtrl|debouncer:dbnc_switchTen|periodical_strb_gen:strb_gen|strobe_generator:strb_gen|strb_o                                           ; CLOCK_50     ; CLOCK_50    ; 1.000        ; -0.082     ; 1.443      ;
; -0.521 ; axis_controller:axis_controller|btnCtrl:btnCtrl|debouncer:dbnc_increment|periodical_strb_gen:strb_gen|sync_rst                                ; axis_controller:axis_controller|btnCtrl:btnCtrl|debouncer:dbnc_increment|periodical_strb_gen:strb_gen|strobe_generator:strb_gen|strb_o                                           ; CLOCK_50     ; CLOCK_50    ; 1.000        ; -0.080     ; 1.440      ;
; -0.351 ; axis_controller:axis_controller|btnCtrl:btnCtrl|debouncer:dbnc_decrement|periodical_strb_gen:strb_gen|sync_rst                                ; axis_controller:axis_controller|btnCtrl:btnCtrl|debouncer:dbnc_decrement|periodical_strb_gen:strb_gen|strobe_generator:strb_gen|cycles_until_strobe[20]                          ; CLOCK_50     ; CLOCK_50    ; 1.000        ; 0.300      ; 1.650      ;
; -0.351 ; axis_controller:axis_controller|btnCtrl:btnCtrl|debouncer:dbnc_decrement|periodical_strb_gen:strb_gen|sync_rst                                ; axis_controller:axis_controller|btnCtrl:btnCtrl|debouncer:dbnc_decrement|periodical_strb_gen:strb_gen|strobe_generator:strb_gen|cycles_until_strobe[21]                          ; CLOCK_50     ; CLOCK_50    ; 1.000        ; 0.300      ; 1.650      ;
; -0.351 ; axis_controller:axis_controller|btnCtrl:btnCtrl|debouncer:dbnc_decrement|periodical_strb_gen:strb_gen|sync_rst                                ; axis_controller:axis_controller|btnCtrl:btnCtrl|debouncer:dbnc_decrement|periodical_strb_gen:strb_gen|strobe_generator:strb_gen|cycles_until_strobe[22]                          ; CLOCK_50     ; CLOCK_50    ; 1.000        ; 0.300      ; 1.650      ;
; -0.351 ; axis_controller:axis_controller|btnCtrl:btnCtrl|debouncer:dbnc_decrement|periodical_strb_gen:strb_gen|sync_rst                                ; axis_controller:axis_controller|btnCtrl:btnCtrl|debouncer:dbnc_decrement|periodical_strb_gen:strb_gen|strobe_generator:strb_gen|cycles_until_strobe[23]                          ; CLOCK_50     ; CLOCK_50    ; 1.000        ; 0.300      ; 1.650      ;
; -0.351 ; axis_controller:axis_controller|btnCtrl:btnCtrl|debouncer:dbnc_decrement|periodical_strb_gen:strb_gen|sync_rst                                ; axis_controller:axis_controller|btnCtrl:btnCtrl|debouncer:dbnc_decrement|periodical_strb_gen:strb_gen|strobe_generator:strb_gen|cycles_until_strobe[24]                          ; CLOCK_50     ; CLOCK_50    ; 1.000        ; 0.300      ; 1.650      ;
; -0.351 ; axis_controller:axis_controller|btnCtrl:btnCtrl|debouncer:dbnc_decrement|periodical_strb_gen:strb_gen|sync_rst                                ; axis_controller:axis_controller|btnCtrl:btnCtrl|debouncer:dbnc_decrement|periodical_strb_gen:strb_gen|strobe_generator:strb_gen|cycles_until_strobe[25]                          ; CLOCK_50     ; CLOCK_50    ; 1.000        ; 0.300      ; 1.650      ;
; -0.351 ; axis_controller:axis_controller|btnCtrl:btnCtrl|debouncer:dbnc_decrement|periodical_strb_gen:strb_gen|sync_rst                                ; axis_controller:axis_controller|btnCtrl:btnCtrl|debouncer:dbnc_decrement|periodical_strb_gen:strb_gen|strobe_generator:strb_gen|cycles_until_strobe[26]                          ; CLOCK_50     ; CLOCK_50    ; 1.000        ; 0.300      ; 1.650      ;
; -0.351 ; axis_controller:axis_controller|btnCtrl:btnCtrl|debouncer:dbnc_decrement|periodical_strb_gen:strb_gen|sync_rst                                ; axis_controller:axis_controller|btnCtrl:btnCtrl|debouncer:dbnc_decrement|periodical_strb_gen:strb_gen|strobe_generator:strb_gen|cycles_until_strobe[27]                          ; CLOCK_50     ; CLOCK_50    ; 1.000        ; 0.300      ; 1.650      ;
; -0.351 ; axis_controller:axis_controller|btnCtrl:btnCtrl|debouncer:dbnc_decrement|periodical_strb_gen:strb_gen|sync_rst                                ; axis_controller:axis_controller|btnCtrl:btnCtrl|debouncer:dbnc_decrement|periodical_strb_gen:strb_gen|strobe_generator:strb_gen|cycles_until_strobe[28]                          ; CLOCK_50     ; CLOCK_50    ; 1.000        ; 0.300      ; 1.650      ;
; -0.351 ; axis_controller:axis_controller|btnCtrl:btnCtrl|debouncer:dbnc_decrement|periodical_strb_gen:strb_gen|sync_rst                                ; axis_controller:axis_controller|btnCtrl:btnCtrl|debouncer:dbnc_decrement|periodical_strb_gen:strb_gen|strobe_generator:strb_gen|cycles_until_strobe[29]                          ; CLOCK_50     ; CLOCK_50    ; 1.000        ; 0.300      ; 1.650      ;
; -0.351 ; axis_controller:axis_controller|btnCtrl:btnCtrl|debouncer:dbnc_decrement|periodical_strb_gen:strb_gen|sync_rst                                ; axis_controller:axis_controller|btnCtrl:btnCtrl|debouncer:dbnc_decrement|periodical_strb_gen:strb_gen|strobe_generator:strb_gen|cycles_until_strobe[30]                          ; CLOCK_50     ; CLOCK_50    ; 1.000        ; 0.300      ; 1.650      ;
; -0.351 ; axis_controller:axis_controller|btnCtrl:btnCtrl|debouncer:dbnc_decrement|periodical_strb_gen:strb_gen|sync_rst                                ; axis_controller:axis_controller|btnCtrl:btnCtrl|debouncer:dbnc_decrement|periodical_strb_gen:strb_gen|strobe_generator:strb_gen|cycles_until_strobe[15]                          ; CLOCK_50     ; CLOCK_50    ; 1.000        ; 0.300      ; 1.650      ;
; -0.180 ; axis_controller:axis_controller|btnCtrl:btnCtrl|debouncer:dbnc_decrement|periodical_strb_gen:strb_gen|sync_rst                                ; axis_controller:axis_controller|btnCtrl:btnCtrl|debouncer:dbnc_decrement|periodical_strb_gen:strb_gen|strobe_generator:strb_gen|strb_val                                         ; CLOCK_50     ; CLOCK_50    ; 1.000        ; 0.300      ; 1.479      ;
; -0.180 ; axis_controller:axis_controller|btnCtrl:btnCtrl|debouncer:dbnc_decrement|periodical_strb_gen:strb_gen|sync_rst                                ; axis_controller:axis_controller|btnCtrl:btnCtrl|debouncer:dbnc_decrement|periodical_strb_gen:strb_gen|strobe_generator:strb_gen|strb_o                                           ; CLOCK_50     ; CLOCK_50    ; 1.000        ; 0.300      ; 1.479      ;
; -0.180 ; axis_controller:axis_controller|btnCtrl:btnCtrl|debouncer:dbnc_decrement|periodical_strb_gen:strb_gen|sync_rst                                ; axis_controller:axis_controller|btnCtrl:btnCtrl|debouncer:dbnc_decrement|periodical_strb_gen:strb_gen|strobe_generator:strb_gen|cycles_until_strobe[13]                          ; CLOCK_50     ; CLOCK_50    ; 1.000        ; 0.300      ; 1.479      ;
; -0.180 ; axis_controller:axis_controller|btnCtrl:btnCtrl|debouncer:dbnc_decrement|periodical_strb_gen:strb_gen|sync_rst                                ; axis_controller:axis_controller|btnCtrl:btnCtrl|debouncer:dbnc_decrement|periodical_strb_gen:strb_gen|strobe_generator:strb_gen|cycles_until_strobe[4]                           ; CLOCK_50     ; CLOCK_50    ; 1.000        ; 0.300      ; 1.479      ;
; -0.180 ; axis_controller:axis_controller|btnCtrl:btnCtrl|debouncer:dbnc_decrement|periodical_strb_gen:strb_gen|sync_rst                                ; axis_controller:axis_controller|btnCtrl:btnCtrl|debouncer:dbnc_decrement|periodical_strb_gen:strb_gen|strobe_generator:strb_gen|cycles_until_strobe[1]                           ; CLOCK_50     ; CLOCK_50    ; 1.000        ; 0.300      ; 1.479      ;
; -0.180 ; axis_controller:axis_controller|btnCtrl:btnCtrl|debouncer:dbnc_decrement|periodical_strb_gen:strb_gen|sync_rst                                ; axis_controller:axis_controller|btnCtrl:btnCtrl|debouncer:dbnc_decrement|periodical_strb_gen:strb_gen|strobe_generator:strb_gen|cycles_until_strobe[0]                           ; CLOCK_50     ; CLOCK_50    ; 1.000        ; 0.300      ; 1.479      ;
; -0.166 ; axis_controller:axis_controller|btnCtrl:btnCtrl|debouncer:dbnc_increment|periodical_strb_gen:strb_gen|sync_rst                                ; axis_controller:axis_controller|btnCtrl:btnCtrl|debouncer:dbnc_increment|periodical_strb_gen:strb_gen|strobe_generator:strb_gen|cycles_until_strobe[23]                          ; CLOCK_50     ; CLOCK_50    ; 1.000        ; 0.299      ; 1.464      ;
; -0.166 ; axis_controller:axis_controller|btnCtrl:btnCtrl|debouncer:dbnc_increment|periodical_strb_gen:strb_gen|sync_rst                                ; axis_controller:axis_controller|btnCtrl:btnCtrl|debouncer:dbnc_increment|periodical_strb_gen:strb_gen|strobe_generator:strb_gen|cycles_until_strobe[24]                          ; CLOCK_50     ; CLOCK_50    ; 1.000        ; 0.299      ; 1.464      ;
; -0.166 ; axis_controller:axis_controller|btnCtrl:btnCtrl|debouncer:dbnc_increment|periodical_strb_gen:strb_gen|sync_rst                                ; axis_controller:axis_controller|btnCtrl:btnCtrl|debouncer:dbnc_increment|periodical_strb_gen:strb_gen|strobe_generator:strb_gen|cycles_until_strobe[25]                          ; CLOCK_50     ; CLOCK_50    ; 1.000        ; 0.299      ; 1.464      ;
; -0.166 ; axis_controller:axis_controller|btnCtrl:btnCtrl|debouncer:dbnc_increment|periodical_strb_gen:strb_gen|sync_rst                                ; axis_controller:axis_controller|btnCtrl:btnCtrl|debouncer:dbnc_increment|periodical_strb_gen:strb_gen|strobe_generator:strb_gen|cycles_until_strobe[26]                          ; CLOCK_50     ; CLOCK_50    ; 1.000        ; 0.299      ; 1.464      ;
; -0.166 ; axis_controller:axis_controller|btnCtrl:btnCtrl|debouncer:dbnc_increment|periodical_strb_gen:strb_gen|sync_rst                                ; axis_controller:axis_controller|btnCtrl:btnCtrl|debouncer:dbnc_increment|periodical_strb_gen:strb_gen|strobe_generator:strb_gen|cycles_until_strobe[27]                          ; CLOCK_50     ; CLOCK_50    ; 1.000        ; 0.299      ; 1.464      ;
; -0.166 ; axis_controller:axis_controller|btnCtrl:btnCtrl|debouncer:dbnc_increment|periodical_strb_gen:strb_gen|sync_rst                                ; axis_controller:axis_controller|btnCtrl:btnCtrl|debouncer:dbnc_increment|periodical_strb_gen:strb_gen|strobe_generator:strb_gen|cycles_until_strobe[30]                          ; CLOCK_50     ; CLOCK_50    ; 1.000        ; 0.299      ; 1.464      ;
; -0.166 ; axis_controller:axis_controller|btnCtrl:btnCtrl|debouncer:dbnc_increment|periodical_strb_gen:strb_gen|sync_rst                                ; axis_controller:axis_controller|btnCtrl:btnCtrl|debouncer:dbnc_increment|periodical_strb_gen:strb_gen|strobe_generator:strb_gen|cycles_until_strobe[29]                          ; CLOCK_50     ; CLOCK_50    ; 1.000        ; 0.299      ; 1.464      ;
; -0.166 ; axis_controller:axis_controller|btnCtrl:btnCtrl|debouncer:dbnc_increment|periodical_strb_gen:strb_gen|sync_rst                                ; axis_controller:axis_controller|btnCtrl:btnCtrl|debouncer:dbnc_increment|periodical_strb_gen:strb_gen|strobe_generator:strb_gen|cycles_until_strobe[28]                          ; CLOCK_50     ; CLOCK_50    ; 1.000        ; 0.299      ; 1.464      ;
; -0.166 ; axis_controller:axis_controller|btnCtrl:btnCtrl|debouncer:dbnc_increment|periodical_strb_gen:strb_gen|sync_rst                                ; axis_controller:axis_controller|btnCtrl:btnCtrl|debouncer:dbnc_increment|periodical_strb_gen:strb_gen|strobe_generator:strb_gen|cycles_until_strobe[22]                          ; CLOCK_50     ; CLOCK_50    ; 1.000        ; 0.299      ; 1.464      ;
; -0.166 ; axis_controller:axis_controller|btnCtrl:btnCtrl|debouncer:dbnc_increment|periodical_strb_gen:strb_gen|sync_rst                                ; axis_controller:axis_controller|btnCtrl:btnCtrl|debouncer:dbnc_increment|periodical_strb_gen:strb_gen|strobe_generator:strb_gen|cycles_until_strobe[21]                          ; CLOCK_50     ; CLOCK_50    ; 1.000        ; 0.299      ; 1.464      ;
; -0.166 ; axis_controller:axis_controller|btnCtrl:btnCtrl|debouncer:dbnc_increment|periodical_strb_gen:strb_gen|sync_rst                                ; axis_controller:axis_controller|btnCtrl:btnCtrl|debouncer:dbnc_increment|periodical_strb_gen:strb_gen|strobe_generator:strb_gen|cycles_until_strobe[20]                          ; CLOCK_50     ; CLOCK_50    ; 1.000        ; 0.299      ; 1.464      ;
; -0.166 ; axis_controller:axis_controller|btnCtrl:btnCtrl|debouncer:dbnc_increment|periodical_strb_gen:strb_gen|sync_rst                                ; axis_controller:axis_controller|btnCtrl:btnCtrl|debouncer:dbnc_increment|periodical_strb_gen:strb_gen|strobe_generator:strb_gen|cycles_until_strobe[15]                          ; CLOCK_50     ; CLOCK_50    ; 1.000        ; 0.299      ; 1.464      ;
; -0.149 ; axis_controller:axis_controller|btnCtrl:btnCtrl|debouncer:dbnc_switchTen|periodical_strb_gen:strb_gen|sync_rst                                ; axis_controller:axis_controller|btnCtrl:btnCtrl|debouncer:dbnc_switchTen|periodical_strb_gen:strb_gen|strobe_generator:strb_gen|strb_val                                         ; CLOCK_50     ; CLOCK_50    ; 1.000        ; 0.295      ; 1.443      ;
; -0.149 ; axis_controller:axis_controller|btnCtrl:btnCtrl|debouncer:dbnc_switchTen|periodical_strb_gen:strb_gen|sync_rst                                ; axis_controller:axis_controller|btnCtrl:btnCtrl|debouncer:dbnc_switchTen|periodical_strb_gen:strb_gen|strobe_generator:strb_gen|cycles_until_strobe[19]                          ; CLOCK_50     ; CLOCK_50    ; 1.000        ; 0.295      ; 1.443      ;
; -0.149 ; axis_controller:axis_controller|btnCtrl:btnCtrl|debouncer:dbnc_switchTen|periodical_strb_gen:strb_gen|sync_rst                                ; axis_controller:axis_controller|btnCtrl:btnCtrl|debouncer:dbnc_switchTen|periodical_strb_gen:strb_gen|strobe_generator:strb_gen|cycles_until_strobe[1]                           ; CLOCK_50     ; CLOCK_50    ; 1.000        ; 0.295      ; 1.443      ;
; -0.149 ; axis_controller:axis_controller|btnCtrl:btnCtrl|debouncer:dbnc_switchTen|periodical_strb_gen:strb_gen|sync_rst                                ; axis_controller:axis_controller|btnCtrl:btnCtrl|debouncer:dbnc_switchTen|periodical_strb_gen:strb_gen|strobe_generator:strb_gen|cycles_until_strobe[0]                           ; CLOCK_50     ; CLOCK_50    ; 1.000        ; 0.295      ; 1.443      ;
; -0.143 ; axis_controller:axis_controller|btnCtrl:btnCtrl|debouncer:dbnc_increment|periodical_strb_gen:strb_gen|sync_rst                                ; axis_controller:axis_controller|btnCtrl:btnCtrl|debouncer:dbnc_increment|periodical_strb_gen:strb_gen|strobe_generator:strb_gen|strb_val                                         ; CLOCK_50     ; CLOCK_50    ; 1.000        ; 0.298      ; 1.440      ;
; -0.143 ; axis_controller:axis_controller|btnCtrl:btnCtrl|debouncer:dbnc_increment|periodical_strb_gen:strb_gen|sync_rst                                ; axis_controller:axis_controller|btnCtrl:btnCtrl|debouncer:dbnc_increment|periodical_strb_gen:strb_gen|strobe_generator:strb_gen|cycles_until_strobe[17]                          ; CLOCK_50     ; CLOCK_50    ; 1.000        ; 0.298      ; 1.440      ;
; -0.143 ; axis_controller:axis_controller|btnCtrl:btnCtrl|debouncer:dbnc_increment|periodical_strb_gen:strb_gen|sync_rst                                ; axis_controller:axis_controller|btnCtrl:btnCtrl|debouncer:dbnc_increment|periodical_strb_gen:strb_gen|strobe_generator:strb_gen|cycles_until_strobe[13]                          ; CLOCK_50     ; CLOCK_50    ; 1.000        ; 0.298      ; 1.440      ;
; -0.143 ; axis_controller:axis_controller|btnCtrl:btnCtrl|debouncer:dbnc_increment|periodical_strb_gen:strb_gen|sync_rst                                ; axis_controller:axis_controller|btnCtrl:btnCtrl|debouncer:dbnc_increment|periodical_strb_gen:strb_gen|strobe_generator:strb_gen|cycles_until_strobe[2]                           ; CLOCK_50     ; CLOCK_50    ; 1.000        ; 0.298      ; 1.440      ;
; -0.143 ; axis_controller:axis_controller|btnCtrl:btnCtrl|debouncer:dbnc_increment|periodical_strb_gen:strb_gen|sync_rst                                ; axis_controller:axis_controller|btnCtrl:btnCtrl|debouncer:dbnc_increment|periodical_strb_gen:strb_gen|strobe_generator:strb_gen|cycles_until_strobe[0]                           ; CLOCK_50     ; CLOCK_50    ; 1.000        ; 0.298      ; 1.440      ;
; -0.131 ; axis_controller:axis_controller|btnCtrl:btnCtrl|debouncer:dbnc_switchTen|periodical_strb_gen:strb_gen|sync_rst                                ; axis_controller:axis_controller|btnCtrl:btnCtrl|debouncer:dbnc_switchTen|periodical_strb_gen:strb_gen|strobe_generator:strb_gen|cycles_until_strobe[28]                          ; CLOCK_50     ; CLOCK_50    ; 1.000        ; 0.299      ; 1.429      ;
; -0.131 ; axis_controller:axis_controller|btnCtrl:btnCtrl|debouncer:dbnc_switchTen|periodical_strb_gen:strb_gen|sync_rst                                ; axis_controller:axis_controller|btnCtrl:btnCtrl|debouncer:dbnc_switchTen|periodical_strb_gen:strb_gen|strobe_generator:strb_gen|cycles_until_strobe[29]                          ; CLOCK_50     ; CLOCK_50    ; 1.000        ; 0.299      ; 1.429      ;
; -0.131 ; axis_controller:axis_controller|btnCtrl:btnCtrl|debouncer:dbnc_switchTen|periodical_strb_gen:strb_gen|sync_rst                                ; axis_controller:axis_controller|btnCtrl:btnCtrl|debouncer:dbnc_switchTen|periodical_strb_gen:strb_gen|strobe_generator:strb_gen|cycles_until_strobe[30]                          ; CLOCK_50     ; CLOCK_50    ; 1.000        ; 0.299      ; 1.429      ;
; -0.131 ; axis_controller:axis_controller|btnCtrl:btnCtrl|debouncer:dbnc_switchTen|periodical_strb_gen:strb_gen|sync_rst                                ; axis_controller:axis_controller|btnCtrl:btnCtrl|debouncer:dbnc_switchTen|periodical_strb_gen:strb_gen|strobe_generator:strb_gen|cycles_until_strobe[27]                          ; CLOCK_50     ; CLOCK_50    ; 1.000        ; 0.299      ; 1.429      ;
; -0.131 ; axis_controller:axis_controller|btnCtrl:btnCtrl|debouncer:dbnc_switchTen|periodical_strb_gen:strb_gen|sync_rst                                ; axis_controller:axis_controller|btnCtrl:btnCtrl|debouncer:dbnc_switchTen|periodical_strb_gen:strb_gen|strobe_generator:strb_gen|cycles_until_strobe[26]                          ; CLOCK_50     ; CLOCK_50    ; 1.000        ; 0.299      ; 1.429      ;
; -0.131 ; axis_controller:axis_controller|btnCtrl:btnCtrl|debouncer:dbnc_switchTen|periodical_strb_gen:strb_gen|sync_rst                                ; axis_controller:axis_controller|btnCtrl:btnCtrl|debouncer:dbnc_switchTen|periodical_strb_gen:strb_gen|strobe_generator:strb_gen|cycles_until_strobe[25]                          ; CLOCK_50     ; CLOCK_50    ; 1.000        ; 0.299      ; 1.429      ;
; -0.131 ; axis_controller:axis_controller|btnCtrl:btnCtrl|debouncer:dbnc_switchTen|periodical_strb_gen:strb_gen|sync_rst                                ; axis_controller:axis_controller|btnCtrl:btnCtrl|debouncer:dbnc_switchTen|periodical_strb_gen:strb_gen|strobe_generator:strb_gen|cycles_until_strobe[24]                          ; CLOCK_50     ; CLOCK_50    ; 1.000        ; 0.299      ; 1.429      ;
; -0.131 ; axis_controller:axis_controller|btnCtrl:btnCtrl|debouncer:dbnc_switchTen|periodical_strb_gen:strb_gen|sync_rst                                ; axis_controller:axis_controller|btnCtrl:btnCtrl|debouncer:dbnc_switchTen|periodical_strb_gen:strb_gen|strobe_generator:strb_gen|cycles_until_strobe[23]                          ; CLOCK_50     ; CLOCK_50    ; 1.000        ; 0.299      ; 1.429      ;
+--------+-----------------------------------------------------------------------------------------------------------------------------------------------+----------------------------------------------------------------------------------------------------------------------------------------------------------------------------------+--------------+-------------+--------------+------------+------------+


+--------------------------------------------------------------------------------------------------------------------------------------------------------------------------------------------------------------------------------------------------------------------------------------------------------------------------------------------------------+
; Slow 1200mV 0C Model Removal: 'CLOCK_50'                                                                                                                                                                                                                                                                                                               ;
+-------+----------------------------------------------------------------------------------------------------------------+---------------------------------------------------------------------------------------------------------------------------------------------------------+--------------+-------------+--------------+------------+------------+
; Slack ; From Node                                                                                                      ; To Node                                                                                                                                                 ; Launch Clock ; Latch Clock ; Relationship ; Clock Skew ; Data Delay ;
+-------+----------------------------------------------------------------------------------------------------------------+---------------------------------------------------------------------------------------------------------------------------------------------------------+--------------+-------------+--------------+------------+------------+
; 0.487 ; axis_controller:axis_controller|btnCtrl:btnCtrl|debouncer:dbnc_decrement|periodical_strb_gen:strb_gen|sync_rst ; axis_controller:axis_controller|btnCtrl:btnCtrl|debouncer:dbnc_decrement|periodical_strb_gen:strb_gen|strobe_generator:strb_gen|cycles_until_strobe[6]  ; CLOCK_50     ; CLOCK_50    ; 0.000        ; 0.504      ; 1.162      ;
; 0.487 ; axis_controller:axis_controller|btnCtrl:btnCtrl|debouncer:dbnc_decrement|periodical_strb_gen:strb_gen|sync_rst ; axis_controller:axis_controller|btnCtrl:btnCtrl|debouncer:dbnc_decrement|periodical_strb_gen:strb_gen|strobe_generator:strb_gen|cycles_until_strobe[12] ; CLOCK_50     ; CLOCK_50    ; 0.000        ; 0.504      ; 1.162      ;
; 0.487 ; axis_controller:axis_controller|btnCtrl:btnCtrl|debouncer:dbnc_decrement|periodical_strb_gen:strb_gen|sync_rst ; axis_controller:axis_controller|btnCtrl:btnCtrl|debouncer:dbnc_decrement|periodical_strb_gen:strb_gen|strobe_generator:strb_gen|cycles_until_strobe[10] ; CLOCK_50     ; CLOCK_50    ; 0.000        ; 0.504      ; 1.162      ;
; 0.487 ; axis_controller:axis_controller|btnCtrl:btnCtrl|debouncer:dbnc_decrement|periodical_strb_gen:strb_gen|sync_rst ; axis_controller:axis_controller|btnCtrl:btnCtrl|debouncer:dbnc_decrement|periodical_strb_gen:strb_gen|strobe_generator:strb_gen|cycles_until_strobe[11] ; CLOCK_50     ; CLOCK_50    ; 0.000        ; 0.504      ; 1.162      ;
; 0.487 ; axis_controller:axis_controller|btnCtrl:btnCtrl|debouncer:dbnc_decrement|periodical_strb_gen:strb_gen|sync_rst ; axis_controller:axis_controller|btnCtrl:btnCtrl|debouncer:dbnc_decrement|periodical_strb_gen:strb_gen|strobe_generator:strb_gen|cycles_until_strobe[8]  ; CLOCK_50     ; CLOCK_50    ; 0.000        ; 0.504      ; 1.162      ;
; 0.487 ; axis_controller:axis_controller|btnCtrl:btnCtrl|debouncer:dbnc_decrement|periodical_strb_gen:strb_gen|sync_rst ; axis_controller:axis_controller|btnCtrl:btnCtrl|debouncer:dbnc_decrement|periodical_strb_gen:strb_gen|strobe_generator:strb_gen|cycles_until_strobe[7]  ; CLOCK_50     ; CLOCK_50    ; 0.000        ; 0.504      ; 1.162      ;
; 0.487 ; axis_controller:axis_controller|btnCtrl:btnCtrl|debouncer:dbnc_decrement|periodical_strb_gen:strb_gen|sync_rst ; axis_controller:axis_controller|btnCtrl:btnCtrl|debouncer:dbnc_decrement|periodical_strb_gen:strb_gen|strobe_generator:strb_gen|cycles_until_strobe[19] ; CLOCK_50     ; CLOCK_50    ; 0.000        ; 0.504      ; 1.162      ;
; 0.487 ; axis_controller:axis_controller|btnCtrl:btnCtrl|debouncer:dbnc_decrement|periodical_strb_gen:strb_gen|sync_rst ; axis_controller:axis_controller|btnCtrl:btnCtrl|debouncer:dbnc_decrement|periodical_strb_gen:strb_gen|strobe_generator:strb_gen|cycles_until_strobe[18] ; CLOCK_50     ; CLOCK_50    ; 0.000        ; 0.504      ; 1.162      ;
; 0.487 ; axis_controller:axis_controller|btnCtrl:btnCtrl|debouncer:dbnc_decrement|periodical_strb_gen:strb_gen|sync_rst ; axis_controller:axis_controller|btnCtrl:btnCtrl|debouncer:dbnc_decrement|periodical_strb_gen:strb_gen|strobe_generator:strb_gen|cycles_until_strobe[17] ; CLOCK_50     ; CLOCK_50    ; 0.000        ; 0.504      ; 1.162      ;
; 0.487 ; axis_controller:axis_controller|btnCtrl:btnCtrl|debouncer:dbnc_decrement|periodical_strb_gen:strb_gen|sync_rst ; axis_controller:axis_controller|btnCtrl:btnCtrl|debouncer:dbnc_decrement|periodical_strb_gen:strb_gen|strobe_generator:strb_gen|cycles_until_strobe[16] ; CLOCK_50     ; CLOCK_50    ; 0.000        ; 0.504      ; 1.162      ;
; 0.487 ; axis_controller:axis_controller|btnCtrl:btnCtrl|debouncer:dbnc_decrement|periodical_strb_gen:strb_gen|sync_rst ; axis_controller:axis_controller|btnCtrl:btnCtrl|debouncer:dbnc_decrement|periodical_strb_gen:strb_gen|strobe_generator:strb_gen|cycles_until_strobe[14] ; CLOCK_50     ; CLOCK_50    ; 0.000        ; 0.504      ; 1.162      ;
; 0.487 ; axis_controller:axis_controller|btnCtrl:btnCtrl|debouncer:dbnc_decrement|periodical_strb_gen:strb_gen|sync_rst ; axis_controller:axis_controller|btnCtrl:btnCtrl|debouncer:dbnc_decrement|periodical_strb_gen:strb_gen|strobe_generator:strb_gen|cycles_until_strobe[9]  ; CLOCK_50     ; CLOCK_50    ; 0.000        ; 0.504      ; 1.162      ;
; 0.487 ; axis_controller:axis_controller|btnCtrl:btnCtrl|debouncer:dbnc_decrement|periodical_strb_gen:strb_gen|sync_rst ; axis_controller:axis_controller|btnCtrl:btnCtrl|debouncer:dbnc_decrement|periodical_strb_gen:strb_gen|strobe_generator:strb_gen|cycles_until_strobe[5]  ; CLOCK_50     ; CLOCK_50    ; 0.000        ; 0.504      ; 1.162      ;
; 0.487 ; axis_controller:axis_controller|btnCtrl:btnCtrl|debouncer:dbnc_decrement|periodical_strb_gen:strb_gen|sync_rst ; axis_controller:axis_controller|btnCtrl:btnCtrl|debouncer:dbnc_decrement|periodical_strb_gen:strb_gen|strobe_generator:strb_gen|cycles_until_strobe[3]  ; CLOCK_50     ; CLOCK_50    ; 0.000        ; 0.504      ; 1.162      ;
; 0.487 ; axis_controller:axis_controller|btnCtrl:btnCtrl|debouncer:dbnc_decrement|periodical_strb_gen:strb_gen|sync_rst ; axis_controller:axis_controller|btnCtrl:btnCtrl|debouncer:dbnc_decrement|periodical_strb_gen:strb_gen|strobe_generator:strb_gen|cycles_until_strobe[2]  ; CLOCK_50     ; CLOCK_50    ; 0.000        ; 0.504      ; 1.162      ;
; 0.533 ; axis_controller:axis_controller|btnCtrl:btnCtrl|debouncer:dbnc_increment|periodical_strb_gen:strb_gen|sync_rst ; axis_controller:axis_controller|btnCtrl:btnCtrl|debouncer:dbnc_increment|periodical_strb_gen:strb_gen|strobe_generator:strb_gen|cycles_until_strobe[19] ; CLOCK_50     ; CLOCK_50    ; 0.000        ; 0.473      ; 1.177      ;
; 0.533 ; axis_controller:axis_controller|btnCtrl:btnCtrl|debouncer:dbnc_increment|periodical_strb_gen:strb_gen|sync_rst ; axis_controller:axis_controller|btnCtrl:btnCtrl|debouncer:dbnc_increment|periodical_strb_gen:strb_gen|strobe_generator:strb_gen|cycles_until_strobe[18] ; CLOCK_50     ; CLOCK_50    ; 0.000        ; 0.473      ; 1.177      ;
; 0.533 ; axis_controller:axis_controller|btnCtrl:btnCtrl|debouncer:dbnc_increment|periodical_strb_gen:strb_gen|sync_rst ; axis_controller:axis_controller|btnCtrl:btnCtrl|debouncer:dbnc_increment|periodical_strb_gen:strb_gen|strobe_generator:strb_gen|cycles_until_strobe[6]  ; CLOCK_50     ; CLOCK_50    ; 0.000        ; 0.473      ; 1.177      ;
; 0.533 ; axis_controller:axis_controller|btnCtrl:btnCtrl|debouncer:dbnc_increment|periodical_strb_gen:strb_gen|sync_rst ; axis_controller:axis_controller|btnCtrl:btnCtrl|debouncer:dbnc_increment|periodical_strb_gen:strb_gen|strobe_generator:strb_gen|cycles_until_strobe[8]  ; CLOCK_50     ; CLOCK_50    ; 0.000        ; 0.473      ; 1.177      ;
; 0.533 ; axis_controller:axis_controller|btnCtrl:btnCtrl|debouncer:dbnc_increment|periodical_strb_gen:strb_gen|sync_rst ; axis_controller:axis_controller|btnCtrl:btnCtrl|debouncer:dbnc_increment|periodical_strb_gen:strb_gen|strobe_generator:strb_gen|cycles_until_strobe[7]  ; CLOCK_50     ; CLOCK_50    ; 0.000        ; 0.473      ; 1.177      ;
; 0.533 ; axis_controller:axis_controller|btnCtrl:btnCtrl|debouncer:dbnc_increment|periodical_strb_gen:strb_gen|sync_rst ; axis_controller:axis_controller|btnCtrl:btnCtrl|debouncer:dbnc_increment|periodical_strb_gen:strb_gen|strobe_generator:strb_gen|cycles_until_strobe[11] ; CLOCK_50     ; CLOCK_50    ; 0.000        ; 0.473      ; 1.177      ;
; 0.533 ; axis_controller:axis_controller|btnCtrl:btnCtrl|debouncer:dbnc_increment|periodical_strb_gen:strb_gen|sync_rst ; axis_controller:axis_controller|btnCtrl:btnCtrl|debouncer:dbnc_increment|periodical_strb_gen:strb_gen|strobe_generator:strb_gen|cycles_until_strobe[12] ; CLOCK_50     ; CLOCK_50    ; 0.000        ; 0.473      ; 1.177      ;
; 0.533 ; axis_controller:axis_controller|btnCtrl:btnCtrl|debouncer:dbnc_increment|periodical_strb_gen:strb_gen|sync_rst ; axis_controller:axis_controller|btnCtrl:btnCtrl|debouncer:dbnc_increment|periodical_strb_gen:strb_gen|strobe_generator:strb_gen|cycles_until_strobe[10] ; CLOCK_50     ; CLOCK_50    ; 0.000        ; 0.473      ; 1.177      ;
; 0.533 ; axis_controller:axis_controller|btnCtrl:btnCtrl|debouncer:dbnc_increment|periodical_strb_gen:strb_gen|sync_rst ; axis_controller:axis_controller|btnCtrl:btnCtrl|debouncer:dbnc_increment|periodical_strb_gen:strb_gen|strobe_generator:strb_gen|cycles_until_strobe[16] ; CLOCK_50     ; CLOCK_50    ; 0.000        ; 0.473      ; 1.177      ;
; 0.533 ; axis_controller:axis_controller|btnCtrl:btnCtrl|debouncer:dbnc_increment|periodical_strb_gen:strb_gen|sync_rst ; axis_controller:axis_controller|btnCtrl:btnCtrl|debouncer:dbnc_increment|periodical_strb_gen:strb_gen|strobe_generator:strb_gen|cycles_until_strobe[14] ; CLOCK_50     ; CLOCK_50    ; 0.000        ; 0.473      ; 1.177      ;
; 0.533 ; axis_controller:axis_controller|btnCtrl:btnCtrl|debouncer:dbnc_increment|periodical_strb_gen:strb_gen|sync_rst ; axis_controller:axis_controller|btnCtrl:btnCtrl|debouncer:dbnc_increment|periodical_strb_gen:strb_gen|strobe_generator:strb_gen|cycles_until_strobe[9]  ; CLOCK_50     ; CLOCK_50    ; 0.000        ; 0.473      ; 1.177      ;
; 0.533 ; axis_controller:axis_controller|btnCtrl:btnCtrl|debouncer:dbnc_increment|periodical_strb_gen:strb_gen|sync_rst ; axis_controller:axis_controller|btnCtrl:btnCtrl|debouncer:dbnc_increment|periodical_strb_gen:strb_gen|strobe_generator:strb_gen|cycles_until_strobe[5]  ; CLOCK_50     ; CLOCK_50    ; 0.000        ; 0.473      ; 1.177      ;
; 0.533 ; axis_controller:axis_controller|btnCtrl:btnCtrl|debouncer:dbnc_increment|periodical_strb_gen:strb_gen|sync_rst ; axis_controller:axis_controller|btnCtrl:btnCtrl|debouncer:dbnc_increment|periodical_strb_gen:strb_gen|strobe_generator:strb_gen|cycles_until_strobe[4]  ; CLOCK_50     ; CLOCK_50    ; 0.000        ; 0.473      ; 1.177      ;
; 0.533 ; axis_controller:axis_controller|btnCtrl:btnCtrl|debouncer:dbnc_increment|periodical_strb_gen:strb_gen|sync_rst ; axis_controller:axis_controller|btnCtrl:btnCtrl|debouncer:dbnc_increment|periodical_strb_gen:strb_gen|strobe_generator:strb_gen|cycles_until_strobe[3]  ; CLOCK_50     ; CLOCK_50    ; 0.000        ; 0.473      ; 1.177      ;
; 0.533 ; axis_controller:axis_controller|btnCtrl:btnCtrl|debouncer:dbnc_increment|periodical_strb_gen:strb_gen|sync_rst ; axis_controller:axis_controller|btnCtrl:btnCtrl|debouncer:dbnc_increment|periodical_strb_gen:strb_gen|strobe_generator:strb_gen|cycles_until_strobe[1]  ; CLOCK_50     ; CLOCK_50    ; 0.000        ; 0.473      ; 1.177      ;
; 0.672 ; axis_controller:axis_controller|btnCtrl:btnCtrl|debouncer:dbnc_switchTen|periodical_strb_gen:strb_gen|sync_rst ; axis_controller:axis_controller|btnCtrl:btnCtrl|debouncer:dbnc_switchTen|periodical_strb_gen:strb_gen|strobe_generator:strb_gen|cycles_until_strobe[17] ; CLOCK_50     ; CLOCK_50    ; 0.000        ; 0.475      ; 1.318      ;
; 0.672 ; axis_controller:axis_controller|btnCtrl:btnCtrl|debouncer:dbnc_switchTen|periodical_strb_gen:strb_gen|sync_rst ; axis_controller:axis_controller|btnCtrl:btnCtrl|debouncer:dbnc_switchTen|periodical_strb_gen:strb_gen|strobe_generator:strb_gen|cycles_until_strobe[18] ; CLOCK_50     ; CLOCK_50    ; 0.000        ; 0.475      ; 1.318      ;
; 0.672 ; axis_controller:axis_controller|btnCtrl:btnCtrl|debouncer:dbnc_switchTen|periodical_strb_gen:strb_gen|sync_rst ; axis_controller:axis_controller|btnCtrl:btnCtrl|debouncer:dbnc_switchTen|periodical_strb_gen:strb_gen|strobe_generator:strb_gen|cycles_until_strobe[16] ; CLOCK_50     ; CLOCK_50    ; 0.000        ; 0.475      ; 1.318      ;
; 0.672 ; axis_controller:axis_controller|btnCtrl:btnCtrl|debouncer:dbnc_switchTen|periodical_strb_gen:strb_gen|sync_rst ; axis_controller:axis_controller|btnCtrl:btnCtrl|debouncer:dbnc_switchTen|periodical_strb_gen:strb_gen|strobe_generator:strb_gen|cycles_until_strobe[6]  ; CLOCK_50     ; CLOCK_50    ; 0.000        ; 0.475      ; 1.318      ;
; 0.672 ; axis_controller:axis_controller|btnCtrl:btnCtrl|debouncer:dbnc_switchTen|periodical_strb_gen:strb_gen|sync_rst ; axis_controller:axis_controller|btnCtrl:btnCtrl|debouncer:dbnc_switchTen|periodical_strb_gen:strb_gen|strobe_generator:strb_gen|cycles_until_strobe[11] ; CLOCK_50     ; CLOCK_50    ; 0.000        ; 0.475      ; 1.318      ;
; 0.672 ; axis_controller:axis_controller|btnCtrl:btnCtrl|debouncer:dbnc_switchTen|periodical_strb_gen:strb_gen|sync_rst ; axis_controller:axis_controller|btnCtrl:btnCtrl|debouncer:dbnc_switchTen|periodical_strb_gen:strb_gen|strobe_generator:strb_gen|cycles_until_strobe[10] ; CLOCK_50     ; CLOCK_50    ; 0.000        ; 0.475      ; 1.318      ;
; 0.672 ; axis_controller:axis_controller|btnCtrl:btnCtrl|debouncer:dbnc_switchTen|periodical_strb_gen:strb_gen|sync_rst ; axis_controller:axis_controller|btnCtrl:btnCtrl|debouncer:dbnc_switchTen|periodical_strb_gen:strb_gen|strobe_generator:strb_gen|cycles_until_strobe[12] ; CLOCK_50     ; CLOCK_50    ; 0.000        ; 0.475      ; 1.318      ;
; 0.672 ; axis_controller:axis_controller|btnCtrl:btnCtrl|debouncer:dbnc_switchTen|periodical_strb_gen:strb_gen|sync_rst ; axis_controller:axis_controller|btnCtrl:btnCtrl|debouncer:dbnc_switchTen|periodical_strb_gen:strb_gen|strobe_generator:strb_gen|cycles_until_strobe[8]  ; CLOCK_50     ; CLOCK_50    ; 0.000        ; 0.475      ; 1.318      ;
; 0.672 ; axis_controller:axis_controller|btnCtrl:btnCtrl|debouncer:dbnc_switchTen|periodical_strb_gen:strb_gen|sync_rst ; axis_controller:axis_controller|btnCtrl:btnCtrl|debouncer:dbnc_switchTen|periodical_strb_gen:strb_gen|strobe_generator:strb_gen|cycles_until_strobe[7]  ; CLOCK_50     ; CLOCK_50    ; 0.000        ; 0.475      ; 1.318      ;
; 0.672 ; axis_controller:axis_controller|btnCtrl:btnCtrl|debouncer:dbnc_switchTen|periodical_strb_gen:strb_gen|sync_rst ; axis_controller:axis_controller|btnCtrl:btnCtrl|debouncer:dbnc_switchTen|periodical_strb_gen:strb_gen|strobe_generator:strb_gen|cycles_until_strobe[14] ; CLOCK_50     ; CLOCK_50    ; 0.000        ; 0.475      ; 1.318      ;
; 0.672 ; axis_controller:axis_controller|btnCtrl:btnCtrl|debouncer:dbnc_switchTen|periodical_strb_gen:strb_gen|sync_rst ; axis_controller:axis_controller|btnCtrl:btnCtrl|debouncer:dbnc_switchTen|periodical_strb_gen:strb_gen|strobe_generator:strb_gen|cycles_until_strobe[9]  ; CLOCK_50     ; CLOCK_50    ; 0.000        ; 0.475      ; 1.318      ;
; 0.672 ; axis_controller:axis_controller|btnCtrl:btnCtrl|debouncer:dbnc_switchTen|periodical_strb_gen:strb_gen|sync_rst ; axis_controller:axis_controller|btnCtrl:btnCtrl|debouncer:dbnc_switchTen|periodical_strb_gen:strb_gen|strobe_generator:strb_gen|cycles_until_strobe[5]  ; CLOCK_50     ; CLOCK_50    ; 0.000        ; 0.475      ; 1.318      ;
; 0.672 ; axis_controller:axis_controller|btnCtrl:btnCtrl|debouncer:dbnc_switchTen|periodical_strb_gen:strb_gen|sync_rst ; axis_controller:axis_controller|btnCtrl:btnCtrl|debouncer:dbnc_switchTen|periodical_strb_gen:strb_gen|strobe_generator:strb_gen|cycles_until_strobe[4]  ; CLOCK_50     ; CLOCK_50    ; 0.000        ; 0.475      ; 1.318      ;
; 0.672 ; axis_controller:axis_controller|btnCtrl:btnCtrl|debouncer:dbnc_switchTen|periodical_strb_gen:strb_gen|sync_rst ; axis_controller:axis_controller|btnCtrl:btnCtrl|debouncer:dbnc_switchTen|periodical_strb_gen:strb_gen|strobe_generator:strb_gen|cycles_until_strobe[3]  ; CLOCK_50     ; CLOCK_50    ; 0.000        ; 0.475      ; 1.318      ;
; 0.672 ; axis_controller:axis_controller|btnCtrl:btnCtrl|debouncer:dbnc_switchTen|periodical_strb_gen:strb_gen|sync_rst ; axis_controller:axis_controller|btnCtrl:btnCtrl|debouncer:dbnc_switchTen|periodical_strb_gen:strb_gen|strobe_generator:strb_gen|cycles_until_strobe[2]  ; CLOCK_50     ; CLOCK_50    ; 0.000        ; 0.475      ; 1.318      ;
; 0.677 ; axis_controller:axis_controller|btnCtrl:btnCtrl|debouncer:dbnc_switchTen|periodical_strb_gen:strb_gen|sync_rst ; axis_controller:axis_controller|btnCtrl:btnCtrl|debouncer:dbnc_switchTen|periodical_strb_gen:strb_gen|strobe_generator:strb_gen|cycles_until_strobe[28] ; CLOCK_50     ; CLOCK_50    ; 0.000        ; 0.478      ; 1.326      ;
; 0.677 ; axis_controller:axis_controller|btnCtrl:btnCtrl|debouncer:dbnc_switchTen|periodical_strb_gen:strb_gen|sync_rst ; axis_controller:axis_controller|btnCtrl:btnCtrl|debouncer:dbnc_switchTen|periodical_strb_gen:strb_gen|strobe_generator:strb_gen|cycles_until_strobe[29] ; CLOCK_50     ; CLOCK_50    ; 0.000        ; 0.478      ; 1.326      ;
; 0.677 ; axis_controller:axis_controller|btnCtrl:btnCtrl|debouncer:dbnc_switchTen|periodical_strb_gen:strb_gen|sync_rst ; axis_controller:axis_controller|btnCtrl:btnCtrl|debouncer:dbnc_switchTen|periodical_strb_gen:strb_gen|strobe_generator:strb_gen|cycles_until_strobe[30] ; CLOCK_50     ; CLOCK_50    ; 0.000        ; 0.478      ; 1.326      ;
; 0.677 ; axis_controller:axis_controller|btnCtrl:btnCtrl|debouncer:dbnc_switchTen|periodical_strb_gen:strb_gen|sync_rst ; axis_controller:axis_controller|btnCtrl:btnCtrl|debouncer:dbnc_switchTen|periodical_strb_gen:strb_gen|strobe_generator:strb_gen|cycles_until_strobe[27] ; CLOCK_50     ; CLOCK_50    ; 0.000        ; 0.478      ; 1.326      ;
; 0.677 ; axis_controller:axis_controller|btnCtrl:btnCtrl|debouncer:dbnc_switchTen|periodical_strb_gen:strb_gen|sync_rst ; axis_controller:axis_controller|btnCtrl:btnCtrl|debouncer:dbnc_switchTen|periodical_strb_gen:strb_gen|strobe_generator:strb_gen|cycles_until_strobe[26] ; CLOCK_50     ; CLOCK_50    ; 0.000        ; 0.478      ; 1.326      ;
; 0.677 ; axis_controller:axis_controller|btnCtrl:btnCtrl|debouncer:dbnc_switchTen|periodical_strb_gen:strb_gen|sync_rst ; axis_controller:axis_controller|btnCtrl:btnCtrl|debouncer:dbnc_switchTen|periodical_strb_gen:strb_gen|strobe_generator:strb_gen|cycles_until_strobe[25] ; CLOCK_50     ; CLOCK_50    ; 0.000        ; 0.478      ; 1.326      ;
; 0.677 ; axis_controller:axis_controller|btnCtrl:btnCtrl|debouncer:dbnc_switchTen|periodical_strb_gen:strb_gen|sync_rst ; axis_controller:axis_controller|btnCtrl:btnCtrl|debouncer:dbnc_switchTen|periodical_strb_gen:strb_gen|strobe_generator:strb_gen|cycles_until_strobe[24] ; CLOCK_50     ; CLOCK_50    ; 0.000        ; 0.478      ; 1.326      ;
; 0.677 ; axis_controller:axis_controller|btnCtrl:btnCtrl|debouncer:dbnc_switchTen|periodical_strb_gen:strb_gen|sync_rst ; axis_controller:axis_controller|btnCtrl:btnCtrl|debouncer:dbnc_switchTen|periodical_strb_gen:strb_gen|strobe_generator:strb_gen|cycles_until_strobe[23] ; CLOCK_50     ; CLOCK_50    ; 0.000        ; 0.478      ; 1.326      ;
; 0.677 ; axis_controller:axis_controller|btnCtrl:btnCtrl|debouncer:dbnc_switchTen|periodical_strb_gen:strb_gen|sync_rst ; axis_controller:axis_controller|btnCtrl:btnCtrl|debouncer:dbnc_switchTen|periodical_strb_gen:strb_gen|strobe_generator:strb_gen|cycles_until_strobe[22] ; CLOCK_50     ; CLOCK_50    ; 0.000        ; 0.478      ; 1.326      ;
; 0.677 ; axis_controller:axis_controller|btnCtrl:btnCtrl|debouncer:dbnc_switchTen|periodical_strb_gen:strb_gen|sync_rst ; axis_controller:axis_controller|btnCtrl:btnCtrl|debouncer:dbnc_switchTen|periodical_strb_gen:strb_gen|strobe_generator:strb_gen|cycles_until_strobe[21] ; CLOCK_50     ; CLOCK_50    ; 0.000        ; 0.478      ; 1.326      ;
; 0.677 ; axis_controller:axis_controller|btnCtrl:btnCtrl|debouncer:dbnc_switchTen|periodical_strb_gen:strb_gen|sync_rst ; axis_controller:axis_controller|btnCtrl:btnCtrl|debouncer:dbnc_switchTen|periodical_strb_gen:strb_gen|strobe_generator:strb_gen|cycles_until_strobe[20] ; CLOCK_50     ; CLOCK_50    ; 0.000        ; 0.478      ; 1.326      ;
; 0.677 ; axis_controller:axis_controller|btnCtrl:btnCtrl|debouncer:dbnc_switchTen|periodical_strb_gen:strb_gen|sync_rst ; axis_controller:axis_controller|btnCtrl:btnCtrl|debouncer:dbnc_switchTen|periodical_strb_gen:strb_gen|strobe_generator:strb_gen|cycles_until_strobe[15] ; CLOCK_50     ; CLOCK_50    ; 0.000        ; 0.478      ; 1.326      ;
; 0.677 ; axis_controller:axis_controller|btnCtrl:btnCtrl|debouncer:dbnc_switchTen|periodical_strb_gen:strb_gen|sync_rst ; axis_controller:axis_controller|btnCtrl:btnCtrl|debouncer:dbnc_switchTen|periodical_strb_gen:strb_gen|strobe_generator:strb_gen|cycles_until_strobe[13] ; CLOCK_50     ; CLOCK_50    ; 0.000        ; 0.478      ; 1.326      ;
; 0.679 ; axis_controller:axis_controller|btnCtrl:btnCtrl|debouncer:dbnc_increment|periodical_strb_gen:strb_gen|sync_rst ; axis_controller:axis_controller|btnCtrl:btnCtrl|debouncer:dbnc_increment|periodical_strb_gen:strb_gen|strobe_generator:strb_gen|strb_val                ; CLOCK_50     ; CLOCK_50    ; 0.000        ; 0.474      ; 1.324      ;
; 0.679 ; axis_controller:axis_controller|btnCtrl:btnCtrl|debouncer:dbnc_increment|periodical_strb_gen:strb_gen|sync_rst ; axis_controller:axis_controller|btnCtrl:btnCtrl|debouncer:dbnc_increment|periodical_strb_gen:strb_gen|strobe_generator:strb_gen|cycles_until_strobe[17] ; CLOCK_50     ; CLOCK_50    ; 0.000        ; 0.474      ; 1.324      ;
; 0.679 ; axis_controller:axis_controller|btnCtrl:btnCtrl|debouncer:dbnc_increment|periodical_strb_gen:strb_gen|sync_rst ; axis_controller:axis_controller|btnCtrl:btnCtrl|debouncer:dbnc_increment|periodical_strb_gen:strb_gen|strobe_generator:strb_gen|cycles_until_strobe[13] ; CLOCK_50     ; CLOCK_50    ; 0.000        ; 0.474      ; 1.324      ;
; 0.679 ; axis_controller:axis_controller|btnCtrl:btnCtrl|debouncer:dbnc_increment|periodical_strb_gen:strb_gen|sync_rst ; axis_controller:axis_controller|btnCtrl:btnCtrl|debouncer:dbnc_increment|periodical_strb_gen:strb_gen|strobe_generator:strb_gen|cycles_until_strobe[2]  ; CLOCK_50     ; CLOCK_50    ; 0.000        ; 0.474      ; 1.324      ;
; 0.679 ; axis_controller:axis_controller|btnCtrl:btnCtrl|debouncer:dbnc_increment|periodical_strb_gen:strb_gen|sync_rst ; axis_controller:axis_controller|btnCtrl:btnCtrl|debouncer:dbnc_increment|periodical_strb_gen:strb_gen|strobe_generator:strb_gen|cycles_until_strobe[0]  ; CLOCK_50     ; CLOCK_50    ; 0.000        ; 0.474      ; 1.324      ;
; 0.692 ; axis_controller:axis_controller|btnCtrl:btnCtrl|debouncer:dbnc_switchTen|periodical_strb_gen:strb_gen|sync_rst ; axis_controller:axis_controller|btnCtrl:btnCtrl|debouncer:dbnc_switchTen|periodical_strb_gen:strb_gen|strobe_generator:strb_gen|strb_val                ; CLOCK_50     ; CLOCK_50    ; 0.000        ; 0.474      ; 1.337      ;
; 0.692 ; axis_controller:axis_controller|btnCtrl:btnCtrl|debouncer:dbnc_switchTen|periodical_strb_gen:strb_gen|sync_rst ; axis_controller:axis_controller|btnCtrl:btnCtrl|debouncer:dbnc_switchTen|periodical_strb_gen:strb_gen|strobe_generator:strb_gen|cycles_until_strobe[19] ; CLOCK_50     ; CLOCK_50    ; 0.000        ; 0.474      ; 1.337      ;
; 0.692 ; axis_controller:axis_controller|btnCtrl:btnCtrl|debouncer:dbnc_switchTen|periodical_strb_gen:strb_gen|sync_rst ; axis_controller:axis_controller|btnCtrl:btnCtrl|debouncer:dbnc_switchTen|periodical_strb_gen:strb_gen|strobe_generator:strb_gen|cycles_until_strobe[1]  ; CLOCK_50     ; CLOCK_50    ; 0.000        ; 0.474      ; 1.337      ;
; 0.692 ; axis_controller:axis_controller|btnCtrl:btnCtrl|debouncer:dbnc_switchTen|periodical_strb_gen:strb_gen|sync_rst ; axis_controller:axis_controller|btnCtrl:btnCtrl|debouncer:dbnc_switchTen|periodical_strb_gen:strb_gen|strobe_generator:strb_gen|cycles_until_strobe[0]  ; CLOCK_50     ; CLOCK_50    ; 0.000        ; 0.474      ; 1.337      ;
; 0.718 ; axis_controller:axis_controller|btnCtrl:btnCtrl|debouncer:dbnc_increment|periodical_strb_gen:strb_gen|sync_rst ; axis_controller:axis_controller|btnCtrl:btnCtrl|debouncer:dbnc_increment|periodical_strb_gen:strb_gen|strobe_generator:strb_gen|cycles_until_strobe[23] ; CLOCK_50     ; CLOCK_50    ; 0.000        ; 0.475      ; 1.364      ;
; 0.718 ; axis_controller:axis_controller|btnCtrl:btnCtrl|debouncer:dbnc_increment|periodical_strb_gen:strb_gen|sync_rst ; axis_controller:axis_controller|btnCtrl:btnCtrl|debouncer:dbnc_increment|periodical_strb_gen:strb_gen|strobe_generator:strb_gen|cycles_until_strobe[24] ; CLOCK_50     ; CLOCK_50    ; 0.000        ; 0.475      ; 1.364      ;
; 0.718 ; axis_controller:axis_controller|btnCtrl:btnCtrl|debouncer:dbnc_increment|periodical_strb_gen:strb_gen|sync_rst ; axis_controller:axis_controller|btnCtrl:btnCtrl|debouncer:dbnc_increment|periodical_strb_gen:strb_gen|strobe_generator:strb_gen|cycles_until_strobe[25] ; CLOCK_50     ; CLOCK_50    ; 0.000        ; 0.475      ; 1.364      ;
; 0.718 ; axis_controller:axis_controller|btnCtrl:btnCtrl|debouncer:dbnc_increment|periodical_strb_gen:strb_gen|sync_rst ; axis_controller:axis_controller|btnCtrl:btnCtrl|debouncer:dbnc_increment|periodical_strb_gen:strb_gen|strobe_generator:strb_gen|cycles_until_strobe[26] ; CLOCK_50     ; CLOCK_50    ; 0.000        ; 0.475      ; 1.364      ;
; 0.718 ; axis_controller:axis_controller|btnCtrl:btnCtrl|debouncer:dbnc_increment|periodical_strb_gen:strb_gen|sync_rst ; axis_controller:axis_controller|btnCtrl:btnCtrl|debouncer:dbnc_increment|periodical_strb_gen:strb_gen|strobe_generator:strb_gen|cycles_until_strobe[27] ; CLOCK_50     ; CLOCK_50    ; 0.000        ; 0.475      ; 1.364      ;
; 0.718 ; axis_controller:axis_controller|btnCtrl:btnCtrl|debouncer:dbnc_increment|periodical_strb_gen:strb_gen|sync_rst ; axis_controller:axis_controller|btnCtrl:btnCtrl|debouncer:dbnc_increment|periodical_strb_gen:strb_gen|strobe_generator:strb_gen|cycles_until_strobe[30] ; CLOCK_50     ; CLOCK_50    ; 0.000        ; 0.475      ; 1.364      ;
; 0.718 ; axis_controller:axis_controller|btnCtrl:btnCtrl|debouncer:dbnc_increment|periodical_strb_gen:strb_gen|sync_rst ; axis_controller:axis_controller|btnCtrl:btnCtrl|debouncer:dbnc_increment|periodical_strb_gen:strb_gen|strobe_generator:strb_gen|cycles_until_strobe[29] ; CLOCK_50     ; CLOCK_50    ; 0.000        ; 0.475      ; 1.364      ;
; 0.718 ; axis_controller:axis_controller|btnCtrl:btnCtrl|debouncer:dbnc_increment|periodical_strb_gen:strb_gen|sync_rst ; axis_controller:axis_controller|btnCtrl:btnCtrl|debouncer:dbnc_increment|periodical_strb_gen:strb_gen|strobe_generator:strb_gen|cycles_until_strobe[28] ; CLOCK_50     ; CLOCK_50    ; 0.000        ; 0.475      ; 1.364      ;
; 0.718 ; axis_controller:axis_controller|btnCtrl:btnCtrl|debouncer:dbnc_increment|periodical_strb_gen:strb_gen|sync_rst ; axis_controller:axis_controller|btnCtrl:btnCtrl|debouncer:dbnc_increment|periodical_strb_gen:strb_gen|strobe_generator:strb_gen|cycles_until_strobe[22] ; CLOCK_50     ; CLOCK_50    ; 0.000        ; 0.475      ; 1.364      ;
; 0.718 ; axis_controller:axis_controller|btnCtrl:btnCtrl|debouncer:dbnc_increment|periodical_strb_gen:strb_gen|sync_rst ; axis_controller:axis_controller|btnCtrl:btnCtrl|debouncer:dbnc_increment|periodical_strb_gen:strb_gen|strobe_generator:strb_gen|cycles_until_strobe[21] ; CLOCK_50     ; CLOCK_50    ; 0.000        ; 0.475      ; 1.364      ;
; 0.718 ; axis_controller:axis_controller|btnCtrl:btnCtrl|debouncer:dbnc_increment|periodical_strb_gen:strb_gen|sync_rst ; axis_controller:axis_controller|btnCtrl:btnCtrl|debouncer:dbnc_increment|periodical_strb_gen:strb_gen|strobe_generator:strb_gen|cycles_until_strobe[20] ; CLOCK_50     ; CLOCK_50    ; 0.000        ; 0.475      ; 1.364      ;
; 0.718 ; axis_controller:axis_controller|btnCtrl:btnCtrl|debouncer:dbnc_increment|periodical_strb_gen:strb_gen|sync_rst ; axis_controller:axis_controller|btnCtrl:btnCtrl|debouncer:dbnc_increment|periodical_strb_gen:strb_gen|strobe_generator:strb_gen|cycles_until_strobe[15] ; CLOCK_50     ; CLOCK_50    ; 0.000        ; 0.475      ; 1.364      ;
; 0.733 ; axis_controller:axis_controller|btnCtrl:btnCtrl|debouncer:dbnc_decrement|periodical_strb_gen:strb_gen|sync_rst ; axis_controller:axis_controller|btnCtrl:btnCtrl|debouncer:dbnc_decrement|periodical_strb_gen:strb_gen|strobe_generator:strb_gen|strb_val                ; CLOCK_50     ; CLOCK_50    ; 0.000        ; 0.477      ; 1.381      ;
; 0.733 ; axis_controller:axis_controller|btnCtrl:btnCtrl|debouncer:dbnc_decrement|periodical_strb_gen:strb_gen|sync_rst ; axis_controller:axis_controller|btnCtrl:btnCtrl|debouncer:dbnc_decrement|periodical_strb_gen:strb_gen|strobe_generator:strb_gen|strb_o                  ; CLOCK_50     ; CLOCK_50    ; 0.000        ; 0.477      ; 1.381      ;
; 0.733 ; axis_controller:axis_controller|btnCtrl:btnCtrl|debouncer:dbnc_decrement|periodical_strb_gen:strb_gen|sync_rst ; axis_controller:axis_controller|btnCtrl:btnCtrl|debouncer:dbnc_decrement|periodical_strb_gen:strb_gen|strobe_generator:strb_gen|cycles_until_strobe[13] ; CLOCK_50     ; CLOCK_50    ; 0.000        ; 0.477      ; 1.381      ;
; 0.733 ; axis_controller:axis_controller|btnCtrl:btnCtrl|debouncer:dbnc_decrement|periodical_strb_gen:strb_gen|sync_rst ; axis_controller:axis_controller|btnCtrl:btnCtrl|debouncer:dbnc_decrement|periodical_strb_gen:strb_gen|strobe_generator:strb_gen|cycles_until_strobe[4]  ; CLOCK_50     ; CLOCK_50    ; 0.000        ; 0.477      ; 1.381      ;
; 0.733 ; axis_controller:axis_controller|btnCtrl:btnCtrl|debouncer:dbnc_decrement|periodical_strb_gen:strb_gen|sync_rst ; axis_controller:axis_controller|btnCtrl:btnCtrl|debouncer:dbnc_decrement|periodical_strb_gen:strb_gen|strobe_generator:strb_gen|cycles_until_strobe[1]  ; CLOCK_50     ; CLOCK_50    ; 0.000        ; 0.477      ; 1.381      ;
; 0.733 ; axis_controller:axis_controller|btnCtrl:btnCtrl|debouncer:dbnc_decrement|periodical_strb_gen:strb_gen|sync_rst ; axis_controller:axis_controller|btnCtrl:btnCtrl|debouncer:dbnc_decrement|periodical_strb_gen:strb_gen|strobe_generator:strb_gen|cycles_until_strobe[0]  ; CLOCK_50     ; CLOCK_50    ; 0.000        ; 0.477      ; 1.381      ;
; 0.860 ; axis_controller:axis_controller|btnCtrl:btnCtrl|debouncer:dbnc_decrement|periodical_strb_gen:strb_gen|sync_rst ; axis_controller:axis_controller|btnCtrl:btnCtrl|debouncer:dbnc_decrement|periodical_strb_gen:strb_gen|strobe_generator:strb_gen|cycles_until_strobe[20] ; CLOCK_50     ; CLOCK_50    ; 0.000        ; 0.477      ; 1.508      ;
; 0.860 ; axis_controller:axis_controller|btnCtrl:btnCtrl|debouncer:dbnc_decrement|periodical_strb_gen:strb_gen|sync_rst ; axis_controller:axis_controller|btnCtrl:btnCtrl|debouncer:dbnc_decrement|periodical_strb_gen:strb_gen|strobe_generator:strb_gen|cycles_until_strobe[21] ; CLOCK_50     ; CLOCK_50    ; 0.000        ; 0.477      ; 1.508      ;
; 0.860 ; axis_controller:axis_controller|btnCtrl:btnCtrl|debouncer:dbnc_decrement|periodical_strb_gen:strb_gen|sync_rst ; axis_controller:axis_controller|btnCtrl:btnCtrl|debouncer:dbnc_decrement|periodical_strb_gen:strb_gen|strobe_generator:strb_gen|cycles_until_strobe[22] ; CLOCK_50     ; CLOCK_50    ; 0.000        ; 0.477      ; 1.508      ;
; 0.860 ; axis_controller:axis_controller|btnCtrl:btnCtrl|debouncer:dbnc_decrement|periodical_strb_gen:strb_gen|sync_rst ; axis_controller:axis_controller|btnCtrl:btnCtrl|debouncer:dbnc_decrement|periodical_strb_gen:strb_gen|strobe_generator:strb_gen|cycles_until_strobe[23] ; CLOCK_50     ; CLOCK_50    ; 0.000        ; 0.477      ; 1.508      ;
; 0.860 ; axis_controller:axis_controller|btnCtrl:btnCtrl|debouncer:dbnc_decrement|periodical_strb_gen:strb_gen|sync_rst ; axis_controller:axis_controller|btnCtrl:btnCtrl|debouncer:dbnc_decrement|periodical_strb_gen:strb_gen|strobe_generator:strb_gen|cycles_until_strobe[24] ; CLOCK_50     ; CLOCK_50    ; 0.000        ; 0.477      ; 1.508      ;
; 0.860 ; axis_controller:axis_controller|btnCtrl:btnCtrl|debouncer:dbnc_decrement|periodical_strb_gen:strb_gen|sync_rst ; axis_controller:axis_controller|btnCtrl:btnCtrl|debouncer:dbnc_decrement|periodical_strb_gen:strb_gen|strobe_generator:strb_gen|cycles_until_strobe[25] ; CLOCK_50     ; CLOCK_50    ; 0.000        ; 0.477      ; 1.508      ;
; 0.860 ; axis_controller:axis_controller|btnCtrl:btnCtrl|debouncer:dbnc_decrement|periodical_strb_gen:strb_gen|sync_rst ; axis_controller:axis_controller|btnCtrl:btnCtrl|debouncer:dbnc_decrement|periodical_strb_gen:strb_gen|strobe_generator:strb_gen|cycles_until_strobe[26] ; CLOCK_50     ; CLOCK_50    ; 0.000        ; 0.477      ; 1.508      ;
; 0.860 ; axis_controller:axis_controller|btnCtrl:btnCtrl|debouncer:dbnc_decrement|periodical_strb_gen:strb_gen|sync_rst ; axis_controller:axis_controller|btnCtrl:btnCtrl|debouncer:dbnc_decrement|periodical_strb_gen:strb_gen|strobe_generator:strb_gen|cycles_until_strobe[27] ; CLOCK_50     ; CLOCK_50    ; 0.000        ; 0.477      ; 1.508      ;
; 0.860 ; axis_controller:axis_controller|btnCtrl:btnCtrl|debouncer:dbnc_decrement|periodical_strb_gen:strb_gen|sync_rst ; axis_controller:axis_controller|btnCtrl:btnCtrl|debouncer:dbnc_decrement|periodical_strb_gen:strb_gen|strobe_generator:strb_gen|cycles_until_strobe[28] ; CLOCK_50     ; CLOCK_50    ; 0.000        ; 0.477      ; 1.508      ;
; 0.860 ; axis_controller:axis_controller|btnCtrl:btnCtrl|debouncer:dbnc_decrement|periodical_strb_gen:strb_gen|sync_rst ; axis_controller:axis_controller|btnCtrl:btnCtrl|debouncer:dbnc_decrement|periodical_strb_gen:strb_gen|strobe_generator:strb_gen|cycles_until_strobe[29] ; CLOCK_50     ; CLOCK_50    ; 0.000        ; 0.477      ; 1.508      ;
; 0.860 ; axis_controller:axis_controller|btnCtrl:btnCtrl|debouncer:dbnc_decrement|periodical_strb_gen:strb_gen|sync_rst ; axis_controller:axis_controller|btnCtrl:btnCtrl|debouncer:dbnc_decrement|periodical_strb_gen:strb_gen|strobe_generator:strb_gen|cycles_until_strobe[30] ; CLOCK_50     ; CLOCK_50    ; 0.000        ; 0.477      ; 1.508      ;
; 0.860 ; axis_controller:axis_controller|btnCtrl:btnCtrl|debouncer:dbnc_decrement|periodical_strb_gen:strb_gen|sync_rst ; axis_controller:axis_controller|btnCtrl:btnCtrl|debouncer:dbnc_decrement|periodical_strb_gen:strb_gen|strobe_generator:strb_gen|cycles_until_strobe[15] ; CLOCK_50     ; CLOCK_50    ; 0.000        ; 0.477      ; 1.508      ;
; 1.073 ; axis_controller:axis_controller|btnCtrl:btnCtrl|debouncer:dbnc_increment|periodical_strb_gen:strb_gen|sync_rst ; axis_controller:axis_controller|btnCtrl:btnCtrl|debouncer:dbnc_increment|periodical_strb_gen:strb_gen|strobe_generator:strb_gen|strb_o                  ; CLOCK_50     ; CLOCK_50    ; 0.000        ; 0.080      ; 1.324      ;
; 1.085 ; axis_controller:axis_controller|btnCtrl:btnCtrl|debouncer:dbnc_switchTen|periodical_strb_gen:strb_gen|sync_rst ; axis_controller:axis_controller|btnCtrl:btnCtrl|debouncer:dbnc_switchTen|periodical_strb_gen:strb_gen|strobe_generator:strb_gen|strb_o                  ; CLOCK_50     ; CLOCK_50    ; 0.000        ; 0.081      ; 1.337      ;
; 1.120 ; axis_controller:axis_controller|cmd_proc:cmd_proc|fsm_state.WAIT_COMPLETE                                      ; axis_controller:axis_controller|cmd_proc:cmd_proc|periodical_strb_gen:strb_gen|sync_rst                                                                 ; CLOCK_50     ; CLOCK_50    ; 0.000        ; 0.481      ; 1.772      ;
+-------+----------------------------------------------------------------------------------------------------------------+---------------------------------------------------------------------------------------------------------------------------------------------------------+--------------+-------------+--------------+------------+------------+


----------------------------------------------
; Slow 1200mV 0C Model Metastability Summary ;
----------------------------------------------
Design MTBF is not calculated because the design doesn't meet its timing requirements.



+------------------------------------+
; Fast 1200mV 0C Model Setup Summary ;
+----------+--------+----------------+
; Clock    ; Slack  ; End Point TNS  ;
+----------+--------+----------------+
; CLOCK_50 ; -5.078 ; -802.062       ;
+----------+--------+----------------+


+-----------------------------------+
; Fast 1200mV 0C Model Hold Summary ;
+----------+-------+----------------+
; Clock    ; Slack ; End Point TNS  ;
+----------+-------+----------------+
; CLOCK_50 ; 0.133 ; 0.000          ;
+----------+-------+----------------+


+---------------------------------------+
; Fast 1200mV 0C Model Recovery Summary ;
+----------+--------+-------------------+
; Clock    ; Slack  ; End Point TNS     ;
+----------+--------+-------------------+
; CLOCK_50 ; -0.082 ; -1.805            ;
+----------+--------+-------------------+


+--------------------------------------+
; Fast 1200mV 0C Model Removal Summary ;
+----------+-------+-------------------+
; Clock    ; Slack ; End Point TNS     ;
+----------+-------+-------------------+
; CLOCK_50 ; 0.264 ; 0.000             ;
+----------+-------+-------------------+


+--------------------------------------------------+
; Fast 1200mV 0C Model Minimum Pulse Width Summary ;
+----------+--------+------------------------------+
; Clock    ; Slack  ; End Point TNS                ;
+----------+--------+------------------------------+
; CLOCK_50 ; -3.000 ; -612.560                     ;
+----------+--------+------------------------------+


+---------------------------------------------------------------------------------------------------------------------------------------------------------------------------------------------------------------------------------------------------------------------------+
; Fast 1200mV 0C Model Setup: 'CLOCK_50'                                                                                                                                                                                                                                    ;
+--------+-----------------------------------------------------------------------------------------------------+--------------------------------------------------------------------------------------+--------------+-------------+--------------+------------+------------+
; Slack  ; From Node                                                                                           ; To Node                                                                              ; Launch Clock ; Latch Clock ; Relationship ; Clock Skew ; Data Delay ;
+--------+-----------------------------------------------------------------------------------------------------+--------------------------------------------------------------------------------------+--------------+-------------+--------------+------------+------------+
; -5.078 ; axis_controller:axis_controller|Tilt_board:tilt_y|HoldValueOnStrb:holdValOnStrb|last_valid_value[2] ; axis_controller:axis_controller|servo_controller:servoPwmY|PWM:pwm|counter_value[3]  ; CLOCK_50     ; CLOCK_50    ; 1.000        ; 0.145      ; 6.210      ;
; -5.078 ; axis_controller:axis_controller|Tilt_board:tilt_y|HoldValueOnStrb:holdValOnStrb|last_valid_value[2] ; axis_controller:axis_controller|servo_controller:servoPwmY|PWM:pwm|counter_value[1]  ; CLOCK_50     ; CLOCK_50    ; 1.000        ; 0.145      ; 6.210      ;
; -5.078 ; axis_controller:axis_controller|Tilt_board:tilt_y|HoldValueOnStrb:holdValOnStrb|last_valid_value[2] ; axis_controller:axis_controller|servo_controller:servoPwmY|PWM:pwm|counter_value[2]  ; CLOCK_50     ; CLOCK_50    ; 1.000        ; 0.145      ; 6.210      ;
; -5.078 ; axis_controller:axis_controller|Tilt_board:tilt_y|HoldValueOnStrb:holdValOnStrb|last_valid_value[2] ; axis_controller:axis_controller|servo_controller:servoPwmY|PWM:pwm|counter_value[4]  ; CLOCK_50     ; CLOCK_50    ; 1.000        ; 0.145      ; 6.210      ;
; -5.078 ; axis_controller:axis_controller|Tilt_board:tilt_y|HoldValueOnStrb:holdValOnStrb|last_valid_value[2] ; axis_controller:axis_controller|servo_controller:servoPwmY|PWM:pwm|counter_value[5]  ; CLOCK_50     ; CLOCK_50    ; 1.000        ; 0.145      ; 6.210      ;
; -5.078 ; axis_controller:axis_controller|Tilt_board:tilt_y|HoldValueOnStrb:holdValOnStrb|last_valid_value[2] ; axis_controller:axis_controller|servo_controller:servoPwmY|PWM:pwm|counter_value[6]  ; CLOCK_50     ; CLOCK_50    ; 1.000        ; 0.145      ; 6.210      ;
; -5.078 ; axis_controller:axis_controller|Tilt_board:tilt_y|HoldValueOnStrb:holdValOnStrb|last_valid_value[2] ; axis_controller:axis_controller|servo_controller:servoPwmY|PWM:pwm|counter_value[7]  ; CLOCK_50     ; CLOCK_50    ; 1.000        ; 0.145      ; 6.210      ;
; -5.078 ; axis_controller:axis_controller|Tilt_board:tilt_y|HoldValueOnStrb:holdValOnStrb|last_valid_value[2] ; axis_controller:axis_controller|servo_controller:servoPwmY|PWM:pwm|counter_value[8]  ; CLOCK_50     ; CLOCK_50    ; 1.000        ; 0.145      ; 6.210      ;
; -5.078 ; axis_controller:axis_controller|Tilt_board:tilt_y|HoldValueOnStrb:holdValOnStrb|last_valid_value[2] ; axis_controller:axis_controller|servo_controller:servoPwmY|PWM:pwm|counter_value[9]  ; CLOCK_50     ; CLOCK_50    ; 1.000        ; 0.145      ; 6.210      ;
; -5.069 ; axis_controller:axis_controller|Tilt_board:tilt_y|HoldValueOnStrb:holdValOnStrb|last_valid_value[1] ; axis_controller:axis_controller|servo_controller:servoPwmY|PWM:pwm|counter_value[3]  ; CLOCK_50     ; CLOCK_50    ; 1.000        ; 0.145      ; 6.201      ;
; -5.069 ; axis_controller:axis_controller|Tilt_board:tilt_y|HoldValueOnStrb:holdValOnStrb|last_valid_value[1] ; axis_controller:axis_controller|servo_controller:servoPwmY|PWM:pwm|counter_value[1]  ; CLOCK_50     ; CLOCK_50    ; 1.000        ; 0.145      ; 6.201      ;
; -5.069 ; axis_controller:axis_controller|Tilt_board:tilt_y|HoldValueOnStrb:holdValOnStrb|last_valid_value[1] ; axis_controller:axis_controller|servo_controller:servoPwmY|PWM:pwm|counter_value[2]  ; CLOCK_50     ; CLOCK_50    ; 1.000        ; 0.145      ; 6.201      ;
; -5.069 ; axis_controller:axis_controller|Tilt_board:tilt_y|HoldValueOnStrb:holdValOnStrb|last_valid_value[1] ; axis_controller:axis_controller|servo_controller:servoPwmY|PWM:pwm|counter_value[4]  ; CLOCK_50     ; CLOCK_50    ; 1.000        ; 0.145      ; 6.201      ;
; -5.069 ; axis_controller:axis_controller|Tilt_board:tilt_y|HoldValueOnStrb:holdValOnStrb|last_valid_value[1] ; axis_controller:axis_controller|servo_controller:servoPwmY|PWM:pwm|counter_value[5]  ; CLOCK_50     ; CLOCK_50    ; 1.000        ; 0.145      ; 6.201      ;
; -5.069 ; axis_controller:axis_controller|Tilt_board:tilt_y|HoldValueOnStrb:holdValOnStrb|last_valid_value[1] ; axis_controller:axis_controller|servo_controller:servoPwmY|PWM:pwm|counter_value[6]  ; CLOCK_50     ; CLOCK_50    ; 1.000        ; 0.145      ; 6.201      ;
; -5.069 ; axis_controller:axis_controller|Tilt_board:tilt_y|HoldValueOnStrb:holdValOnStrb|last_valid_value[1] ; axis_controller:axis_controller|servo_controller:servoPwmY|PWM:pwm|counter_value[7]  ; CLOCK_50     ; CLOCK_50    ; 1.000        ; 0.145      ; 6.201      ;
; -5.069 ; axis_controller:axis_controller|Tilt_board:tilt_y|HoldValueOnStrb:holdValOnStrb|last_valid_value[1] ; axis_controller:axis_controller|servo_controller:servoPwmY|PWM:pwm|counter_value[8]  ; CLOCK_50     ; CLOCK_50    ; 1.000        ; 0.145      ; 6.201      ;
; -5.069 ; axis_controller:axis_controller|Tilt_board:tilt_y|HoldValueOnStrb:holdValOnStrb|last_valid_value[1] ; axis_controller:axis_controller|servo_controller:servoPwmY|PWM:pwm|counter_value[9]  ; CLOCK_50     ; CLOCK_50    ; 1.000        ; 0.145      ; 6.201      ;
; -5.003 ; axis_controller:axis_controller|Tilt_board:tilt_y|HoldValueOnStrb:holdValOnStrb|last_valid_value[3] ; axis_controller:axis_controller|servo_controller:servoPwmY|PWM:pwm|counter_value[3]  ; CLOCK_50     ; CLOCK_50    ; 1.000        ; 0.145      ; 6.135      ;
; -5.003 ; axis_controller:axis_controller|Tilt_board:tilt_y|HoldValueOnStrb:holdValOnStrb|last_valid_value[3] ; axis_controller:axis_controller|servo_controller:servoPwmY|PWM:pwm|counter_value[1]  ; CLOCK_50     ; CLOCK_50    ; 1.000        ; 0.145      ; 6.135      ;
; -5.003 ; axis_controller:axis_controller|Tilt_board:tilt_y|HoldValueOnStrb:holdValOnStrb|last_valid_value[3] ; axis_controller:axis_controller|servo_controller:servoPwmY|PWM:pwm|counter_value[2]  ; CLOCK_50     ; CLOCK_50    ; 1.000        ; 0.145      ; 6.135      ;
; -5.003 ; axis_controller:axis_controller|Tilt_board:tilt_y|HoldValueOnStrb:holdValOnStrb|last_valid_value[3] ; axis_controller:axis_controller|servo_controller:servoPwmY|PWM:pwm|counter_value[4]  ; CLOCK_50     ; CLOCK_50    ; 1.000        ; 0.145      ; 6.135      ;
; -5.003 ; axis_controller:axis_controller|Tilt_board:tilt_y|HoldValueOnStrb:holdValOnStrb|last_valid_value[3] ; axis_controller:axis_controller|servo_controller:servoPwmY|PWM:pwm|counter_value[5]  ; CLOCK_50     ; CLOCK_50    ; 1.000        ; 0.145      ; 6.135      ;
; -5.003 ; axis_controller:axis_controller|Tilt_board:tilt_y|HoldValueOnStrb:holdValOnStrb|last_valid_value[3] ; axis_controller:axis_controller|servo_controller:servoPwmY|PWM:pwm|counter_value[6]  ; CLOCK_50     ; CLOCK_50    ; 1.000        ; 0.145      ; 6.135      ;
; -5.003 ; axis_controller:axis_controller|Tilt_board:tilt_y|HoldValueOnStrb:holdValOnStrb|last_valid_value[3] ; axis_controller:axis_controller|servo_controller:servoPwmY|PWM:pwm|counter_value[7]  ; CLOCK_50     ; CLOCK_50    ; 1.000        ; 0.145      ; 6.135      ;
; -5.003 ; axis_controller:axis_controller|Tilt_board:tilt_y|HoldValueOnStrb:holdValOnStrb|last_valid_value[3] ; axis_controller:axis_controller|servo_controller:servoPwmY|PWM:pwm|counter_value[8]  ; CLOCK_50     ; CLOCK_50    ; 1.000        ; 0.145      ; 6.135      ;
; -5.003 ; axis_controller:axis_controller|Tilt_board:tilt_y|HoldValueOnStrb:holdValOnStrb|last_valid_value[3] ; axis_controller:axis_controller|servo_controller:servoPwmY|PWM:pwm|counter_value[9]  ; CLOCK_50     ; CLOCK_50    ; 1.000        ; 0.145      ; 6.135      ;
; -4.944 ; axis_controller:axis_controller|Tilt_board:tilt_y|HoldValueOnStrb:holdValOnStrb|last_valid_value[2] ; axis_controller:axis_controller|servo_controller:servoPwmY|PWM:pwm|counter_value[19] ; CLOCK_50     ; CLOCK_50    ; 1.000        ; 0.142      ; 6.073      ;
; -4.944 ; axis_controller:axis_controller|Tilt_board:tilt_y|HoldValueOnStrb:holdValOnStrb|last_valid_value[2] ; axis_controller:axis_controller|servo_controller:servoPwmY|PWM:pwm|counter_value[0]  ; CLOCK_50     ; CLOCK_50    ; 1.000        ; 0.142      ; 6.073      ;
; -4.944 ; axis_controller:axis_controller|Tilt_board:tilt_y|HoldValueOnStrb:holdValOnStrb|last_valid_value[2] ; axis_controller:axis_controller|servo_controller:servoPwmY|PWM:pwm|counter_value[10] ; CLOCK_50     ; CLOCK_50    ; 1.000        ; 0.142      ; 6.073      ;
; -4.944 ; axis_controller:axis_controller|Tilt_board:tilt_y|HoldValueOnStrb:holdValOnStrb|last_valid_value[2] ; axis_controller:axis_controller|servo_controller:servoPwmY|PWM:pwm|counter_value[11] ; CLOCK_50     ; CLOCK_50    ; 1.000        ; 0.142      ; 6.073      ;
; -4.944 ; axis_controller:axis_controller|Tilt_board:tilt_y|HoldValueOnStrb:holdValOnStrb|last_valid_value[2] ; axis_controller:axis_controller|servo_controller:servoPwmY|PWM:pwm|counter_value[12] ; CLOCK_50     ; CLOCK_50    ; 1.000        ; 0.142      ; 6.073      ;
; -4.944 ; axis_controller:axis_controller|Tilt_board:tilt_y|HoldValueOnStrb:holdValOnStrb|last_valid_value[2] ; axis_controller:axis_controller|servo_controller:servoPwmY|PWM:pwm|counter_value[13] ; CLOCK_50     ; CLOCK_50    ; 1.000        ; 0.142      ; 6.073      ;
; -4.944 ; axis_controller:axis_controller|Tilt_board:tilt_y|HoldValueOnStrb:holdValOnStrb|last_valid_value[2] ; axis_controller:axis_controller|servo_controller:servoPwmY|PWM:pwm|counter_value[14] ; CLOCK_50     ; CLOCK_50    ; 1.000        ; 0.142      ; 6.073      ;
; -4.944 ; axis_controller:axis_controller|Tilt_board:tilt_y|HoldValueOnStrb:holdValOnStrb|last_valid_value[2] ; axis_controller:axis_controller|servo_controller:servoPwmY|PWM:pwm|counter_value[15] ; CLOCK_50     ; CLOCK_50    ; 1.000        ; 0.142      ; 6.073      ;
; -4.944 ; axis_controller:axis_controller|Tilt_board:tilt_y|HoldValueOnStrb:holdValOnStrb|last_valid_value[2] ; axis_controller:axis_controller|servo_controller:servoPwmY|PWM:pwm|counter_value[16] ; CLOCK_50     ; CLOCK_50    ; 1.000        ; 0.142      ; 6.073      ;
; -4.944 ; axis_controller:axis_controller|Tilt_board:tilt_y|HoldValueOnStrb:holdValOnStrb|last_valid_value[2] ; axis_controller:axis_controller|servo_controller:servoPwmY|PWM:pwm|counter_value[17] ; CLOCK_50     ; CLOCK_50    ; 1.000        ; 0.142      ; 6.073      ;
; -4.944 ; axis_controller:axis_controller|Tilt_board:tilt_y|HoldValueOnStrb:holdValOnStrb|last_valid_value[2] ; axis_controller:axis_controller|servo_controller:servoPwmY|PWM:pwm|counter_value[18] ; CLOCK_50     ; CLOCK_50    ; 1.000        ; 0.142      ; 6.073      ;
; -4.935 ; axis_controller:axis_controller|Tilt_board:tilt_y|HoldValueOnStrb:holdValOnStrb|last_valid_value[1] ; axis_controller:axis_controller|servo_controller:servoPwmY|PWM:pwm|counter_value[19] ; CLOCK_50     ; CLOCK_50    ; 1.000        ; 0.142      ; 6.064      ;
; -4.935 ; axis_controller:axis_controller|Tilt_board:tilt_y|HoldValueOnStrb:holdValOnStrb|last_valid_value[1] ; axis_controller:axis_controller|servo_controller:servoPwmY|PWM:pwm|counter_value[0]  ; CLOCK_50     ; CLOCK_50    ; 1.000        ; 0.142      ; 6.064      ;
; -4.935 ; axis_controller:axis_controller|Tilt_board:tilt_y|HoldValueOnStrb:holdValOnStrb|last_valid_value[1] ; axis_controller:axis_controller|servo_controller:servoPwmY|PWM:pwm|counter_value[10] ; CLOCK_50     ; CLOCK_50    ; 1.000        ; 0.142      ; 6.064      ;
; -4.935 ; axis_controller:axis_controller|Tilt_board:tilt_y|HoldValueOnStrb:holdValOnStrb|last_valid_value[1] ; axis_controller:axis_controller|servo_controller:servoPwmY|PWM:pwm|counter_value[11] ; CLOCK_50     ; CLOCK_50    ; 1.000        ; 0.142      ; 6.064      ;
; -4.935 ; axis_controller:axis_controller|Tilt_board:tilt_y|HoldValueOnStrb:holdValOnStrb|last_valid_value[1] ; axis_controller:axis_controller|servo_controller:servoPwmY|PWM:pwm|counter_value[12] ; CLOCK_50     ; CLOCK_50    ; 1.000        ; 0.142      ; 6.064      ;
; -4.935 ; axis_controller:axis_controller|Tilt_board:tilt_y|HoldValueOnStrb:holdValOnStrb|last_valid_value[1] ; axis_controller:axis_controller|servo_controller:servoPwmY|PWM:pwm|counter_value[13] ; CLOCK_50     ; CLOCK_50    ; 1.000        ; 0.142      ; 6.064      ;
; -4.935 ; axis_controller:axis_controller|Tilt_board:tilt_y|HoldValueOnStrb:holdValOnStrb|last_valid_value[1] ; axis_controller:axis_controller|servo_controller:servoPwmY|PWM:pwm|counter_value[14] ; CLOCK_50     ; CLOCK_50    ; 1.000        ; 0.142      ; 6.064      ;
; -4.935 ; axis_controller:axis_controller|Tilt_board:tilt_y|HoldValueOnStrb:holdValOnStrb|last_valid_value[1] ; axis_controller:axis_controller|servo_controller:servoPwmY|PWM:pwm|counter_value[15] ; CLOCK_50     ; CLOCK_50    ; 1.000        ; 0.142      ; 6.064      ;
; -4.935 ; axis_controller:axis_controller|Tilt_board:tilt_y|HoldValueOnStrb:holdValOnStrb|last_valid_value[1] ; axis_controller:axis_controller|servo_controller:servoPwmY|PWM:pwm|counter_value[16] ; CLOCK_50     ; CLOCK_50    ; 1.000        ; 0.142      ; 6.064      ;
; -4.935 ; axis_controller:axis_controller|Tilt_board:tilt_y|HoldValueOnStrb:holdValOnStrb|last_valid_value[1] ; axis_controller:axis_controller|servo_controller:servoPwmY|PWM:pwm|counter_value[17] ; CLOCK_50     ; CLOCK_50    ; 1.000        ; 0.142      ; 6.064      ;
; -4.935 ; axis_controller:axis_controller|Tilt_board:tilt_y|HoldValueOnStrb:holdValOnStrb|last_valid_value[1] ; axis_controller:axis_controller|servo_controller:servoPwmY|PWM:pwm|counter_value[18] ; CLOCK_50     ; CLOCK_50    ; 1.000        ; 0.142      ; 6.064      ;
; -4.869 ; axis_controller:axis_controller|Tilt_board:tilt_y|HoldValueOnStrb:holdValOnStrb|last_valid_value[3] ; axis_controller:axis_controller|servo_controller:servoPwmY|PWM:pwm|counter_value[19] ; CLOCK_50     ; CLOCK_50    ; 1.000        ; 0.142      ; 5.998      ;
; -4.869 ; axis_controller:axis_controller|Tilt_board:tilt_y|HoldValueOnStrb:holdValOnStrb|last_valid_value[3] ; axis_controller:axis_controller|servo_controller:servoPwmY|PWM:pwm|counter_value[0]  ; CLOCK_50     ; CLOCK_50    ; 1.000        ; 0.142      ; 5.998      ;
; -4.869 ; axis_controller:axis_controller|Tilt_board:tilt_y|HoldValueOnStrb:holdValOnStrb|last_valid_value[3] ; axis_controller:axis_controller|servo_controller:servoPwmY|PWM:pwm|counter_value[10] ; CLOCK_50     ; CLOCK_50    ; 1.000        ; 0.142      ; 5.998      ;
; -4.869 ; axis_controller:axis_controller|Tilt_board:tilt_y|HoldValueOnStrb:holdValOnStrb|last_valid_value[3] ; axis_controller:axis_controller|servo_controller:servoPwmY|PWM:pwm|counter_value[11] ; CLOCK_50     ; CLOCK_50    ; 1.000        ; 0.142      ; 5.998      ;
; -4.869 ; axis_controller:axis_controller|Tilt_board:tilt_y|HoldValueOnStrb:holdValOnStrb|last_valid_value[3] ; axis_controller:axis_controller|servo_controller:servoPwmY|PWM:pwm|counter_value[12] ; CLOCK_50     ; CLOCK_50    ; 1.000        ; 0.142      ; 5.998      ;
; -4.869 ; axis_controller:axis_controller|Tilt_board:tilt_y|HoldValueOnStrb:holdValOnStrb|last_valid_value[3] ; axis_controller:axis_controller|servo_controller:servoPwmY|PWM:pwm|counter_value[13] ; CLOCK_50     ; CLOCK_50    ; 1.000        ; 0.142      ; 5.998      ;
; -4.869 ; axis_controller:axis_controller|Tilt_board:tilt_y|HoldValueOnStrb:holdValOnStrb|last_valid_value[3] ; axis_controller:axis_controller|servo_controller:servoPwmY|PWM:pwm|counter_value[14] ; CLOCK_50     ; CLOCK_50    ; 1.000        ; 0.142      ; 5.998      ;
; -4.869 ; axis_controller:axis_controller|Tilt_board:tilt_y|HoldValueOnStrb:holdValOnStrb|last_valid_value[3] ; axis_controller:axis_controller|servo_controller:servoPwmY|PWM:pwm|counter_value[15] ; CLOCK_50     ; CLOCK_50    ; 1.000        ; 0.142      ; 5.998      ;
; -4.869 ; axis_controller:axis_controller|Tilt_board:tilt_y|HoldValueOnStrb:holdValOnStrb|last_valid_value[3] ; axis_controller:axis_controller|servo_controller:servoPwmY|PWM:pwm|counter_value[16] ; CLOCK_50     ; CLOCK_50    ; 1.000        ; 0.142      ; 5.998      ;
; -4.869 ; axis_controller:axis_controller|Tilt_board:tilt_y|HoldValueOnStrb:holdValOnStrb|last_valid_value[3] ; axis_controller:axis_controller|servo_controller:servoPwmY|PWM:pwm|counter_value[17] ; CLOCK_50     ; CLOCK_50    ; 1.000        ; 0.142      ; 5.998      ;
; -4.869 ; axis_controller:axis_controller|Tilt_board:tilt_y|HoldValueOnStrb:holdValOnStrb|last_valid_value[3] ; axis_controller:axis_controller|servo_controller:servoPwmY|PWM:pwm|counter_value[18] ; CLOCK_50     ; CLOCK_50    ; 1.000        ; 0.142      ; 5.998      ;
; -4.800 ; axis_controller:axis_controller|Tilt_board:tilt_x|HoldValueOnStrb:holdValOnStrb|last_valid_value[2] ; axis_controller:axis_controller|servo_controller:servoPwmX|PWM:pwm|counter_value[3]  ; CLOCK_50     ; CLOCK_50    ; 1.000        ; 0.163      ; 5.950      ;
; -4.800 ; axis_controller:axis_controller|Tilt_board:tilt_x|HoldValueOnStrb:holdValOnStrb|last_valid_value[2] ; axis_controller:axis_controller|servo_controller:servoPwmX|PWM:pwm|counter_value[1]  ; CLOCK_50     ; CLOCK_50    ; 1.000        ; 0.163      ; 5.950      ;
; -4.800 ; axis_controller:axis_controller|Tilt_board:tilt_x|HoldValueOnStrb:holdValOnStrb|last_valid_value[2] ; axis_controller:axis_controller|servo_controller:servoPwmX|PWM:pwm|counter_value[2]  ; CLOCK_50     ; CLOCK_50    ; 1.000        ; 0.163      ; 5.950      ;
; -4.800 ; axis_controller:axis_controller|Tilt_board:tilt_x|HoldValueOnStrb:holdValOnStrb|last_valid_value[2] ; axis_controller:axis_controller|servo_controller:servoPwmX|PWM:pwm|counter_value[4]  ; CLOCK_50     ; CLOCK_50    ; 1.000        ; 0.163      ; 5.950      ;
; -4.800 ; axis_controller:axis_controller|Tilt_board:tilt_x|HoldValueOnStrb:holdValOnStrb|last_valid_value[2] ; axis_controller:axis_controller|servo_controller:servoPwmX|PWM:pwm|counter_value[5]  ; CLOCK_50     ; CLOCK_50    ; 1.000        ; 0.163      ; 5.950      ;
; -4.800 ; axis_controller:axis_controller|Tilt_board:tilt_x|HoldValueOnStrb:holdValOnStrb|last_valid_value[2] ; axis_controller:axis_controller|servo_controller:servoPwmX|PWM:pwm|counter_value[6]  ; CLOCK_50     ; CLOCK_50    ; 1.000        ; 0.163      ; 5.950      ;
; -4.800 ; axis_controller:axis_controller|Tilt_board:tilt_x|HoldValueOnStrb:holdValOnStrb|last_valid_value[2] ; axis_controller:axis_controller|servo_controller:servoPwmX|PWM:pwm|counter_value[7]  ; CLOCK_50     ; CLOCK_50    ; 1.000        ; 0.163      ; 5.950      ;
; -4.800 ; axis_controller:axis_controller|Tilt_board:tilt_x|HoldValueOnStrb:holdValOnStrb|last_valid_value[2] ; axis_controller:axis_controller|servo_controller:servoPwmX|PWM:pwm|counter_value[8]  ; CLOCK_50     ; CLOCK_50    ; 1.000        ; 0.163      ; 5.950      ;
; -4.800 ; axis_controller:axis_controller|Tilt_board:tilt_x|HoldValueOnStrb:holdValOnStrb|last_valid_value[2] ; axis_controller:axis_controller|servo_controller:servoPwmX|PWM:pwm|counter_value[9]  ; CLOCK_50     ; CLOCK_50    ; 1.000        ; 0.163      ; 5.950      ;
; -4.794 ; axis_controller:axis_controller|cmd_proc:cmd_proc|fsm_state.IDLE                                    ; axis_controller:axis_controller|servo_controller:servoPwmY|PWM:pwm|counter_value[3]  ; CLOCK_50     ; CLOCK_50    ; 1.000        ; 0.140      ; 5.921      ;
; -4.794 ; axis_controller:axis_controller|cmd_proc:cmd_proc|fsm_state.IDLE                                    ; axis_controller:axis_controller|servo_controller:servoPwmY|PWM:pwm|counter_value[1]  ; CLOCK_50     ; CLOCK_50    ; 1.000        ; 0.140      ; 5.921      ;
; -4.794 ; axis_controller:axis_controller|cmd_proc:cmd_proc|fsm_state.IDLE                                    ; axis_controller:axis_controller|servo_controller:servoPwmY|PWM:pwm|counter_value[2]  ; CLOCK_50     ; CLOCK_50    ; 1.000        ; 0.140      ; 5.921      ;
; -4.794 ; axis_controller:axis_controller|cmd_proc:cmd_proc|fsm_state.IDLE                                    ; axis_controller:axis_controller|servo_controller:servoPwmY|PWM:pwm|counter_value[4]  ; CLOCK_50     ; CLOCK_50    ; 1.000        ; 0.140      ; 5.921      ;
; -4.794 ; axis_controller:axis_controller|cmd_proc:cmd_proc|fsm_state.IDLE                                    ; axis_controller:axis_controller|servo_controller:servoPwmY|PWM:pwm|counter_value[5]  ; CLOCK_50     ; CLOCK_50    ; 1.000        ; 0.140      ; 5.921      ;
; -4.794 ; axis_controller:axis_controller|cmd_proc:cmd_proc|fsm_state.IDLE                                    ; axis_controller:axis_controller|servo_controller:servoPwmY|PWM:pwm|counter_value[6]  ; CLOCK_50     ; CLOCK_50    ; 1.000        ; 0.140      ; 5.921      ;
; -4.794 ; axis_controller:axis_controller|cmd_proc:cmd_proc|fsm_state.IDLE                                    ; axis_controller:axis_controller|servo_controller:servoPwmY|PWM:pwm|counter_value[7]  ; CLOCK_50     ; CLOCK_50    ; 1.000        ; 0.140      ; 5.921      ;
; -4.794 ; axis_controller:axis_controller|cmd_proc:cmd_proc|fsm_state.IDLE                                    ; axis_controller:axis_controller|servo_controller:servoPwmY|PWM:pwm|counter_value[8]  ; CLOCK_50     ; CLOCK_50    ; 1.000        ; 0.140      ; 5.921      ;
; -4.794 ; axis_controller:axis_controller|cmd_proc:cmd_proc|fsm_state.IDLE                                    ; axis_controller:axis_controller|servo_controller:servoPwmY|PWM:pwm|counter_value[9]  ; CLOCK_50     ; CLOCK_50    ; 1.000        ; 0.140      ; 5.921      ;
; -4.787 ; axis_controller:axis_controller|Tilt_board:tilt_y|HoldValueOnStrb:holdValOnStrb|last_valid_value[4] ; axis_controller:axis_controller|servo_controller:servoPwmY|PWM:pwm|counter_value[3]  ; CLOCK_50     ; CLOCK_50    ; 1.000        ; 0.145      ; 5.919      ;
; -4.787 ; axis_controller:axis_controller|Tilt_board:tilt_y|HoldValueOnStrb:holdValOnStrb|last_valid_value[4] ; axis_controller:axis_controller|servo_controller:servoPwmY|PWM:pwm|counter_value[1]  ; CLOCK_50     ; CLOCK_50    ; 1.000        ; 0.145      ; 5.919      ;
; -4.787 ; axis_controller:axis_controller|Tilt_board:tilt_y|HoldValueOnStrb:holdValOnStrb|last_valid_value[4] ; axis_controller:axis_controller|servo_controller:servoPwmY|PWM:pwm|counter_value[2]  ; CLOCK_50     ; CLOCK_50    ; 1.000        ; 0.145      ; 5.919      ;
; -4.787 ; axis_controller:axis_controller|Tilt_board:tilt_y|HoldValueOnStrb:holdValOnStrb|last_valid_value[4] ; axis_controller:axis_controller|servo_controller:servoPwmY|PWM:pwm|counter_value[4]  ; CLOCK_50     ; CLOCK_50    ; 1.000        ; 0.145      ; 5.919      ;
; -4.787 ; axis_controller:axis_controller|Tilt_board:tilt_y|HoldValueOnStrb:holdValOnStrb|last_valid_value[4] ; axis_controller:axis_controller|servo_controller:servoPwmY|PWM:pwm|counter_value[5]  ; CLOCK_50     ; CLOCK_50    ; 1.000        ; 0.145      ; 5.919      ;
; -4.787 ; axis_controller:axis_controller|Tilt_board:tilt_y|HoldValueOnStrb:holdValOnStrb|last_valid_value[4] ; axis_controller:axis_controller|servo_controller:servoPwmY|PWM:pwm|counter_value[6]  ; CLOCK_50     ; CLOCK_50    ; 1.000        ; 0.145      ; 5.919      ;
; -4.787 ; axis_controller:axis_controller|Tilt_board:tilt_y|HoldValueOnStrb:holdValOnStrb|last_valid_value[4] ; axis_controller:axis_controller|servo_controller:servoPwmY|PWM:pwm|counter_value[7]  ; CLOCK_50     ; CLOCK_50    ; 1.000        ; 0.145      ; 5.919      ;
; -4.787 ; axis_controller:axis_controller|Tilt_board:tilt_y|HoldValueOnStrb:holdValOnStrb|last_valid_value[4] ; axis_controller:axis_controller|servo_controller:servoPwmY|PWM:pwm|counter_value[8]  ; CLOCK_50     ; CLOCK_50    ; 1.000        ; 0.145      ; 5.919      ;
; -4.787 ; axis_controller:axis_controller|Tilt_board:tilt_y|HoldValueOnStrb:holdValOnStrb|last_valid_value[4] ; axis_controller:axis_controller|servo_controller:servoPwmY|PWM:pwm|counter_value[9]  ; CLOCK_50     ; CLOCK_50    ; 1.000        ; 0.145      ; 5.919      ;
; -4.753 ; axis_controller:axis_controller|Tilt_board:tilt_x|HoldValueOnStrb:holdValOnStrb|last_valid_value[1] ; axis_controller:axis_controller|servo_controller:servoPwmX|PWM:pwm|counter_value[3]  ; CLOCK_50     ; CLOCK_50    ; 1.000        ; 0.163      ; 5.903      ;
; -4.753 ; axis_controller:axis_controller|Tilt_board:tilt_x|HoldValueOnStrb:holdValOnStrb|last_valid_value[1] ; axis_controller:axis_controller|servo_controller:servoPwmX|PWM:pwm|counter_value[1]  ; CLOCK_50     ; CLOCK_50    ; 1.000        ; 0.163      ; 5.903      ;
; -4.753 ; axis_controller:axis_controller|Tilt_board:tilt_x|HoldValueOnStrb:holdValOnStrb|last_valid_value[1] ; axis_controller:axis_controller|servo_controller:servoPwmX|PWM:pwm|counter_value[2]  ; CLOCK_50     ; CLOCK_50    ; 1.000        ; 0.163      ; 5.903      ;
; -4.753 ; axis_controller:axis_controller|Tilt_board:tilt_x|HoldValueOnStrb:holdValOnStrb|last_valid_value[1] ; axis_controller:axis_controller|servo_controller:servoPwmX|PWM:pwm|counter_value[4]  ; CLOCK_50     ; CLOCK_50    ; 1.000        ; 0.163      ; 5.903      ;
; -4.753 ; axis_controller:axis_controller|Tilt_board:tilt_x|HoldValueOnStrb:holdValOnStrb|last_valid_value[1] ; axis_controller:axis_controller|servo_controller:servoPwmX|PWM:pwm|counter_value[5]  ; CLOCK_50     ; CLOCK_50    ; 1.000        ; 0.163      ; 5.903      ;
; -4.753 ; axis_controller:axis_controller|Tilt_board:tilt_x|HoldValueOnStrb:holdValOnStrb|last_valid_value[1] ; axis_controller:axis_controller|servo_controller:servoPwmX|PWM:pwm|counter_value[6]  ; CLOCK_50     ; CLOCK_50    ; 1.000        ; 0.163      ; 5.903      ;
; -4.753 ; axis_controller:axis_controller|Tilt_board:tilt_x|HoldValueOnStrb:holdValOnStrb|last_valid_value[1] ; axis_controller:axis_controller|servo_controller:servoPwmX|PWM:pwm|counter_value[7]  ; CLOCK_50     ; CLOCK_50    ; 1.000        ; 0.163      ; 5.903      ;
; -4.753 ; axis_controller:axis_controller|Tilt_board:tilt_x|HoldValueOnStrb:holdValOnStrb|last_valid_value[1] ; axis_controller:axis_controller|servo_controller:servoPwmX|PWM:pwm|counter_value[8]  ; CLOCK_50     ; CLOCK_50    ; 1.000        ; 0.163      ; 5.903      ;
; -4.753 ; axis_controller:axis_controller|Tilt_board:tilt_x|HoldValueOnStrb:holdValOnStrb|last_valid_value[1] ; axis_controller:axis_controller|servo_controller:servoPwmX|PWM:pwm|counter_value[9]  ; CLOCK_50     ; CLOCK_50    ; 1.000        ; 0.163      ; 5.903      ;
; -4.731 ; axis_controller:axis_controller|Tilt_board:tilt_x|HoldValueOnStrb:holdValOnStrb|last_valid_value[4] ; axis_controller:axis_controller|servo_controller:servoPwmX|PWM:pwm|counter_value[3]  ; CLOCK_50     ; CLOCK_50    ; 1.000        ; 0.163      ; 5.881      ;
; -4.731 ; axis_controller:axis_controller|Tilt_board:tilt_x|HoldValueOnStrb:holdValOnStrb|last_valid_value[4] ; axis_controller:axis_controller|servo_controller:servoPwmX|PWM:pwm|counter_value[1]  ; CLOCK_50     ; CLOCK_50    ; 1.000        ; 0.163      ; 5.881      ;
; -4.731 ; axis_controller:axis_controller|Tilt_board:tilt_x|HoldValueOnStrb:holdValOnStrb|last_valid_value[4] ; axis_controller:axis_controller|servo_controller:servoPwmX|PWM:pwm|counter_value[2]  ; CLOCK_50     ; CLOCK_50    ; 1.000        ; 0.163      ; 5.881      ;
; -4.731 ; axis_controller:axis_controller|Tilt_board:tilt_x|HoldValueOnStrb:holdValOnStrb|last_valid_value[4] ; axis_controller:axis_controller|servo_controller:servoPwmX|PWM:pwm|counter_value[4]  ; CLOCK_50     ; CLOCK_50    ; 1.000        ; 0.163      ; 5.881      ;
+--------+-----------------------------------------------------------------------------------------------------+--------------------------------------------------------------------------------------+--------------+-------------+--------------+------------+------------+


+---------------------------------------------------------------------------------------------------------------------------------------------------------------------------------------------------------------------------------------------------------------------------------------------------------------------------------------------------------------------------------------------------------------------------------------------------------------+
; Fast 1200mV 0C Model Hold: 'CLOCK_50'                                                                                                                                                                                                                                                                                                                                                                                                                         ;
+-------+---------------------------------------------------------------------------------------------------------------------------------------------------------------------------+-----------------------------------------------------------------------------------------------------------------------------------------------------------------------------------------------------+--------------+-------------+--------------+------------+------------+
; Slack ; From Node                                                                                                                                                                 ; To Node                                                                                                                                                                                             ; Launch Clock ; Latch Clock ; Relationship ; Clock Skew ; Data Delay ;
+-------+---------------------------------------------------------------------------------------------------------------------------------------------------------------------------+-----------------------------------------------------------------------------------------------------------------------------------------------------------------------------------------------------+--------------+-------------+--------------+------------+------------+
; 0.133 ; axis_controller:axis_controller|Tilt_board:tilt_y|moving_avg:moving_avg|altshift_taps:shift_reg_mem_rtl_0|shift_taps_r9n:auto_generated|cntr_luf:cntr1|counter_reg_bit[0] ; axis_controller:axis_controller|Tilt_board:tilt_y|moving_avg:moving_avg|altshift_taps:shift_reg_mem_rtl_0|shift_taps_r9n:auto_generated|altsyncram_66b1:altsyncram2|ram_block5a0~portb_address_reg0 ; CLOCK_50     ; CLOCK_50    ; 0.000        ; 0.242      ; 0.479      ;
; 0.134 ; axis_controller:axis_controller|Tilt_board:tilt_y|moving_avg:moving_avg|altshift_taps:shift_reg_mem_rtl_0|shift_taps_r9n:auto_generated|cntr_luf:cntr1|counter_reg_bit[0] ; axis_controller:axis_controller|Tilt_board:tilt_y|moving_avg:moving_avg|altshift_taps:shift_reg_mem_rtl_0|shift_taps_r9n:auto_generated|altsyncram_66b1:altsyncram2|ram_block5a0~porta_address_reg0 ; CLOCK_50     ; CLOCK_50    ; 0.000        ; 0.240      ; 0.478      ;
; 0.137 ; axis_controller:axis_controller|Tilt_board:tilt_x|moving_avg:moving_avg|altshift_taps:shift_reg_mem_rtl_0|shift_taps_r9n:auto_generated|cntr_luf:cntr1|counter_reg_bit[2] ; axis_controller:axis_controller|Tilt_board:tilt_x|moving_avg:moving_avg|altshift_taps:shift_reg_mem_rtl_0|shift_taps_r9n:auto_generated|altsyncram_66b1:altsyncram2|ram_block5a0~portb_address_reg0 ; CLOCK_50     ; CLOCK_50    ; 0.000        ; 0.244      ; 0.485      ;
; 0.138 ; axis_controller:axis_controller|Tilt_board:tilt_x|moving_avg:moving_avg|altshift_taps:shift_reg_mem_rtl_0|shift_taps_r9n:auto_generated|cntr_luf:cntr1|counter_reg_bit[2] ; axis_controller:axis_controller|Tilt_board:tilt_x|moving_avg:moving_avg|altshift_taps:shift_reg_mem_rtl_0|shift_taps_r9n:auto_generated|altsyncram_66b1:altsyncram2|ram_block5a0~porta_address_reg0 ; CLOCK_50     ; CLOCK_50    ; 0.000        ; 0.242      ; 0.484      ;
; 0.141 ; axis_controller:axis_controller|Tilt_board:tilt_x|moving_avg:moving_avg|altshift_taps:shift_reg_mem_rtl_0|shift_taps_r9n:auto_generated|cntr_luf:cntr1|counter_reg_bit[0] ; axis_controller:axis_controller|Tilt_board:tilt_x|moving_avg:moving_avg|altshift_taps:shift_reg_mem_rtl_0|shift_taps_r9n:auto_generated|altsyncram_66b1:altsyncram2|ram_block5a0~portb_address_reg0 ; CLOCK_50     ; CLOCK_50    ; 0.000        ; 0.244      ; 0.489      ;
; 0.142 ; axis_controller:axis_controller|Tilt_board:tilt_x|moving_avg:moving_avg|altshift_taps:shift_reg_mem_rtl_0|shift_taps_r9n:auto_generated|cntr_luf:cntr1|counter_reg_bit[0] ; axis_controller:axis_controller|Tilt_board:tilt_x|moving_avg:moving_avg|altshift_taps:shift_reg_mem_rtl_0|shift_taps_r9n:auto_generated|altsyncram_66b1:altsyncram2|ram_block5a0~porta_address_reg0 ; CLOCK_50     ; CLOCK_50    ; 0.000        ; 0.242      ; 0.488      ;
; 0.144 ; axis_controller:axis_controller|Tilt_board:tilt_x|moving_avg:moving_avg|altshift_taps:shift_reg_mem_rtl_0|shift_taps_r9n:auto_generated|cntr_luf:cntr1|counter_reg_bit[3] ; axis_controller:axis_controller|Tilt_board:tilt_x|moving_avg:moving_avg|altshift_taps:shift_reg_mem_rtl_0|shift_taps_r9n:auto_generated|altsyncram_66b1:altsyncram2|ram_block5a0~portb_address_reg0 ; CLOCK_50     ; CLOCK_50    ; 0.000        ; 0.244      ; 0.492      ;
; 0.145 ; axis_controller:axis_controller|Tilt_board:tilt_x|moving_avg:moving_avg|altshift_taps:shift_reg_mem_rtl_0|shift_taps_r9n:auto_generated|cntr_luf:cntr1|counter_reg_bit[3] ; axis_controller:axis_controller|Tilt_board:tilt_x|moving_avg:moving_avg|altshift_taps:shift_reg_mem_rtl_0|shift_taps_r9n:auto_generated|altsyncram_66b1:altsyncram2|ram_block5a0~porta_address_reg0 ; CLOCK_50     ; CLOCK_50    ; 0.000        ; 0.242      ; 0.491      ;
; 0.148 ; axis_controller:axis_controller|cmd_proc:cmd_proc|address[4]                                                                                                              ; axis_controller:axis_controller|cmd_proc:cmd_proc|command_rom:cmd_rom|altsyncram:ROMMEM_rtl_0|altsyncram_vn71:auto_generated|ram_block1a7~porta_address_reg0                                        ; CLOCK_50     ; CLOCK_50    ; 0.000        ; 0.226      ; 0.478      ;
; 0.150 ; axis_controller:axis_controller|Tilt_board:tilt_y|moving_avg:moving_avg|altshift_taps:shift_reg_mem_rtl_0|shift_taps_r9n:auto_generated|cntr_luf:cntr1|counter_reg_bit[2] ; axis_controller:axis_controller|Tilt_board:tilt_y|moving_avg:moving_avg|altshift_taps:shift_reg_mem_rtl_0|shift_taps_r9n:auto_generated|altsyncram_66b1:altsyncram2|ram_block5a0~portb_address_reg0 ; CLOCK_50     ; CLOCK_50    ; 0.000        ; 0.242      ; 0.496      ;
; 0.151 ; axis_controller:axis_controller|Tilt_board:tilt_y|moving_avg:moving_avg|altshift_taps:shift_reg_mem_rtl_0|shift_taps_r9n:auto_generated|cntr_luf:cntr1|counter_reg_bit[2] ; axis_controller:axis_controller|Tilt_board:tilt_y|moving_avg:moving_avg|altshift_taps:shift_reg_mem_rtl_0|shift_taps_r9n:auto_generated|altsyncram_66b1:altsyncram2|ram_block5a0~porta_address_reg0 ; CLOCK_50     ; CLOCK_50    ; 0.000        ; 0.240      ; 0.495      ;
; 0.151 ; axis_controller:axis_controller|Tilt_board:tilt_y|moving_avg:moving_avg|altshift_taps:shift_reg_mem_rtl_0|shift_taps_r9n:auto_generated|cntr_luf:cntr1|counter_reg_bit[1] ; axis_controller:axis_controller|Tilt_board:tilt_y|moving_avg:moving_avg|altshift_taps:shift_reg_mem_rtl_0|shift_taps_r9n:auto_generated|altsyncram_66b1:altsyncram2|ram_block5a0~portb_address_reg0 ; CLOCK_50     ; CLOCK_50    ; 0.000        ; 0.242      ; 0.497      ;
; 0.152 ; axis_controller:axis_controller|Tilt_board:tilt_y|moving_avg:moving_avg|altshift_taps:shift_reg_mem_rtl_0|shift_taps_r9n:auto_generated|cntr_luf:cntr1|counter_reg_bit[1] ; axis_controller:axis_controller|Tilt_board:tilt_y|moving_avg:moving_avg|altshift_taps:shift_reg_mem_rtl_0|shift_taps_r9n:auto_generated|altsyncram_66b1:altsyncram2|ram_block5a0~porta_address_reg0 ; CLOCK_50     ; CLOCK_50    ; 0.000        ; 0.240      ; 0.496      ;
; 0.159 ; axis_controller:axis_controller|cmd_proc:cmd_proc|address[0]                                                                                                              ; axis_controller:axis_controller|cmd_proc:cmd_proc|command_rom:cmd_rom|altsyncram:ROMMEM_rtl_0|altsyncram_vn71:auto_generated|ram_block1a7~porta_address_reg0                                        ; CLOCK_50     ; CLOCK_50    ; 0.000        ; 0.226      ; 0.489      ;
; 0.159 ; axis_controller:axis_controller|cmd_proc:cmd_proc|address[2]                                                                                                              ; axis_controller:axis_controller|cmd_proc:cmd_proc|command_rom:cmd_rom|altsyncram:ROMMEM_rtl_0|altsyncram_vn71:auto_generated|ram_block1a7~porta_address_reg0                                        ; CLOCK_50     ; CLOCK_50    ; 0.000        ; 0.226      ; 0.489      ;
; 0.160 ; axis_controller:axis_controller|cmd_proc:cmd_proc|address[3]                                                                                                              ; axis_controller:axis_controller|cmd_proc:cmd_proc|command_rom:cmd_rom|altsyncram:ROMMEM_rtl_0|altsyncram_vn71:auto_generated|ram_block1a7~porta_address_reg0                                        ; CLOCK_50     ; CLOCK_50    ; 0.000        ; 0.226      ; 0.490      ;
; 0.166 ; axis_controller:axis_controller|cmd_proc:cmd_proc|address[5]                                                                                                              ; axis_controller:axis_controller|cmd_proc:cmd_proc|command_rom:cmd_rom|altsyncram:ROMMEM_rtl_0|altsyncram_vn71:auto_generated|ram_block1a7~porta_address_reg0                                        ; CLOCK_50     ; CLOCK_50    ; 0.000        ; 0.226      ; 0.496      ;
; 0.167 ; axis_controller:axis_controller|cmd_proc:cmd_proc|periodical_strb_gen:strb_gen|strobe_generator:strb_gen|strb_val                                                         ; axis_controller:axis_controller|cmd_proc:cmd_proc|periodical_strb_gen:strb_gen|strobe_generator:strb_gen|strb_val                                                                                   ; CLOCK_50     ; CLOCK_50    ; 0.000        ; 0.056      ; 0.307      ;
; 0.167 ; axis_controller:axis_controller|btnCtrl:btnCtrl|debouncer:dbnc_switchTen|periodical_strb_gen:strb_gen|strobe_generator:strb_gen|strb_val                                  ; axis_controller:axis_controller|btnCtrl:btnCtrl|debouncer:dbnc_switchTen|periodical_strb_gen:strb_gen|strobe_generator:strb_gen|strb_val                                                            ; CLOCK_50     ; CLOCK_50    ; 0.000        ; 0.056      ; 0.307      ;
; 0.168 ; axis_controller:axis_controller|btnCtrl:btnCtrl|debouncer:dbnc_decrement|periodical_strb_gen:strb_gen|strobe_generator:strb_gen|strb_val                                  ; axis_controller:axis_controller|btnCtrl:btnCtrl|debouncer:dbnc_decrement|periodical_strb_gen:strb_gen|strobe_generator:strb_gen|strb_val                                                            ; CLOCK_50     ; CLOCK_50    ; 0.000        ; 0.055      ; 0.307      ;
; 0.168 ; axis_controller:axis_controller|btnCtrl:btnCtrl|debouncer:dbnc_increment|periodical_strb_gen:strb_gen|strobe_generator:strb_gen|strb_val                                  ; axis_controller:axis_controller|btnCtrl:btnCtrl|debouncer:dbnc_increment|periodical_strb_gen:strb_gen|strobe_generator:strb_gen|strb_val                                                            ; CLOCK_50     ; CLOCK_50    ; 0.000        ; 0.055      ; 0.307      ;
; 0.173 ; axis_controller:axis_controller|cmd_proc:cmd_proc|periodical_strb_gen:strb_gen|strobe_generator:strb_gen|cycles_until_strobe[0]                                           ; axis_controller:axis_controller|cmd_proc:cmd_proc|periodical_strb_gen:strb_gen|strobe_generator:strb_gen|cycles_until_strobe[0]                                                                     ; CLOCK_50     ; CLOCK_50    ; 0.000        ; 0.057      ; 0.314      ;
; 0.174 ; axis_controller:axis_controller|btnCtrl:btnCtrl|debouncer:dbnc_switchTen|periodical_strb_gen:strb_gen|strobe_generator:strb_gen|cycles_until_strobe[0]                    ; axis_controller:axis_controller|btnCtrl:btnCtrl|debouncer:dbnc_switchTen|periodical_strb_gen:strb_gen|strobe_generator:strb_gen|cycles_until_strobe[0]                                              ; CLOCK_50     ; CLOCK_50    ; 0.000        ; 0.056      ; 0.314      ;
; 0.175 ; axis_controller:axis_controller|cmd_proc:cmd_proc|z_value[14]                                                                                                             ; axis_controller:axis_controller|cmd_proc:cmd_proc|z_value[14]                                                                                                                                       ; CLOCK_50     ; CLOCK_50    ; 0.000        ; 0.048      ; 0.307      ;
; 0.175 ; axis_controller:axis_controller|cmd_proc:cmd_proc|z_value[10]                                                                                                             ; axis_controller:axis_controller|cmd_proc:cmd_proc|z_value[10]                                                                                                                                       ; CLOCK_50     ; CLOCK_50    ; 0.000        ; 0.048      ; 0.307      ;
; 0.175 ; axis_controller:axis_controller|cmd_proc:cmd_proc|theta_sum[23]                                                                                                           ; axis_controller:axis_controller|cmd_proc:cmd_proc|theta_sum[23]                                                                                                                                     ; CLOCK_50     ; CLOCK_50    ; 0.000        ; 0.048      ; 0.307      ;
; 0.175 ; axis_controller:axis_controller|cmd_proc:cmd_proc|theta_sum[22]                                                                                                           ; axis_controller:axis_controller|cmd_proc:cmd_proc|theta_sum[22]                                                                                                                                     ; CLOCK_50     ; CLOCK_50    ; 0.000        ; 0.048      ; 0.307      ;
; 0.175 ; axis_controller:axis_controller|cmd_proc:cmd_proc|theta_sum[21]                                                                                                           ; axis_controller:axis_controller|cmd_proc:cmd_proc|theta_sum[21]                                                                                                                                     ; CLOCK_50     ; CLOCK_50    ; 0.000        ; 0.048      ; 0.307      ;
; 0.175 ; axis_controller:axis_controller|cmd_proc:cmd_proc|theta_sum[17]                                                                                                           ; axis_controller:axis_controller|cmd_proc:cmd_proc|theta_sum[17]                                                                                                                                     ; CLOCK_50     ; CLOCK_50    ; 0.000        ; 0.048      ; 0.307      ;
; 0.175 ; axis_controller:axis_controller|cmd_proc:cmd_proc|theta_sum[11]                                                                                                           ; axis_controller:axis_controller|cmd_proc:cmd_proc|theta_sum[11]                                                                                                                                     ; CLOCK_50     ; CLOCK_50    ; 0.000        ; 0.048      ; 0.307      ;
; 0.175 ; axis_controller:axis_controller|cmd_proc:cmd_proc|theta_sum[9]                                                                                                            ; axis_controller:axis_controller|cmd_proc:cmd_proc|theta_sum[9]                                                                                                                                      ; CLOCK_50     ; CLOCK_50    ; 0.000        ; 0.048      ; 0.307      ;
; 0.175 ; axis_controller:axis_controller|cmd_proc:cmd_proc|theta_sum[8]                                                                                                            ; axis_controller:axis_controller|cmd_proc:cmd_proc|theta_sum[8]                                                                                                                                      ; CLOCK_50     ; CLOCK_50    ; 0.000        ; 0.048      ; 0.307      ;
; 0.175 ; axis_controller:axis_controller|cmd_proc:cmd_proc|theta_sum[7]                                                                                                            ; axis_controller:axis_controller|cmd_proc:cmd_proc|theta_sum[7]                                                                                                                                      ; CLOCK_50     ; CLOCK_50    ; 0.000        ; 0.048      ; 0.307      ;
; 0.175 ; axis_controller:axis_controller|cmd_proc:cmd_proc|theta_sum[3]                                                                                                            ; axis_controller:axis_controller|cmd_proc:cmd_proc|theta_sum[3]                                                                                                                                      ; CLOCK_50     ; CLOCK_50    ; 0.000        ; 0.048      ; 0.307      ;
; 0.175 ; axis_controller:axis_controller|cmd_proc:cmd_proc|theta_sum[2]                                                                                                            ; axis_controller:axis_controller|cmd_proc:cmd_proc|theta_sum[2]                                                                                                                                      ; CLOCK_50     ; CLOCK_50    ; 0.000        ; 0.048      ; 0.307      ;
; 0.175 ; axis_controller:axis_controller|cmd_proc:cmd_proc|theta_sum[1]                                                                                                            ; axis_controller:axis_controller|cmd_proc:cmd_proc|theta_sum[1]                                                                                                                                      ; CLOCK_50     ; CLOCK_50    ; 0.000        ; 0.048      ; 0.307      ;
; 0.175 ; axis_controller:axis_controller|cmd_proc:cmd_proc|theta_sum[0]                                                                                                            ; axis_controller:axis_controller|cmd_proc:cmd_proc|theta_sum[0]                                                                                                                                      ; CLOCK_50     ; CLOCK_50    ; 0.000        ; 0.048      ; 0.307      ;
; 0.175 ; axis_controller:axis_controller|cmd_proc:cmd_proc|r_sum[23]                                                                                                               ; axis_controller:axis_controller|cmd_proc:cmd_proc|r_sum[23]                                                                                                                                         ; CLOCK_50     ; CLOCK_50    ; 0.000        ; 0.048      ; 0.307      ;
; 0.175 ; axis_controller:axis_controller|cmd_proc:cmd_proc|r_sum[22]                                                                                                               ; axis_controller:axis_controller|cmd_proc:cmd_proc|r_sum[22]                                                                                                                                         ; CLOCK_50     ; CLOCK_50    ; 0.000        ; 0.048      ; 0.307      ;
; 0.175 ; axis_controller:axis_controller|cmd_proc:cmd_proc|r_sum[21]                                                                                                               ; axis_controller:axis_controller|cmd_proc:cmd_proc|r_sum[21]                                                                                                                                         ; CLOCK_50     ; CLOCK_50    ; 0.000        ; 0.048      ; 0.307      ;
; 0.175 ; axis_controller:axis_controller|cmd_proc:cmd_proc|r_sum[19]                                                                                                               ; axis_controller:axis_controller|cmd_proc:cmd_proc|r_sum[19]                                                                                                                                         ; CLOCK_50     ; CLOCK_50    ; 0.000        ; 0.048      ; 0.307      ;
; 0.175 ; axis_controller:axis_controller|cmd_proc:cmd_proc|r_sum[18]                                                                                                               ; axis_controller:axis_controller|cmd_proc:cmd_proc|r_sum[18]                                                                                                                                         ; CLOCK_50     ; CLOCK_50    ; 0.000        ; 0.048      ; 0.307      ;
; 0.175 ; axis_controller:axis_controller|cmd_proc:cmd_proc|r_sum[17]                                                                                                               ; axis_controller:axis_controller|cmd_proc:cmd_proc|r_sum[17]                                                                                                                                         ; CLOCK_50     ; CLOCK_50    ; 0.000        ; 0.048      ; 0.307      ;
; 0.175 ; axis_controller:axis_controller|cmd_proc:cmd_proc|r_sum[16]                                                                                                               ; axis_controller:axis_controller|cmd_proc:cmd_proc|r_sum[16]                                                                                                                                         ; CLOCK_50     ; CLOCK_50    ; 0.000        ; 0.048      ; 0.307      ;
; 0.175 ; axis_controller:axis_controller|cmd_proc:cmd_proc|r_sum[13]                                                                                                               ; axis_controller:axis_controller|cmd_proc:cmd_proc|r_sum[13]                                                                                                                                         ; CLOCK_50     ; CLOCK_50    ; 0.000        ; 0.048      ; 0.307      ;
; 0.175 ; axis_controller:axis_controller|cmd_proc:cmd_proc|r_sum[11]                                                                                                               ; axis_controller:axis_controller|cmd_proc:cmd_proc|r_sum[11]                                                                                                                                         ; CLOCK_50     ; CLOCK_50    ; 0.000        ; 0.048      ; 0.307      ;
; 0.175 ; axis_controller:axis_controller|cmd_proc:cmd_proc|r_sum[10]                                                                                                               ; axis_controller:axis_controller|cmd_proc:cmd_proc|r_sum[10]                                                                                                                                         ; CLOCK_50     ; CLOCK_50    ; 0.000        ; 0.048      ; 0.307      ;
; 0.175 ; axis_controller:axis_controller|cmd_proc:cmd_proc|r_sum[7]                                                                                                                ; axis_controller:axis_controller|cmd_proc:cmd_proc|r_sum[7]                                                                                                                                          ; CLOCK_50     ; CLOCK_50    ; 0.000        ; 0.048      ; 0.307      ;
; 0.175 ; axis_controller:axis_controller|cmd_proc:cmd_proc|r_sum[5]                                                                                                                ; axis_controller:axis_controller|cmd_proc:cmd_proc|r_sum[5]                                                                                                                                          ; CLOCK_50     ; CLOCK_50    ; 0.000        ; 0.048      ; 0.307      ;
; 0.175 ; axis_controller:axis_controller|cmd_proc:cmd_proc|r_sum[3]                                                                                                                ; axis_controller:axis_controller|cmd_proc:cmd_proc|r_sum[3]                                                                                                                                          ; CLOCK_50     ; CLOCK_50    ; 0.000        ; 0.048      ; 0.307      ;
; 0.175 ; axis_controller:axis_controller|cmd_proc:cmd_proc|r_sum[2]                                                                                                                ; axis_controller:axis_controller|cmd_proc:cmd_proc|r_sum[2]                                                                                                                                          ; CLOCK_50     ; CLOCK_50    ; 0.000        ; 0.048      ; 0.307      ;
; 0.175 ; axis_controller:axis_controller|cmd_proc:cmd_proc|r_sum[1]                                                                                                                ; axis_controller:axis_controller|cmd_proc:cmd_proc|r_sum[1]                                                                                                                                          ; CLOCK_50     ; CLOCK_50    ; 0.000        ; 0.048      ; 0.307      ;
; 0.175 ; axis_controller:axis_controller|cmd_proc:cmd_proc|r_sum[0]                                                                                                                ; axis_controller:axis_controller|cmd_proc:cmd_proc|r_sum[0]                                                                                                                                          ; CLOCK_50     ; CLOCK_50    ; 0.000        ; 0.048      ; 0.307      ;
; 0.175 ; axis_controller:axis_controller|cmd_proc:cmd_proc|address[5]                                                                                                              ; axis_controller:axis_controller|cmd_proc:cmd_proc|address[5]                                                                                                                                        ; CLOCK_50     ; CLOCK_50    ; 0.000        ; 0.048      ; 0.307      ;
; 0.175 ; axis_controller:axis_controller|cmd_proc:cmd_proc|address[4]                                                                                                              ; axis_controller:axis_controller|cmd_proc:cmd_proc|address[4]                                                                                                                                        ; CLOCK_50     ; CLOCK_50    ; 0.000        ; 0.048      ; 0.307      ;
; 0.175 ; axis_controller:axis_controller|cmd_proc:cmd_proc|address[3]                                                                                                              ; axis_controller:axis_controller|cmd_proc:cmd_proc|address[3]                                                                                                                                        ; CLOCK_50     ; CLOCK_50    ; 0.000        ; 0.048      ; 0.307      ;
; 0.175 ; axis_controller:axis_controller|cmd_proc:cmd_proc|address[2]                                                                                                              ; axis_controller:axis_controller|cmd_proc:cmd_proc|address[2]                                                                                                                                        ; CLOCK_50     ; CLOCK_50    ; 0.000        ; 0.048      ; 0.307      ;
; 0.175 ; axis_controller:axis_controller|cmd_proc:cmd_proc|address[1]                                                                                                              ; axis_controller:axis_controller|cmd_proc:cmd_proc|address[1]                                                                                                                                        ; CLOCK_50     ; CLOCK_50    ; 0.000        ; 0.048      ; 0.307      ;
; 0.175 ; axis_controller:axis_controller|cmd_proc:cmd_proc|address[0]                                                                                                              ; axis_controller:axis_controller|cmd_proc:cmd_proc|address[0]                                                                                                                                        ; CLOCK_50     ; CLOCK_50    ; 0.000        ; 0.048      ; 0.307      ;
; 0.175 ; axis_controller:axis_controller|cmd_proc:cmd_proc|fsm_state.WAIT_FOR_STROBE                                                                                               ; axis_controller:axis_controller|cmd_proc:cmd_proc|fsm_state.WAIT_FOR_STROBE                                                                                                                         ; CLOCK_50     ; CLOCK_50    ; 0.000        ; 0.048      ; 0.307      ;
; 0.175 ; axis_controller:axis_controller|btnCtrl:btnCtrl|debouncer:dbnc_decrement|periodical_strb_gen:strb_gen|strobe_generator:strb_gen|cycles_until_strobe[0]                    ; axis_controller:axis_controller|btnCtrl:btnCtrl|debouncer:dbnc_decrement|periodical_strb_gen:strb_gen|strobe_generator:strb_gen|cycles_until_strobe[0]                                              ; CLOCK_50     ; CLOCK_50    ; 0.000        ; 0.055      ; 0.314      ;
; 0.175 ; axis_controller:axis_controller|btnCtrl:btnCtrl|debouncer:dbnc_increment|periodical_strb_gen:strb_gen|strobe_generator:strb_gen|cycles_until_strobe[0]                    ; axis_controller:axis_controller|btnCtrl:btnCtrl|debouncer:dbnc_increment|periodical_strb_gen:strb_gen|strobe_generator:strb_gen|cycles_until_strobe[0]                                              ; CLOCK_50     ; CLOCK_50    ; 0.000        ; 0.055      ; 0.314      ;
; 0.176 ; axis_controller:axis_controller|cmd_proc:cmd_proc|theta_sum[20]                                                                                                           ; axis_controller:axis_controller|cmd_proc:cmd_proc|theta_sum[20]                                                                                                                                     ; CLOCK_50     ; CLOCK_50    ; 0.000        ; 0.047      ; 0.307      ;
; 0.176 ; axis_controller:axis_controller|cmd_proc:cmd_proc|theta_sum[12]                                                                                                           ; axis_controller:axis_controller|cmd_proc:cmd_proc|theta_sum[12]                                                                                                                                     ; CLOCK_50     ; CLOCK_50    ; 0.000        ; 0.047      ; 0.307      ;
; 0.176 ; axis_controller:axis_controller|cmd_proc:cmd_proc|command_count[31]                                                                                                       ; axis_controller:axis_controller|cmd_proc:cmd_proc|command_count[31]                                                                                                                                 ; CLOCK_50     ; CLOCK_50    ; 0.000        ; 0.047      ; 0.307      ;
; 0.176 ; axis_controller:axis_controller|cmd_proc:cmd_proc|command_count[0]                                                                                                        ; axis_controller:axis_controller|cmd_proc:cmd_proc|command_count[0]                                                                                                                                  ; CLOCK_50     ; CLOCK_50    ; 0.000        ; 0.047      ; 0.307      ;
; 0.176 ; axis_controller:axis_controller|cmd_proc:cmd_proc|command_count[1]                                                                                                        ; axis_controller:axis_controller|cmd_proc:cmd_proc|command_count[1]                                                                                                                                  ; CLOCK_50     ; CLOCK_50    ; 0.000        ; 0.047      ; 0.307      ;
; 0.176 ; axis_controller:axis_controller|cmd_proc:cmd_proc|command_count[2]                                                                                                        ; axis_controller:axis_controller|cmd_proc:cmd_proc|command_count[2]                                                                                                                                  ; CLOCK_50     ; CLOCK_50    ; 0.000        ; 0.047      ; 0.307      ;
; 0.176 ; axis_controller:axis_controller|cmd_proc:cmd_proc|command_count[3]                                                                                                        ; axis_controller:axis_controller|cmd_proc:cmd_proc|command_count[3]                                                                                                                                  ; CLOCK_50     ; CLOCK_50    ; 0.000        ; 0.047      ; 0.307      ;
; 0.176 ; axis_controller:axis_controller|cmd_proc:cmd_proc|command_count[4]                                                                                                        ; axis_controller:axis_controller|cmd_proc:cmd_proc|command_count[4]                                                                                                                                  ; CLOCK_50     ; CLOCK_50    ; 0.000        ; 0.047      ; 0.307      ;
; 0.176 ; axis_controller:axis_controller|cmd_proc:cmd_proc|command_count[5]                                                                                                        ; axis_controller:axis_controller|cmd_proc:cmd_proc|command_count[5]                                                                                                                                  ; CLOCK_50     ; CLOCK_50    ; 0.000        ; 0.047      ; 0.307      ;
; 0.176 ; axis_controller:axis_controller|cmd_proc:cmd_proc|command_count[15]                                                                                                       ; axis_controller:axis_controller|cmd_proc:cmd_proc|command_count[15]                                                                                                                                 ; CLOCK_50     ; CLOCK_50    ; 0.000        ; 0.047      ; 0.307      ;
; 0.176 ; axis_controller:axis_controller|cmd_proc:cmd_proc|command_count[16]                                                                                                       ; axis_controller:axis_controller|cmd_proc:cmd_proc|command_count[16]                                                                                                                                 ; CLOCK_50     ; CLOCK_50    ; 0.000        ; 0.047      ; 0.307      ;
; 0.176 ; axis_controller:axis_controller|cmd_proc:cmd_proc|command_count[17]                                                                                                       ; axis_controller:axis_controller|cmd_proc:cmd_proc|command_count[17]                                                                                                                                 ; CLOCK_50     ; CLOCK_50    ; 0.000        ; 0.047      ; 0.307      ;
; 0.176 ; axis_controller:axis_controller|cmd_proc:cmd_proc|command_count[18]                                                                                                       ; axis_controller:axis_controller|cmd_proc:cmd_proc|command_count[18]                                                                                                                                 ; CLOCK_50     ; CLOCK_50    ; 0.000        ; 0.047      ; 0.307      ;
; 0.176 ; axis_controller:axis_controller|cmd_proc:cmd_proc|command_count[22]                                                                                                       ; axis_controller:axis_controller|cmd_proc:cmd_proc|command_count[22]                                                                                                                                 ; CLOCK_50     ; CLOCK_50    ; 0.000        ; 0.047      ; 0.307      ;
; 0.176 ; axis_controller:axis_controller|cmd_proc:cmd_proc|command_count[23]                                                                                                       ; axis_controller:axis_controller|cmd_proc:cmd_proc|command_count[23]                                                                                                                                 ; CLOCK_50     ; CLOCK_50    ; 0.000        ; 0.047      ; 0.307      ;
; 0.176 ; axis_controller:axis_controller|cmd_proc:cmd_proc|command_count[24]                                                                                                       ; axis_controller:axis_controller|cmd_proc:cmd_proc|command_count[24]                                                                                                                                 ; CLOCK_50     ; CLOCK_50    ; 0.000        ; 0.047      ; 0.307      ;
; 0.176 ; axis_controller:axis_controller|cmd_proc:cmd_proc|command_count[25]                                                                                                       ; axis_controller:axis_controller|cmd_proc:cmd_proc|command_count[25]                                                                                                                                 ; CLOCK_50     ; CLOCK_50    ; 0.000        ; 0.047      ; 0.307      ;
; 0.176 ; axis_controller:axis_controller|cmd_proc:cmd_proc|command_count[26]                                                                                                       ; axis_controller:axis_controller|cmd_proc:cmd_proc|command_count[26]                                                                                                                                 ; CLOCK_50     ; CLOCK_50    ; 0.000        ; 0.047      ; 0.307      ;
; 0.176 ; axis_controller:axis_controller|cmd_proc:cmd_proc|command_count[27]                                                                                                       ; axis_controller:axis_controller|cmd_proc:cmd_proc|command_count[27]                                                                                                                                 ; CLOCK_50     ; CLOCK_50    ; 0.000        ; 0.047      ; 0.307      ;
; 0.176 ; axis_controller:axis_controller|cmd_proc:cmd_proc|command_count[28]                                                                                                       ; axis_controller:axis_controller|cmd_proc:cmd_proc|command_count[28]                                                                                                                                 ; CLOCK_50     ; CLOCK_50    ; 0.000        ; 0.047      ; 0.307      ;
; 0.176 ; axis_controller:axis_controller|cmd_proc:cmd_proc|command_count[29]                                                                                                       ; axis_controller:axis_controller|cmd_proc:cmd_proc|command_count[29]                                                                                                                                 ; CLOCK_50     ; CLOCK_50    ; 0.000        ; 0.047      ; 0.307      ;
; 0.176 ; axis_controller:axis_controller|cmd_proc:cmd_proc|command_count[30]                                                                                                       ; axis_controller:axis_controller|cmd_proc:cmd_proc|command_count[30]                                                                                                                                 ; CLOCK_50     ; CLOCK_50    ; 0.000        ; 0.047      ; 0.307      ;
; 0.176 ; axis_controller:axis_controller|btnCtrl:btnCtrl|debouncer:dbnc_switchTen|dbnc                                                                                             ; axis_controller:axis_controller|btnCtrl:btnCtrl|debouncer:dbnc_switchTen|dbnc                                                                                                                       ; CLOCK_50     ; CLOCK_50    ; 0.000        ; 0.047      ; 0.307      ;
; 0.176 ; axis_controller:axis_controller|btnCtrl:btnCtrl|adc_strb                                                                                                                  ; axis_controller:axis_controller|btnCtrl:btnCtrl|adc_strb                                                                                                                                            ; CLOCK_50     ; CLOCK_50    ; 0.000        ; 0.047      ; 0.307      ;
; 0.176 ; axis_controller:axis_controller|btnCtrl:btnCtrl|fsm_state.DECREMENT                                                                                                       ; axis_controller:axis_controller|btnCtrl:btnCtrl|fsm_state.DECREMENT                                                                                                                                 ; CLOCK_50     ; CLOCK_50    ; 0.000        ; 0.047      ; 0.307      ;
; 0.176 ; axis_controller:axis_controller|btnCtrl:btnCtrl|fsm_state.INCREMENT                                                                                                       ; axis_controller:axis_controller|btnCtrl:btnCtrl|fsm_state.INCREMENT                                                                                                                                 ; CLOCK_50     ; CLOCK_50    ; 0.000        ; 0.047      ; 0.307      ;
; 0.176 ; axis_controller:axis_controller|btnCtrl:btnCtrl|fsm_state.IDLE                                                                                                            ; axis_controller:axis_controller|btnCtrl:btnCtrl|fsm_state.IDLE                                                                                                                                      ; CLOCK_50     ; CLOCK_50    ; 0.000        ; 0.047      ; 0.307      ;
; 0.176 ; axis_controller:axis_controller|btnCtrl:btnCtrl|debouncer:dbnc_decrement|dbnc                                                                                             ; axis_controller:axis_controller|btnCtrl:btnCtrl|debouncer:dbnc_decrement|dbnc                                                                                                                       ; CLOCK_50     ; CLOCK_50    ; 0.000        ; 0.047      ; 0.307      ;
; 0.176 ; axis_controller:axis_controller|btnCtrl:btnCtrl|debouncer:dbnc_increment|dbnc                                                                                             ; axis_controller:axis_controller|btnCtrl:btnCtrl|debouncer:dbnc_increment|dbnc                                                                                                                       ; CLOCK_50     ; CLOCK_50    ; 0.000        ; 0.047      ; 0.307      ;
; 0.176 ; axis_controller:axis_controller|Tilt_board:tilt_x|DeltaADC:adc|strobe_generator:strobe_gen|strb_val                                                                       ; axis_controller:axis_controller|Tilt_board:tilt_x|DeltaADC:adc|strobe_generator:strobe_gen|strb_val                                                                                                 ; CLOCK_50     ; CLOCK_50    ; 0.000        ; 0.047      ; 0.307      ;
; 0.177 ; axis_controller:axis_controller|cmd_proc:cmd_proc|command_count[6]                                                                                                        ; axis_controller:axis_controller|cmd_proc:cmd_proc|command_count[6]                                                                                                                                  ; CLOCK_50     ; CLOCK_50    ; 0.000        ; 0.046      ; 0.307      ;
; 0.177 ; axis_controller:axis_controller|cmd_proc:cmd_proc|command_count[7]                                                                                                        ; axis_controller:axis_controller|cmd_proc:cmd_proc|command_count[7]                                                                                                                                  ; CLOCK_50     ; CLOCK_50    ; 0.000        ; 0.046      ; 0.307      ;
; 0.177 ; axis_controller:axis_controller|cmd_proc:cmd_proc|command_count[8]                                                                                                        ; axis_controller:axis_controller|cmd_proc:cmd_proc|command_count[8]                                                                                                                                  ; CLOCK_50     ; CLOCK_50    ; 0.000        ; 0.046      ; 0.307      ;
; 0.177 ; axis_controller:axis_controller|cmd_proc:cmd_proc|command_count[9]                                                                                                        ; axis_controller:axis_controller|cmd_proc:cmd_proc|command_count[9]                                                                                                                                  ; CLOCK_50     ; CLOCK_50    ; 0.000        ; 0.046      ; 0.307      ;
; 0.177 ; axis_controller:axis_controller|cmd_proc:cmd_proc|command_count[10]                                                                                                       ; axis_controller:axis_controller|cmd_proc:cmd_proc|command_count[10]                                                                                                                                 ; CLOCK_50     ; CLOCK_50    ; 0.000        ; 0.046      ; 0.307      ;
; 0.177 ; axis_controller:axis_controller|cmd_proc:cmd_proc|command_count[11]                                                                                                       ; axis_controller:axis_controller|cmd_proc:cmd_proc|command_count[11]                                                                                                                                 ; CLOCK_50     ; CLOCK_50    ; 0.000        ; 0.046      ; 0.307      ;
; 0.177 ; axis_controller:axis_controller|cmd_proc:cmd_proc|command_count[12]                                                                                                       ; axis_controller:axis_controller|cmd_proc:cmd_proc|command_count[12]                                                                                                                                 ; CLOCK_50     ; CLOCK_50    ; 0.000        ; 0.046      ; 0.307      ;
; 0.177 ; axis_controller:axis_controller|cmd_proc:cmd_proc|command_count[13]                                                                                                       ; axis_controller:axis_controller|cmd_proc:cmd_proc|command_count[13]                                                                                                                                 ; CLOCK_50     ; CLOCK_50    ; 0.000        ; 0.046      ; 0.307      ;
+-------+---------------------------------------------------------------------------------------------------------------------------------------------------------------------------+-----------------------------------------------------------------------------------------------------------------------------------------------------------------------------------------------------+--------------+-------------+--------------+------------+------------+


+-----------------------------------------------------------------------------------------------------------------------------------------------------------------------------------------------------------------------------------------------------------------------------------------------------------------------------------------------------------------------------------------------------------------+
; Fast 1200mV 0C Model Recovery: 'CLOCK_50'                                                                                                                                                                                                                                                                                                                                                                       ;
+--------+-----------------------------------------------------------------------------------------------------------------------------------------------+----------------------------------------------------------------------------------------------------------------------------------------------------------------------------------+--------------+-------------+--------------+------------+------------+
; Slack  ; From Node                                                                                                                                     ; To Node                                                                                                                                                                          ; Launch Clock ; Latch Clock ; Relationship ; Clock Skew ; Data Delay ;
+--------+-----------------------------------------------------------------------------------------------------------------------------------------------+----------------------------------------------------------------------------------------------------------------------------------------------------------------------------------+--------------+-------------+--------------+------------+------------+
; -0.082 ; axis_controller:axis_controller|Tilt_board:tilt_y|moving_avg:moving_avg|altshift_taps:shift_reg_mem_rtl_0|shift_taps_r9n:auto_generated|dffe4 ; axis_controller:axis_controller|Tilt_board:tilt_y|moving_avg:moving_avg|altshift_taps:shift_reg_mem_rtl_0|shift_taps_r9n:auto_generated|altsyncram_66b1:altsyncram2|ram_block5a0 ; CLOCK_50     ; CLOCK_50    ; 1.000        ; 0.123      ; 1.160      ;
; -0.082 ; axis_controller:axis_controller|Tilt_board:tilt_y|moving_avg:moving_avg|altshift_taps:shift_reg_mem_rtl_0|shift_taps_r9n:auto_generated|dffe4 ; axis_controller:axis_controller|Tilt_board:tilt_y|moving_avg:moving_avg|altshift_taps:shift_reg_mem_rtl_0|shift_taps_r9n:auto_generated|altsyncram_66b1:altsyncram2|ram_block5a1 ; CLOCK_50     ; CLOCK_50    ; 1.000        ; 0.123      ; 1.160      ;
; -0.082 ; axis_controller:axis_controller|Tilt_board:tilt_y|moving_avg:moving_avg|altshift_taps:shift_reg_mem_rtl_0|shift_taps_r9n:auto_generated|dffe4 ; axis_controller:axis_controller|Tilt_board:tilt_y|moving_avg:moving_avg|altshift_taps:shift_reg_mem_rtl_0|shift_taps_r9n:auto_generated|altsyncram_66b1:altsyncram2|ram_block5a2 ; CLOCK_50     ; CLOCK_50    ; 1.000        ; 0.123      ; 1.160      ;
; -0.082 ; axis_controller:axis_controller|Tilt_board:tilt_y|moving_avg:moving_avg|altshift_taps:shift_reg_mem_rtl_0|shift_taps_r9n:auto_generated|dffe4 ; axis_controller:axis_controller|Tilt_board:tilt_y|moving_avg:moving_avg|altshift_taps:shift_reg_mem_rtl_0|shift_taps_r9n:auto_generated|altsyncram_66b1:altsyncram2|ram_block5a3 ; CLOCK_50     ; CLOCK_50    ; 1.000        ; 0.123      ; 1.160      ;
; -0.082 ; axis_controller:axis_controller|Tilt_board:tilt_y|moving_avg:moving_avg|altshift_taps:shift_reg_mem_rtl_0|shift_taps_r9n:auto_generated|dffe4 ; axis_controller:axis_controller|Tilt_board:tilt_y|moving_avg:moving_avg|altshift_taps:shift_reg_mem_rtl_0|shift_taps_r9n:auto_generated|altsyncram_66b1:altsyncram2|ram_block5a4 ; CLOCK_50     ; CLOCK_50    ; 1.000        ; 0.123      ; 1.160      ;
; -0.082 ; axis_controller:axis_controller|Tilt_board:tilt_y|moving_avg:moving_avg|altshift_taps:shift_reg_mem_rtl_0|shift_taps_r9n:auto_generated|dffe4 ; axis_controller:axis_controller|Tilt_board:tilt_y|moving_avg:moving_avg|altshift_taps:shift_reg_mem_rtl_0|shift_taps_r9n:auto_generated|altsyncram_66b1:altsyncram2|ram_block5a5 ; CLOCK_50     ; CLOCK_50    ; 1.000        ; 0.123      ; 1.160      ;
; -0.082 ; axis_controller:axis_controller|Tilt_board:tilt_y|moving_avg:moving_avg|altshift_taps:shift_reg_mem_rtl_0|shift_taps_r9n:auto_generated|dffe4 ; axis_controller:axis_controller|Tilt_board:tilt_y|moving_avg:moving_avg|altshift_taps:shift_reg_mem_rtl_0|shift_taps_r9n:auto_generated|altsyncram_66b1:altsyncram2|ram_block5a6 ; CLOCK_50     ; CLOCK_50    ; 1.000        ; 0.123      ; 1.160      ;
; -0.082 ; axis_controller:axis_controller|Tilt_board:tilt_y|moving_avg:moving_avg|altshift_taps:shift_reg_mem_rtl_0|shift_taps_r9n:auto_generated|dffe4 ; axis_controller:axis_controller|Tilt_board:tilt_y|moving_avg:moving_avg|altshift_taps:shift_reg_mem_rtl_0|shift_taps_r9n:auto_generated|altsyncram_66b1:altsyncram2|ram_block5a7 ; CLOCK_50     ; CLOCK_50    ; 1.000        ; 0.123      ; 1.160      ;
; -0.058 ; axis_controller:axis_controller|cmd_proc:cmd_proc|periodical_strb_gen:strb_gen|sync_rst                                                       ; axis_controller:axis_controller|cmd_proc:cmd_proc|periodical_strb_gen:strb_gen|strobe_generator:strb_gen|cycles_until_strobe[0]                                                  ; CLOCK_50     ; CLOCK_50    ; 1.000        ; -0.055     ; 0.990      ;
; -0.055 ; axis_controller:axis_controller|cmd_proc:cmd_proc|periodical_strb_gen:strb_gen|sync_rst                                                       ; axis_controller:axis_controller|cmd_proc:cmd_proc|periodical_strb_gen:strb_gen|strobe_generator:strb_gen|strb_val                                                                ; CLOCK_50     ; CLOCK_50    ; 1.000        ; -0.056     ; 0.986      ;
; -0.055 ; axis_controller:axis_controller|cmd_proc:cmd_proc|periodical_strb_gen:strb_gen|sync_rst                                                       ; axis_controller:axis_controller|cmd_proc:cmd_proc|periodical_strb_gen:strb_gen|strobe_generator:strb_gen|cycles_until_strobe[7]                                                  ; CLOCK_50     ; CLOCK_50    ; 1.000        ; -0.056     ; 0.986      ;
; -0.055 ; axis_controller:axis_controller|cmd_proc:cmd_proc|periodical_strb_gen:strb_gen|sync_rst                                                       ; axis_controller:axis_controller|cmd_proc:cmd_proc|periodical_strb_gen:strb_gen|strobe_generator:strb_gen|cycles_until_strobe[8]                                                  ; CLOCK_50     ; CLOCK_50    ; 1.000        ; -0.056     ; 0.986      ;
; -0.055 ; axis_controller:axis_controller|cmd_proc:cmd_proc|periodical_strb_gen:strb_gen|sync_rst                                                       ; axis_controller:axis_controller|cmd_proc:cmd_proc|periodical_strb_gen:strb_gen|strobe_generator:strb_gen|cycles_until_strobe[10]                                                 ; CLOCK_50     ; CLOCK_50    ; 1.000        ; -0.056     ; 0.986      ;
; -0.055 ; axis_controller:axis_controller|cmd_proc:cmd_proc|periodical_strb_gen:strb_gen|sync_rst                                                       ; axis_controller:axis_controller|cmd_proc:cmd_proc|periodical_strb_gen:strb_gen|strobe_generator:strb_gen|cycles_until_strobe[11]                                                 ; CLOCK_50     ; CLOCK_50    ; 1.000        ; -0.056     ; 0.986      ;
; -0.055 ; axis_controller:axis_controller|cmd_proc:cmd_proc|periodical_strb_gen:strb_gen|sync_rst                                                       ; axis_controller:axis_controller|cmd_proc:cmd_proc|periodical_strb_gen:strb_gen|strobe_generator:strb_gen|cycles_until_strobe[12]                                                 ; CLOCK_50     ; CLOCK_50    ; 1.000        ; -0.056     ; 0.986      ;
; -0.055 ; axis_controller:axis_controller|cmd_proc:cmd_proc|periodical_strb_gen:strb_gen|sync_rst                                                       ; axis_controller:axis_controller|cmd_proc:cmd_proc|periodical_strb_gen:strb_gen|strobe_generator:strb_gen|cycles_until_strobe[13]                                                 ; CLOCK_50     ; CLOCK_50    ; 1.000        ; -0.056     ; 0.986      ;
; -0.055 ; axis_controller:axis_controller|cmd_proc:cmd_proc|periodical_strb_gen:strb_gen|sync_rst                                                       ; axis_controller:axis_controller|cmd_proc:cmd_proc|periodical_strb_gen:strb_gen|strobe_generator:strb_gen|cycles_until_strobe[14]                                                 ; CLOCK_50     ; CLOCK_50    ; 1.000        ; -0.056     ; 0.986      ;
; -0.055 ; axis_controller:axis_controller|cmd_proc:cmd_proc|periodical_strb_gen:strb_gen|sync_rst                                                       ; axis_controller:axis_controller|cmd_proc:cmd_proc|periodical_strb_gen:strb_gen|strobe_generator:strb_gen|cycles_until_strobe[9]                                                  ; CLOCK_50     ; CLOCK_50    ; 1.000        ; -0.056     ; 0.986      ;
; -0.055 ; axis_controller:axis_controller|cmd_proc:cmd_proc|periodical_strb_gen:strb_gen|sync_rst                                                       ; axis_controller:axis_controller|cmd_proc:cmd_proc|periodical_strb_gen:strb_gen|strobe_generator:strb_gen|cycles_until_strobe[5]                                                  ; CLOCK_50     ; CLOCK_50    ; 1.000        ; -0.056     ; 0.986      ;
; -0.055 ; axis_controller:axis_controller|cmd_proc:cmd_proc|periodical_strb_gen:strb_gen|sync_rst                                                       ; axis_controller:axis_controller|cmd_proc:cmd_proc|periodical_strb_gen:strb_gen|strobe_generator:strb_gen|cycles_until_strobe[4]                                                  ; CLOCK_50     ; CLOCK_50    ; 1.000        ; -0.056     ; 0.986      ;
; -0.055 ; axis_controller:axis_controller|cmd_proc:cmd_proc|periodical_strb_gen:strb_gen|sync_rst                                                       ; axis_controller:axis_controller|cmd_proc:cmd_proc|periodical_strb_gen:strb_gen|strobe_generator:strb_gen|cycles_until_strobe[3]                                                  ; CLOCK_50     ; CLOCK_50    ; 1.000        ; -0.056     ; 0.986      ;
; -0.055 ; axis_controller:axis_controller|cmd_proc:cmd_proc|periodical_strb_gen:strb_gen|sync_rst                                                       ; axis_controller:axis_controller|cmd_proc:cmd_proc|periodical_strb_gen:strb_gen|strobe_generator:strb_gen|cycles_until_strobe[2]                                                  ; CLOCK_50     ; CLOCK_50    ; 1.000        ; -0.056     ; 0.986      ;
; -0.055 ; axis_controller:axis_controller|cmd_proc:cmd_proc|periodical_strb_gen:strb_gen|sync_rst                                                       ; axis_controller:axis_controller|cmd_proc:cmd_proc|periodical_strb_gen:strb_gen|strobe_generator:strb_gen|cycles_until_strobe[1]                                                  ; CLOCK_50     ; CLOCK_50    ; 1.000        ; -0.056     ; 0.986      ;
; -0.033 ; axis_controller:axis_controller|cmd_proc:cmd_proc|periodical_strb_gen:strb_gen|sync_rst                                                       ; axis_controller:axis_controller|cmd_proc:cmd_proc|periodical_strb_gen:strb_gen|strobe_generator:strb_gen|cycles_until_strobe[6]                                                  ; CLOCK_50     ; CLOCK_50    ; 1.000        ; -0.056     ; 0.964      ;
; -0.032 ; axis_controller:axis_controller|cmd_proc:cmd_proc|periodical_strb_gen:strb_gen|sync_rst                                                       ; axis_controller:axis_controller|cmd_proc:cmd_proc|periodical_strb_gen:strb_gen|strobe_generator:strb_gen|cycles_until_strobe[22]                                                 ; CLOCK_50     ; CLOCK_50    ; 1.000        ; -0.252     ; 0.767      ;
; -0.032 ; axis_controller:axis_controller|cmd_proc:cmd_proc|periodical_strb_gen:strb_gen|sync_rst                                                       ; axis_controller:axis_controller|cmd_proc:cmd_proc|periodical_strb_gen:strb_gen|strobe_generator:strb_gen|cycles_until_strobe[23]                                                 ; CLOCK_50     ; CLOCK_50    ; 1.000        ; -0.252     ; 0.767      ;
; -0.032 ; axis_controller:axis_controller|cmd_proc:cmd_proc|periodical_strb_gen:strb_gen|sync_rst                                                       ; axis_controller:axis_controller|cmd_proc:cmd_proc|periodical_strb_gen:strb_gen|strobe_generator:strb_gen|cycles_until_strobe[24]                                                 ; CLOCK_50     ; CLOCK_50    ; 1.000        ; -0.252     ; 0.767      ;
; -0.032 ; axis_controller:axis_controller|cmd_proc:cmd_proc|periodical_strb_gen:strb_gen|sync_rst                                                       ; axis_controller:axis_controller|cmd_proc:cmd_proc|periodical_strb_gen:strb_gen|strobe_generator:strb_gen|cycles_until_strobe[25]                                                 ; CLOCK_50     ; CLOCK_50    ; 1.000        ; -0.252     ; 0.767      ;
; -0.032 ; axis_controller:axis_controller|cmd_proc:cmd_proc|periodical_strb_gen:strb_gen|sync_rst                                                       ; axis_controller:axis_controller|cmd_proc:cmd_proc|periodical_strb_gen:strb_gen|strobe_generator:strb_gen|cycles_until_strobe[26]                                                 ; CLOCK_50     ; CLOCK_50    ; 1.000        ; -0.252     ; 0.767      ;
; -0.032 ; axis_controller:axis_controller|cmd_proc:cmd_proc|periodical_strb_gen:strb_gen|sync_rst                                                       ; axis_controller:axis_controller|cmd_proc:cmd_proc|periodical_strb_gen:strb_gen|strobe_generator:strb_gen|cycles_until_strobe[19]                                                 ; CLOCK_50     ; CLOCK_50    ; 1.000        ; -0.252     ; 0.767      ;
; -0.032 ; axis_controller:axis_controller|cmd_proc:cmd_proc|periodical_strb_gen:strb_gen|sync_rst                                                       ; axis_controller:axis_controller|cmd_proc:cmd_proc|periodical_strb_gen:strb_gen|strobe_generator:strb_gen|cycles_until_strobe[18]                                                 ; CLOCK_50     ; CLOCK_50    ; 1.000        ; -0.252     ; 0.767      ;
; -0.032 ; axis_controller:axis_controller|cmd_proc:cmd_proc|periodical_strb_gen:strb_gen|sync_rst                                                       ; axis_controller:axis_controller|cmd_proc:cmd_proc|periodical_strb_gen:strb_gen|strobe_generator:strb_gen|cycles_until_strobe[17]                                                 ; CLOCK_50     ; CLOCK_50    ; 1.000        ; -0.252     ; 0.767      ;
; -0.032 ; axis_controller:axis_controller|cmd_proc:cmd_proc|periodical_strb_gen:strb_gen|sync_rst                                                       ; axis_controller:axis_controller|cmd_proc:cmd_proc|periodical_strb_gen:strb_gen|strobe_generator:strb_gen|cycles_until_strobe[16]                                                 ; CLOCK_50     ; CLOCK_50    ; 1.000        ; -0.252     ; 0.767      ;
; 0.026  ; axis_controller:axis_controller|cmd_proc:cmd_proc|periodical_strb_gen:strb_gen|sync_rst                                                       ; axis_controller:axis_controller|cmd_proc:cmd_proc|periodical_strb_gen:strb_gen|strobe_generator:strb_gen|strb_o                                                                  ; CLOCK_50     ; CLOCK_50    ; 1.000        ; -0.056     ; 0.905      ;
; 0.026  ; axis_controller:axis_controller|cmd_proc:cmd_proc|periodical_strb_gen:strb_gen|sync_rst                                                       ; axis_controller:axis_controller|cmd_proc:cmd_proc|periodical_strb_gen:strb_gen|strobe_generator:strb_gen|cycles_until_strobe[30]                                                 ; CLOCK_50     ; CLOCK_50    ; 1.000        ; -0.056     ; 0.905      ;
; 0.026  ; axis_controller:axis_controller|cmd_proc:cmd_proc|periodical_strb_gen:strb_gen|sync_rst                                                       ; axis_controller:axis_controller|cmd_proc:cmd_proc|periodical_strb_gen:strb_gen|strobe_generator:strb_gen|cycles_until_strobe[15]                                                 ; CLOCK_50     ; CLOCK_50    ; 1.000        ; -0.056     ; 0.905      ;
; 0.026  ; axis_controller:axis_controller|cmd_proc:cmd_proc|periodical_strb_gen:strb_gen|sync_rst                                                       ; axis_controller:axis_controller|cmd_proc:cmd_proc|periodical_strb_gen:strb_gen|strobe_generator:strb_gen|cycles_until_strobe[20]                                                 ; CLOCK_50     ; CLOCK_50    ; 1.000        ; -0.056     ; 0.905      ;
; 0.026  ; axis_controller:axis_controller|cmd_proc:cmd_proc|periodical_strb_gen:strb_gen|sync_rst                                                       ; axis_controller:axis_controller|cmd_proc:cmd_proc|periodical_strb_gen:strb_gen|strobe_generator:strb_gen|cycles_until_strobe[21]                                                 ; CLOCK_50     ; CLOCK_50    ; 1.000        ; -0.056     ; 0.905      ;
; 0.026  ; axis_controller:axis_controller|cmd_proc:cmd_proc|periodical_strb_gen:strb_gen|sync_rst                                                       ; axis_controller:axis_controller|cmd_proc:cmd_proc|periodical_strb_gen:strb_gen|strobe_generator:strb_gen|cycles_until_strobe[27]                                                 ; CLOCK_50     ; CLOCK_50    ; 1.000        ; -0.056     ; 0.905      ;
; 0.026  ; axis_controller:axis_controller|cmd_proc:cmd_proc|periodical_strb_gen:strb_gen|sync_rst                                                       ; axis_controller:axis_controller|cmd_proc:cmd_proc|periodical_strb_gen:strb_gen|strobe_generator:strb_gen|cycles_until_strobe[28]                                                 ; CLOCK_50     ; CLOCK_50    ; 1.000        ; -0.056     ; 0.905      ;
; 0.026  ; axis_controller:axis_controller|cmd_proc:cmd_proc|periodical_strb_gen:strb_gen|sync_rst                                                       ; axis_controller:axis_controller|cmd_proc:cmd_proc|periodical_strb_gen:strb_gen|strobe_generator:strb_gen|cycles_until_strobe[29]                                                 ; CLOCK_50     ; CLOCK_50    ; 1.000        ; -0.056     ; 0.905      ;
; 0.054  ; axis_controller:axis_controller|cmd_proc:cmd_proc|fsm_state.IDLE                                                                              ; axis_controller:axis_controller|cmd_proc:cmd_proc|periodical_strb_gen:strb_gen|sync_rst                                                                                          ; CLOCK_50     ; CLOCK_50    ; 1.000        ; 0.148      ; 1.081      ;
; 0.087  ; axis_controller:axis_controller|cmd_proc:cmd_proc|fsm_state.WAIT_COMPLETE                                                                     ; axis_controller:axis_controller|cmd_proc:cmd_proc|periodical_strb_gen:strb_gen|sync_rst                                                                                          ; CLOCK_50     ; CLOCK_50    ; 1.000        ; 0.148      ; 1.048      ;
; 0.117  ; axis_controller:axis_controller|Tilt_board:tilt_x|moving_avg:moving_avg|altshift_taps:shift_reg_mem_rtl_0|shift_taps_r9n:auto_generated|dffe4 ; axis_controller:axis_controller|Tilt_board:tilt_x|moving_avg:moving_avg|altshift_taps:shift_reg_mem_rtl_0|shift_taps_r9n:auto_generated|altsyncram_66b1:altsyncram2|ram_block5a0 ; CLOCK_50     ; CLOCK_50    ; 1.000        ; 0.124      ; 0.962      ;
; 0.117  ; axis_controller:axis_controller|Tilt_board:tilt_x|moving_avg:moving_avg|altshift_taps:shift_reg_mem_rtl_0|shift_taps_r9n:auto_generated|dffe4 ; axis_controller:axis_controller|Tilt_board:tilt_x|moving_avg:moving_avg|altshift_taps:shift_reg_mem_rtl_0|shift_taps_r9n:auto_generated|altsyncram_66b1:altsyncram2|ram_block5a1 ; CLOCK_50     ; CLOCK_50    ; 1.000        ; 0.124      ; 0.962      ;
; 0.117  ; axis_controller:axis_controller|Tilt_board:tilt_x|moving_avg:moving_avg|altshift_taps:shift_reg_mem_rtl_0|shift_taps_r9n:auto_generated|dffe4 ; axis_controller:axis_controller|Tilt_board:tilt_x|moving_avg:moving_avg|altshift_taps:shift_reg_mem_rtl_0|shift_taps_r9n:auto_generated|altsyncram_66b1:altsyncram2|ram_block5a2 ; CLOCK_50     ; CLOCK_50    ; 1.000        ; 0.124      ; 0.962      ;
; 0.117  ; axis_controller:axis_controller|Tilt_board:tilt_x|moving_avg:moving_avg|altshift_taps:shift_reg_mem_rtl_0|shift_taps_r9n:auto_generated|dffe4 ; axis_controller:axis_controller|Tilt_board:tilt_x|moving_avg:moving_avg|altshift_taps:shift_reg_mem_rtl_0|shift_taps_r9n:auto_generated|altsyncram_66b1:altsyncram2|ram_block5a3 ; CLOCK_50     ; CLOCK_50    ; 1.000        ; 0.124      ; 0.962      ;
; 0.117  ; axis_controller:axis_controller|Tilt_board:tilt_x|moving_avg:moving_avg|altshift_taps:shift_reg_mem_rtl_0|shift_taps_r9n:auto_generated|dffe4 ; axis_controller:axis_controller|Tilt_board:tilt_x|moving_avg:moving_avg|altshift_taps:shift_reg_mem_rtl_0|shift_taps_r9n:auto_generated|altsyncram_66b1:altsyncram2|ram_block5a4 ; CLOCK_50     ; CLOCK_50    ; 1.000        ; 0.124      ; 0.962      ;
; 0.117  ; axis_controller:axis_controller|Tilt_board:tilt_x|moving_avg:moving_avg|altshift_taps:shift_reg_mem_rtl_0|shift_taps_r9n:auto_generated|dffe4 ; axis_controller:axis_controller|Tilt_board:tilt_x|moving_avg:moving_avg|altshift_taps:shift_reg_mem_rtl_0|shift_taps_r9n:auto_generated|altsyncram_66b1:altsyncram2|ram_block5a5 ; CLOCK_50     ; CLOCK_50    ; 1.000        ; 0.124      ; 0.962      ;
; 0.117  ; axis_controller:axis_controller|Tilt_board:tilt_x|moving_avg:moving_avg|altshift_taps:shift_reg_mem_rtl_0|shift_taps_r9n:auto_generated|dffe4 ; axis_controller:axis_controller|Tilt_board:tilt_x|moving_avg:moving_avg|altshift_taps:shift_reg_mem_rtl_0|shift_taps_r9n:auto_generated|altsyncram_66b1:altsyncram2|ram_block5a6 ; CLOCK_50     ; CLOCK_50    ; 1.000        ; 0.124      ; 0.962      ;
; 0.117  ; axis_controller:axis_controller|Tilt_board:tilt_x|moving_avg:moving_avg|altshift_taps:shift_reg_mem_rtl_0|shift_taps_r9n:auto_generated|dffe4 ; axis_controller:axis_controller|Tilt_board:tilt_x|moving_avg:moving_avg|altshift_taps:shift_reg_mem_rtl_0|shift_taps_r9n:auto_generated|altsyncram_66b1:altsyncram2|ram_block5a7 ; CLOCK_50     ; CLOCK_50    ; 1.000        ; 0.124      ; 0.962      ;
; 0.146  ; axis_controller:axis_controller|btnCtrl:btnCtrl|debouncer:dbnc_switchTen|periodical_strb_gen:strb_gen|sync_rst                                ; axis_controller:axis_controller|btnCtrl:btnCtrl|debouncer:dbnc_switchTen|periodical_strb_gen:strb_gen|strobe_generator:strb_gen|strb_o                                           ; CLOCK_50     ; CLOCK_50    ; 1.000        ; -0.048     ; 0.793      ;
; 0.159  ; axis_controller:axis_controller|btnCtrl:btnCtrl|debouncer:dbnc_increment|periodical_strb_gen:strb_gen|sync_rst                                ; axis_controller:axis_controller|btnCtrl:btnCtrl|debouncer:dbnc_increment|periodical_strb_gen:strb_gen|strobe_generator:strb_gen|strb_o                                           ; CLOCK_50     ; CLOCK_50    ; 1.000        ; -0.047     ; 0.781      ;
; 0.234  ; axis_controller:axis_controller|btnCtrl:btnCtrl|debouncer:dbnc_decrement|periodical_strb_gen:strb_gen|sync_rst                                ; axis_controller:axis_controller|btnCtrl:btnCtrl|debouncer:dbnc_decrement|periodical_strb_gen:strb_gen|strobe_generator:strb_gen|cycles_until_strobe[20]                          ; CLOCK_50     ; CLOCK_50    ; 1.000        ; 0.147      ; 0.900      ;
; 0.234  ; axis_controller:axis_controller|btnCtrl:btnCtrl|debouncer:dbnc_decrement|periodical_strb_gen:strb_gen|sync_rst                                ; axis_controller:axis_controller|btnCtrl:btnCtrl|debouncer:dbnc_decrement|periodical_strb_gen:strb_gen|strobe_generator:strb_gen|cycles_until_strobe[21]                          ; CLOCK_50     ; CLOCK_50    ; 1.000        ; 0.147      ; 0.900      ;
; 0.234  ; axis_controller:axis_controller|btnCtrl:btnCtrl|debouncer:dbnc_decrement|periodical_strb_gen:strb_gen|sync_rst                                ; axis_controller:axis_controller|btnCtrl:btnCtrl|debouncer:dbnc_decrement|periodical_strb_gen:strb_gen|strobe_generator:strb_gen|cycles_until_strobe[22]                          ; CLOCK_50     ; CLOCK_50    ; 1.000        ; 0.147      ; 0.900      ;
; 0.234  ; axis_controller:axis_controller|btnCtrl:btnCtrl|debouncer:dbnc_decrement|periodical_strb_gen:strb_gen|sync_rst                                ; axis_controller:axis_controller|btnCtrl:btnCtrl|debouncer:dbnc_decrement|periodical_strb_gen:strb_gen|strobe_generator:strb_gen|cycles_until_strobe[23]                          ; CLOCK_50     ; CLOCK_50    ; 1.000        ; 0.147      ; 0.900      ;
; 0.234  ; axis_controller:axis_controller|btnCtrl:btnCtrl|debouncer:dbnc_decrement|periodical_strb_gen:strb_gen|sync_rst                                ; axis_controller:axis_controller|btnCtrl:btnCtrl|debouncer:dbnc_decrement|periodical_strb_gen:strb_gen|strobe_generator:strb_gen|cycles_until_strobe[24]                          ; CLOCK_50     ; CLOCK_50    ; 1.000        ; 0.147      ; 0.900      ;
; 0.234  ; axis_controller:axis_controller|btnCtrl:btnCtrl|debouncer:dbnc_decrement|periodical_strb_gen:strb_gen|sync_rst                                ; axis_controller:axis_controller|btnCtrl:btnCtrl|debouncer:dbnc_decrement|periodical_strb_gen:strb_gen|strobe_generator:strb_gen|cycles_until_strobe[25]                          ; CLOCK_50     ; CLOCK_50    ; 1.000        ; 0.147      ; 0.900      ;
; 0.234  ; axis_controller:axis_controller|btnCtrl:btnCtrl|debouncer:dbnc_decrement|periodical_strb_gen:strb_gen|sync_rst                                ; axis_controller:axis_controller|btnCtrl:btnCtrl|debouncer:dbnc_decrement|periodical_strb_gen:strb_gen|strobe_generator:strb_gen|cycles_until_strobe[26]                          ; CLOCK_50     ; CLOCK_50    ; 1.000        ; 0.147      ; 0.900      ;
; 0.234  ; axis_controller:axis_controller|btnCtrl:btnCtrl|debouncer:dbnc_decrement|periodical_strb_gen:strb_gen|sync_rst                                ; axis_controller:axis_controller|btnCtrl:btnCtrl|debouncer:dbnc_decrement|periodical_strb_gen:strb_gen|strobe_generator:strb_gen|cycles_until_strobe[27]                          ; CLOCK_50     ; CLOCK_50    ; 1.000        ; 0.147      ; 0.900      ;
; 0.234  ; axis_controller:axis_controller|btnCtrl:btnCtrl|debouncer:dbnc_decrement|periodical_strb_gen:strb_gen|sync_rst                                ; axis_controller:axis_controller|btnCtrl:btnCtrl|debouncer:dbnc_decrement|periodical_strb_gen:strb_gen|strobe_generator:strb_gen|cycles_until_strobe[28]                          ; CLOCK_50     ; CLOCK_50    ; 1.000        ; 0.147      ; 0.900      ;
; 0.234  ; axis_controller:axis_controller|btnCtrl:btnCtrl|debouncer:dbnc_decrement|periodical_strb_gen:strb_gen|sync_rst                                ; axis_controller:axis_controller|btnCtrl:btnCtrl|debouncer:dbnc_decrement|periodical_strb_gen:strb_gen|strobe_generator:strb_gen|cycles_until_strobe[29]                          ; CLOCK_50     ; CLOCK_50    ; 1.000        ; 0.147      ; 0.900      ;
; 0.234  ; axis_controller:axis_controller|btnCtrl:btnCtrl|debouncer:dbnc_decrement|periodical_strb_gen:strb_gen|sync_rst                                ; axis_controller:axis_controller|btnCtrl:btnCtrl|debouncer:dbnc_decrement|periodical_strb_gen:strb_gen|strobe_generator:strb_gen|cycles_until_strobe[30]                          ; CLOCK_50     ; CLOCK_50    ; 1.000        ; 0.147      ; 0.900      ;
; 0.234  ; axis_controller:axis_controller|btnCtrl:btnCtrl|debouncer:dbnc_decrement|periodical_strb_gen:strb_gen|sync_rst                                ; axis_controller:axis_controller|btnCtrl:btnCtrl|debouncer:dbnc_decrement|periodical_strb_gen:strb_gen|strobe_generator:strb_gen|cycles_until_strobe[15]                          ; CLOCK_50     ; CLOCK_50    ; 1.000        ; 0.147      ; 0.900      ;
; 0.314  ; axis_controller:axis_controller|btnCtrl:btnCtrl|debouncer:dbnc_decrement|periodical_strb_gen:strb_gen|sync_rst                                ; axis_controller:axis_controller|btnCtrl:btnCtrl|debouncer:dbnc_decrement|periodical_strb_gen:strb_gen|strobe_generator:strb_gen|strb_val                                         ; CLOCK_50     ; CLOCK_50    ; 1.000        ; 0.147      ; 0.820      ;
; 0.314  ; axis_controller:axis_controller|btnCtrl:btnCtrl|debouncer:dbnc_decrement|periodical_strb_gen:strb_gen|sync_rst                                ; axis_controller:axis_controller|btnCtrl:btnCtrl|debouncer:dbnc_decrement|periodical_strb_gen:strb_gen|strobe_generator:strb_gen|strb_o                                           ; CLOCK_50     ; CLOCK_50    ; 1.000        ; 0.147      ; 0.820      ;
; 0.314  ; axis_controller:axis_controller|btnCtrl:btnCtrl|debouncer:dbnc_decrement|periodical_strb_gen:strb_gen|sync_rst                                ; axis_controller:axis_controller|btnCtrl:btnCtrl|debouncer:dbnc_decrement|periodical_strb_gen:strb_gen|strobe_generator:strb_gen|cycles_until_strobe[13]                          ; CLOCK_50     ; CLOCK_50    ; 1.000        ; 0.147      ; 0.820      ;
; 0.314  ; axis_controller:axis_controller|btnCtrl:btnCtrl|debouncer:dbnc_decrement|periodical_strb_gen:strb_gen|sync_rst                                ; axis_controller:axis_controller|btnCtrl:btnCtrl|debouncer:dbnc_decrement|periodical_strb_gen:strb_gen|strobe_generator:strb_gen|cycles_until_strobe[4]                           ; CLOCK_50     ; CLOCK_50    ; 1.000        ; 0.147      ; 0.820      ;
; 0.314  ; axis_controller:axis_controller|btnCtrl:btnCtrl|debouncer:dbnc_decrement|periodical_strb_gen:strb_gen|sync_rst                                ; axis_controller:axis_controller|btnCtrl:btnCtrl|debouncer:dbnc_decrement|periodical_strb_gen:strb_gen|strobe_generator:strb_gen|cycles_until_strobe[1]                           ; CLOCK_50     ; CLOCK_50    ; 1.000        ; 0.147      ; 0.820      ;
; 0.314  ; axis_controller:axis_controller|btnCtrl:btnCtrl|debouncer:dbnc_decrement|periodical_strb_gen:strb_gen|sync_rst                                ; axis_controller:axis_controller|btnCtrl:btnCtrl|debouncer:dbnc_decrement|periodical_strb_gen:strb_gen|strobe_generator:strb_gen|cycles_until_strobe[0]                           ; CLOCK_50     ; CLOCK_50    ; 1.000        ; 0.147      ; 0.820      ;
; 0.322  ; axis_controller:axis_controller|btnCtrl:btnCtrl|debouncer:dbnc_increment|periodical_strb_gen:strb_gen|sync_rst                                ; axis_controller:axis_controller|btnCtrl:btnCtrl|debouncer:dbnc_increment|periodical_strb_gen:strb_gen|strobe_generator:strb_gen|cycles_until_strobe[23]                          ; CLOCK_50     ; CLOCK_50    ; 1.000        ; 0.145      ; 0.810      ;
; 0.322  ; axis_controller:axis_controller|btnCtrl:btnCtrl|debouncer:dbnc_increment|periodical_strb_gen:strb_gen|sync_rst                                ; axis_controller:axis_controller|btnCtrl:btnCtrl|debouncer:dbnc_increment|periodical_strb_gen:strb_gen|strobe_generator:strb_gen|cycles_until_strobe[24]                          ; CLOCK_50     ; CLOCK_50    ; 1.000        ; 0.145      ; 0.810      ;
; 0.322  ; axis_controller:axis_controller|btnCtrl:btnCtrl|debouncer:dbnc_increment|periodical_strb_gen:strb_gen|sync_rst                                ; axis_controller:axis_controller|btnCtrl:btnCtrl|debouncer:dbnc_increment|periodical_strb_gen:strb_gen|strobe_generator:strb_gen|cycles_until_strobe[25]                          ; CLOCK_50     ; CLOCK_50    ; 1.000        ; 0.145      ; 0.810      ;
; 0.322  ; axis_controller:axis_controller|btnCtrl:btnCtrl|debouncer:dbnc_increment|periodical_strb_gen:strb_gen|sync_rst                                ; axis_controller:axis_controller|btnCtrl:btnCtrl|debouncer:dbnc_increment|periodical_strb_gen:strb_gen|strobe_generator:strb_gen|cycles_until_strobe[26]                          ; CLOCK_50     ; CLOCK_50    ; 1.000        ; 0.145      ; 0.810      ;
; 0.322  ; axis_controller:axis_controller|btnCtrl:btnCtrl|debouncer:dbnc_increment|periodical_strb_gen:strb_gen|sync_rst                                ; axis_controller:axis_controller|btnCtrl:btnCtrl|debouncer:dbnc_increment|periodical_strb_gen:strb_gen|strobe_generator:strb_gen|cycles_until_strobe[27]                          ; CLOCK_50     ; CLOCK_50    ; 1.000        ; 0.145      ; 0.810      ;
; 0.322  ; axis_controller:axis_controller|btnCtrl:btnCtrl|debouncer:dbnc_increment|periodical_strb_gen:strb_gen|sync_rst                                ; axis_controller:axis_controller|btnCtrl:btnCtrl|debouncer:dbnc_increment|periodical_strb_gen:strb_gen|strobe_generator:strb_gen|cycles_until_strobe[30]                          ; CLOCK_50     ; CLOCK_50    ; 1.000        ; 0.145      ; 0.810      ;
; 0.322  ; axis_controller:axis_controller|btnCtrl:btnCtrl|debouncer:dbnc_increment|periodical_strb_gen:strb_gen|sync_rst                                ; axis_controller:axis_controller|btnCtrl:btnCtrl|debouncer:dbnc_increment|periodical_strb_gen:strb_gen|strobe_generator:strb_gen|cycles_until_strobe[29]                          ; CLOCK_50     ; CLOCK_50    ; 1.000        ; 0.145      ; 0.810      ;
; 0.322  ; axis_controller:axis_controller|btnCtrl:btnCtrl|debouncer:dbnc_increment|periodical_strb_gen:strb_gen|sync_rst                                ; axis_controller:axis_controller|btnCtrl:btnCtrl|debouncer:dbnc_increment|periodical_strb_gen:strb_gen|strobe_generator:strb_gen|cycles_until_strobe[28]                          ; CLOCK_50     ; CLOCK_50    ; 1.000        ; 0.145      ; 0.810      ;
; 0.322  ; axis_controller:axis_controller|btnCtrl:btnCtrl|debouncer:dbnc_increment|periodical_strb_gen:strb_gen|sync_rst                                ; axis_controller:axis_controller|btnCtrl:btnCtrl|debouncer:dbnc_increment|periodical_strb_gen:strb_gen|strobe_generator:strb_gen|cycles_until_strobe[22]                          ; CLOCK_50     ; CLOCK_50    ; 1.000        ; 0.145      ; 0.810      ;
; 0.322  ; axis_controller:axis_controller|btnCtrl:btnCtrl|debouncer:dbnc_increment|periodical_strb_gen:strb_gen|sync_rst                                ; axis_controller:axis_controller|btnCtrl:btnCtrl|debouncer:dbnc_increment|periodical_strb_gen:strb_gen|strobe_generator:strb_gen|cycles_until_strobe[21]                          ; CLOCK_50     ; CLOCK_50    ; 1.000        ; 0.145      ; 0.810      ;
; 0.322  ; axis_controller:axis_controller|btnCtrl:btnCtrl|debouncer:dbnc_increment|periodical_strb_gen:strb_gen|sync_rst                                ; axis_controller:axis_controller|btnCtrl:btnCtrl|debouncer:dbnc_increment|periodical_strb_gen:strb_gen|strobe_generator:strb_gen|cycles_until_strobe[20]                          ; CLOCK_50     ; CLOCK_50    ; 1.000        ; 0.145      ; 0.810      ;
; 0.322  ; axis_controller:axis_controller|btnCtrl:btnCtrl|debouncer:dbnc_increment|periodical_strb_gen:strb_gen|sync_rst                                ; axis_controller:axis_controller|btnCtrl:btnCtrl|debouncer:dbnc_increment|periodical_strb_gen:strb_gen|strobe_generator:strb_gen|cycles_until_strobe[15]                          ; CLOCK_50     ; CLOCK_50    ; 1.000        ; 0.145      ; 0.810      ;
; 0.339  ; axis_controller:axis_controller|btnCtrl:btnCtrl|debouncer:dbnc_switchTen|periodical_strb_gen:strb_gen|sync_rst                                ; axis_controller:axis_controller|btnCtrl:btnCtrl|debouncer:dbnc_switchTen|periodical_strb_gen:strb_gen|strobe_generator:strb_gen|strb_val                                         ; CLOCK_50     ; CLOCK_50    ; 1.000        ; 0.145      ; 0.793      ;
; 0.339  ; axis_controller:axis_controller|btnCtrl:btnCtrl|debouncer:dbnc_switchTen|periodical_strb_gen:strb_gen|sync_rst                                ; axis_controller:axis_controller|btnCtrl:btnCtrl|debouncer:dbnc_switchTen|periodical_strb_gen:strb_gen|strobe_generator:strb_gen|cycles_until_strobe[19]                          ; CLOCK_50     ; CLOCK_50    ; 1.000        ; 0.145      ; 0.793      ;
; 0.339  ; axis_controller:axis_controller|btnCtrl:btnCtrl|debouncer:dbnc_switchTen|periodical_strb_gen:strb_gen|sync_rst                                ; axis_controller:axis_controller|btnCtrl:btnCtrl|debouncer:dbnc_switchTen|periodical_strb_gen:strb_gen|strobe_generator:strb_gen|cycles_until_strobe[1]                           ; CLOCK_50     ; CLOCK_50    ; 1.000        ; 0.145      ; 0.793      ;
; 0.339  ; axis_controller:axis_controller|btnCtrl:btnCtrl|debouncer:dbnc_switchTen|periodical_strb_gen:strb_gen|sync_rst                                ; axis_controller:axis_controller|btnCtrl:btnCtrl|debouncer:dbnc_switchTen|periodical_strb_gen:strb_gen|strobe_generator:strb_gen|cycles_until_strobe[0]                           ; CLOCK_50     ; CLOCK_50    ; 1.000        ; 0.145      ; 0.793      ;
; 0.348  ; axis_controller:axis_controller|btnCtrl:btnCtrl|debouncer:dbnc_switchTen|periodical_strb_gen:strb_gen|sync_rst                                ; axis_controller:axis_controller|btnCtrl:btnCtrl|debouncer:dbnc_switchTen|periodical_strb_gen:strb_gen|strobe_generator:strb_gen|cycles_until_strobe[28]                          ; CLOCK_50     ; CLOCK_50    ; 1.000        ; 0.146      ; 0.785      ;
; 0.348  ; axis_controller:axis_controller|btnCtrl:btnCtrl|debouncer:dbnc_switchTen|periodical_strb_gen:strb_gen|sync_rst                                ; axis_controller:axis_controller|btnCtrl:btnCtrl|debouncer:dbnc_switchTen|periodical_strb_gen:strb_gen|strobe_generator:strb_gen|cycles_until_strobe[29]                          ; CLOCK_50     ; CLOCK_50    ; 1.000        ; 0.146      ; 0.785      ;
; 0.348  ; axis_controller:axis_controller|btnCtrl:btnCtrl|debouncer:dbnc_switchTen|periodical_strb_gen:strb_gen|sync_rst                                ; axis_controller:axis_controller|btnCtrl:btnCtrl|debouncer:dbnc_switchTen|periodical_strb_gen:strb_gen|strobe_generator:strb_gen|cycles_until_strobe[30]                          ; CLOCK_50     ; CLOCK_50    ; 1.000        ; 0.146      ; 0.785      ;
; 0.348  ; axis_controller:axis_controller|btnCtrl:btnCtrl|debouncer:dbnc_switchTen|periodical_strb_gen:strb_gen|sync_rst                                ; axis_controller:axis_controller|btnCtrl:btnCtrl|debouncer:dbnc_switchTen|periodical_strb_gen:strb_gen|strobe_generator:strb_gen|cycles_until_strobe[27]                          ; CLOCK_50     ; CLOCK_50    ; 1.000        ; 0.146      ; 0.785      ;
; 0.348  ; axis_controller:axis_controller|btnCtrl:btnCtrl|debouncer:dbnc_switchTen|periodical_strb_gen:strb_gen|sync_rst                                ; axis_controller:axis_controller|btnCtrl:btnCtrl|debouncer:dbnc_switchTen|periodical_strb_gen:strb_gen|strobe_generator:strb_gen|cycles_until_strobe[26]                          ; CLOCK_50     ; CLOCK_50    ; 1.000        ; 0.146      ; 0.785      ;
; 0.348  ; axis_controller:axis_controller|btnCtrl:btnCtrl|debouncer:dbnc_switchTen|periodical_strb_gen:strb_gen|sync_rst                                ; axis_controller:axis_controller|btnCtrl:btnCtrl|debouncer:dbnc_switchTen|periodical_strb_gen:strb_gen|strobe_generator:strb_gen|cycles_until_strobe[25]                          ; CLOCK_50     ; CLOCK_50    ; 1.000        ; 0.146      ; 0.785      ;
; 0.348  ; axis_controller:axis_controller|btnCtrl:btnCtrl|debouncer:dbnc_switchTen|periodical_strb_gen:strb_gen|sync_rst                                ; axis_controller:axis_controller|btnCtrl:btnCtrl|debouncer:dbnc_switchTen|periodical_strb_gen:strb_gen|strobe_generator:strb_gen|cycles_until_strobe[24]                          ; CLOCK_50     ; CLOCK_50    ; 1.000        ; 0.146      ; 0.785      ;
; 0.348  ; axis_controller:axis_controller|btnCtrl:btnCtrl|debouncer:dbnc_switchTen|periodical_strb_gen:strb_gen|sync_rst                                ; axis_controller:axis_controller|btnCtrl:btnCtrl|debouncer:dbnc_switchTen|periodical_strb_gen:strb_gen|strobe_generator:strb_gen|cycles_until_strobe[23]                          ; CLOCK_50     ; CLOCK_50    ; 1.000        ; 0.146      ; 0.785      ;
; 0.348  ; axis_controller:axis_controller|btnCtrl:btnCtrl|debouncer:dbnc_switchTen|periodical_strb_gen:strb_gen|sync_rst                                ; axis_controller:axis_controller|btnCtrl:btnCtrl|debouncer:dbnc_switchTen|periodical_strb_gen:strb_gen|strobe_generator:strb_gen|cycles_until_strobe[22]                          ; CLOCK_50     ; CLOCK_50    ; 1.000        ; 0.146      ; 0.785      ;
; 0.348  ; axis_controller:axis_controller|btnCtrl:btnCtrl|debouncer:dbnc_switchTen|periodical_strb_gen:strb_gen|sync_rst                                ; axis_controller:axis_controller|btnCtrl:btnCtrl|debouncer:dbnc_switchTen|periodical_strb_gen:strb_gen|strobe_generator:strb_gen|cycles_until_strobe[21]                          ; CLOCK_50     ; CLOCK_50    ; 1.000        ; 0.146      ; 0.785      ;
; 0.348  ; axis_controller:axis_controller|btnCtrl:btnCtrl|debouncer:dbnc_switchTen|periodical_strb_gen:strb_gen|sync_rst                                ; axis_controller:axis_controller|btnCtrl:btnCtrl|debouncer:dbnc_switchTen|periodical_strb_gen:strb_gen|strobe_generator:strb_gen|cycles_until_strobe[20]                          ; CLOCK_50     ; CLOCK_50    ; 1.000        ; 0.146      ; 0.785      ;
; 0.348  ; axis_controller:axis_controller|btnCtrl:btnCtrl|debouncer:dbnc_switchTen|periodical_strb_gen:strb_gen|sync_rst                                ; axis_controller:axis_controller|btnCtrl:btnCtrl|debouncer:dbnc_switchTen|periodical_strb_gen:strb_gen|strobe_generator:strb_gen|cycles_until_strobe[15]                          ; CLOCK_50     ; CLOCK_50    ; 1.000        ; 0.146      ; 0.785      ;
; 0.348  ; axis_controller:axis_controller|btnCtrl:btnCtrl|debouncer:dbnc_switchTen|periodical_strb_gen:strb_gen|sync_rst                                ; axis_controller:axis_controller|btnCtrl:btnCtrl|debouncer:dbnc_switchTen|periodical_strb_gen:strb_gen|strobe_generator:strb_gen|cycles_until_strobe[13]                          ; CLOCK_50     ; CLOCK_50    ; 1.000        ; 0.146      ; 0.785      ;
+--------+-----------------------------------------------------------------------------------------------------------------------------------------------+----------------------------------------------------------------------------------------------------------------------------------------------------------------------------------+--------------+-------------+--------------+------------+------------+


+--------------------------------------------------------------------------------------------------------------------------------------------------------------------------------------------------------------------------------------------------------------------------------------------------------------------------------------------------------+
; Fast 1200mV 0C Model Removal: 'CLOCK_50'                                                                                                                                                                                                                                                                                                               ;
+-------+----------------------------------------------------------------------------------------------------------------+---------------------------------------------------------------------------------------------------------------------------------------------------------+--------------+-------------+--------------+------------+------------+
; Slack ; From Node                                                                                                      ; To Node                                                                                                                                                 ; Launch Clock ; Latch Clock ; Relationship ; Clock Skew ; Data Delay ;
+-------+----------------------------------------------------------------------------------------------------------------+---------------------------------------------------------------------------------------------------------------------------------------------------------+--------------+-------------+--------------+------------+------------+
; 0.264 ; axis_controller:axis_controller|btnCtrl:btnCtrl|debouncer:dbnc_decrement|periodical_strb_gen:strb_gen|sync_rst ; axis_controller:axis_controller|btnCtrl:btnCtrl|debouncer:dbnc_decrement|periodical_strb_gen:strb_gen|strobe_generator:strb_gen|cycles_until_strobe[6]  ; CLOCK_50     ; CLOCK_50    ; 0.000        ; 0.259      ; 0.607      ;
; 0.264 ; axis_controller:axis_controller|btnCtrl:btnCtrl|debouncer:dbnc_decrement|periodical_strb_gen:strb_gen|sync_rst ; axis_controller:axis_controller|btnCtrl:btnCtrl|debouncer:dbnc_decrement|periodical_strb_gen:strb_gen|strobe_generator:strb_gen|cycles_until_strobe[12] ; CLOCK_50     ; CLOCK_50    ; 0.000        ; 0.259      ; 0.607      ;
; 0.264 ; axis_controller:axis_controller|btnCtrl:btnCtrl|debouncer:dbnc_decrement|periodical_strb_gen:strb_gen|sync_rst ; axis_controller:axis_controller|btnCtrl:btnCtrl|debouncer:dbnc_decrement|periodical_strb_gen:strb_gen|strobe_generator:strb_gen|cycles_until_strobe[10] ; CLOCK_50     ; CLOCK_50    ; 0.000        ; 0.259      ; 0.607      ;
; 0.264 ; axis_controller:axis_controller|btnCtrl:btnCtrl|debouncer:dbnc_decrement|periodical_strb_gen:strb_gen|sync_rst ; axis_controller:axis_controller|btnCtrl:btnCtrl|debouncer:dbnc_decrement|periodical_strb_gen:strb_gen|strobe_generator:strb_gen|cycles_until_strobe[11] ; CLOCK_50     ; CLOCK_50    ; 0.000        ; 0.259      ; 0.607      ;
; 0.264 ; axis_controller:axis_controller|btnCtrl:btnCtrl|debouncer:dbnc_decrement|periodical_strb_gen:strb_gen|sync_rst ; axis_controller:axis_controller|btnCtrl:btnCtrl|debouncer:dbnc_decrement|periodical_strb_gen:strb_gen|strobe_generator:strb_gen|cycles_until_strobe[8]  ; CLOCK_50     ; CLOCK_50    ; 0.000        ; 0.259      ; 0.607      ;
; 0.264 ; axis_controller:axis_controller|btnCtrl:btnCtrl|debouncer:dbnc_decrement|periodical_strb_gen:strb_gen|sync_rst ; axis_controller:axis_controller|btnCtrl:btnCtrl|debouncer:dbnc_decrement|periodical_strb_gen:strb_gen|strobe_generator:strb_gen|cycles_until_strobe[7]  ; CLOCK_50     ; CLOCK_50    ; 0.000        ; 0.259      ; 0.607      ;
; 0.264 ; axis_controller:axis_controller|btnCtrl:btnCtrl|debouncer:dbnc_decrement|periodical_strb_gen:strb_gen|sync_rst ; axis_controller:axis_controller|btnCtrl:btnCtrl|debouncer:dbnc_decrement|periodical_strb_gen:strb_gen|strobe_generator:strb_gen|cycles_until_strobe[19] ; CLOCK_50     ; CLOCK_50    ; 0.000        ; 0.259      ; 0.607      ;
; 0.264 ; axis_controller:axis_controller|btnCtrl:btnCtrl|debouncer:dbnc_decrement|periodical_strb_gen:strb_gen|sync_rst ; axis_controller:axis_controller|btnCtrl:btnCtrl|debouncer:dbnc_decrement|periodical_strb_gen:strb_gen|strobe_generator:strb_gen|cycles_until_strobe[18] ; CLOCK_50     ; CLOCK_50    ; 0.000        ; 0.259      ; 0.607      ;
; 0.264 ; axis_controller:axis_controller|btnCtrl:btnCtrl|debouncer:dbnc_decrement|periodical_strb_gen:strb_gen|sync_rst ; axis_controller:axis_controller|btnCtrl:btnCtrl|debouncer:dbnc_decrement|periodical_strb_gen:strb_gen|strobe_generator:strb_gen|cycles_until_strobe[17] ; CLOCK_50     ; CLOCK_50    ; 0.000        ; 0.259      ; 0.607      ;
; 0.264 ; axis_controller:axis_controller|btnCtrl:btnCtrl|debouncer:dbnc_decrement|periodical_strb_gen:strb_gen|sync_rst ; axis_controller:axis_controller|btnCtrl:btnCtrl|debouncer:dbnc_decrement|periodical_strb_gen:strb_gen|strobe_generator:strb_gen|cycles_until_strobe[16] ; CLOCK_50     ; CLOCK_50    ; 0.000        ; 0.259      ; 0.607      ;
; 0.264 ; axis_controller:axis_controller|btnCtrl:btnCtrl|debouncer:dbnc_decrement|periodical_strb_gen:strb_gen|sync_rst ; axis_controller:axis_controller|btnCtrl:btnCtrl|debouncer:dbnc_decrement|periodical_strb_gen:strb_gen|strobe_generator:strb_gen|cycles_until_strobe[14] ; CLOCK_50     ; CLOCK_50    ; 0.000        ; 0.259      ; 0.607      ;
; 0.264 ; axis_controller:axis_controller|btnCtrl:btnCtrl|debouncer:dbnc_decrement|periodical_strb_gen:strb_gen|sync_rst ; axis_controller:axis_controller|btnCtrl:btnCtrl|debouncer:dbnc_decrement|periodical_strb_gen:strb_gen|strobe_generator:strb_gen|cycles_until_strobe[9]  ; CLOCK_50     ; CLOCK_50    ; 0.000        ; 0.259      ; 0.607      ;
; 0.264 ; axis_controller:axis_controller|btnCtrl:btnCtrl|debouncer:dbnc_decrement|periodical_strb_gen:strb_gen|sync_rst ; axis_controller:axis_controller|btnCtrl:btnCtrl|debouncer:dbnc_decrement|periodical_strb_gen:strb_gen|strobe_generator:strb_gen|cycles_until_strobe[5]  ; CLOCK_50     ; CLOCK_50    ; 0.000        ; 0.259      ; 0.607      ;
; 0.264 ; axis_controller:axis_controller|btnCtrl:btnCtrl|debouncer:dbnc_decrement|periodical_strb_gen:strb_gen|sync_rst ; axis_controller:axis_controller|btnCtrl:btnCtrl|debouncer:dbnc_decrement|periodical_strb_gen:strb_gen|strobe_generator:strb_gen|cycles_until_strobe[3]  ; CLOCK_50     ; CLOCK_50    ; 0.000        ; 0.259      ; 0.607      ;
; 0.264 ; axis_controller:axis_controller|btnCtrl:btnCtrl|debouncer:dbnc_decrement|periodical_strb_gen:strb_gen|sync_rst ; axis_controller:axis_controller|btnCtrl:btnCtrl|debouncer:dbnc_decrement|periodical_strb_gen:strb_gen|strobe_generator:strb_gen|cycles_until_strobe[2]  ; CLOCK_50     ; CLOCK_50    ; 0.000        ; 0.259      ; 0.607      ;
; 0.286 ; axis_controller:axis_controller|btnCtrl:btnCtrl|debouncer:dbnc_increment|periodical_strb_gen:strb_gen|sync_rst ; axis_controller:axis_controller|btnCtrl:btnCtrl|debouncer:dbnc_increment|periodical_strb_gen:strb_gen|strobe_generator:strb_gen|cycles_until_strobe[19] ; CLOCK_50     ; CLOCK_50    ; 0.000        ; 0.248      ; 0.618      ;
; 0.286 ; axis_controller:axis_controller|btnCtrl:btnCtrl|debouncer:dbnc_increment|periodical_strb_gen:strb_gen|sync_rst ; axis_controller:axis_controller|btnCtrl:btnCtrl|debouncer:dbnc_increment|periodical_strb_gen:strb_gen|strobe_generator:strb_gen|cycles_until_strobe[18] ; CLOCK_50     ; CLOCK_50    ; 0.000        ; 0.248      ; 0.618      ;
; 0.286 ; axis_controller:axis_controller|btnCtrl:btnCtrl|debouncer:dbnc_increment|periodical_strb_gen:strb_gen|sync_rst ; axis_controller:axis_controller|btnCtrl:btnCtrl|debouncer:dbnc_increment|periodical_strb_gen:strb_gen|strobe_generator:strb_gen|cycles_until_strobe[6]  ; CLOCK_50     ; CLOCK_50    ; 0.000        ; 0.248      ; 0.618      ;
; 0.286 ; axis_controller:axis_controller|btnCtrl:btnCtrl|debouncer:dbnc_increment|periodical_strb_gen:strb_gen|sync_rst ; axis_controller:axis_controller|btnCtrl:btnCtrl|debouncer:dbnc_increment|periodical_strb_gen:strb_gen|strobe_generator:strb_gen|cycles_until_strobe[8]  ; CLOCK_50     ; CLOCK_50    ; 0.000        ; 0.248      ; 0.618      ;
; 0.286 ; axis_controller:axis_controller|btnCtrl:btnCtrl|debouncer:dbnc_increment|periodical_strb_gen:strb_gen|sync_rst ; axis_controller:axis_controller|btnCtrl:btnCtrl|debouncer:dbnc_increment|periodical_strb_gen:strb_gen|strobe_generator:strb_gen|cycles_until_strobe[7]  ; CLOCK_50     ; CLOCK_50    ; 0.000        ; 0.248      ; 0.618      ;
; 0.286 ; axis_controller:axis_controller|btnCtrl:btnCtrl|debouncer:dbnc_increment|periodical_strb_gen:strb_gen|sync_rst ; axis_controller:axis_controller|btnCtrl:btnCtrl|debouncer:dbnc_increment|periodical_strb_gen:strb_gen|strobe_generator:strb_gen|cycles_until_strobe[11] ; CLOCK_50     ; CLOCK_50    ; 0.000        ; 0.248      ; 0.618      ;
; 0.286 ; axis_controller:axis_controller|btnCtrl:btnCtrl|debouncer:dbnc_increment|periodical_strb_gen:strb_gen|sync_rst ; axis_controller:axis_controller|btnCtrl:btnCtrl|debouncer:dbnc_increment|periodical_strb_gen:strb_gen|strobe_generator:strb_gen|cycles_until_strobe[12] ; CLOCK_50     ; CLOCK_50    ; 0.000        ; 0.248      ; 0.618      ;
; 0.286 ; axis_controller:axis_controller|btnCtrl:btnCtrl|debouncer:dbnc_increment|periodical_strb_gen:strb_gen|sync_rst ; axis_controller:axis_controller|btnCtrl:btnCtrl|debouncer:dbnc_increment|periodical_strb_gen:strb_gen|strobe_generator:strb_gen|cycles_until_strobe[10] ; CLOCK_50     ; CLOCK_50    ; 0.000        ; 0.248      ; 0.618      ;
; 0.286 ; axis_controller:axis_controller|btnCtrl:btnCtrl|debouncer:dbnc_increment|periodical_strb_gen:strb_gen|sync_rst ; axis_controller:axis_controller|btnCtrl:btnCtrl|debouncer:dbnc_increment|periodical_strb_gen:strb_gen|strobe_generator:strb_gen|cycles_until_strobe[16] ; CLOCK_50     ; CLOCK_50    ; 0.000        ; 0.248      ; 0.618      ;
; 0.286 ; axis_controller:axis_controller|btnCtrl:btnCtrl|debouncer:dbnc_increment|periodical_strb_gen:strb_gen|sync_rst ; axis_controller:axis_controller|btnCtrl:btnCtrl|debouncer:dbnc_increment|periodical_strb_gen:strb_gen|strobe_generator:strb_gen|cycles_until_strobe[14] ; CLOCK_50     ; CLOCK_50    ; 0.000        ; 0.248      ; 0.618      ;
; 0.286 ; axis_controller:axis_controller|btnCtrl:btnCtrl|debouncer:dbnc_increment|periodical_strb_gen:strb_gen|sync_rst ; axis_controller:axis_controller|btnCtrl:btnCtrl|debouncer:dbnc_increment|periodical_strb_gen:strb_gen|strobe_generator:strb_gen|cycles_until_strobe[9]  ; CLOCK_50     ; CLOCK_50    ; 0.000        ; 0.248      ; 0.618      ;
; 0.286 ; axis_controller:axis_controller|btnCtrl:btnCtrl|debouncer:dbnc_increment|periodical_strb_gen:strb_gen|sync_rst ; axis_controller:axis_controller|btnCtrl:btnCtrl|debouncer:dbnc_increment|periodical_strb_gen:strb_gen|strobe_generator:strb_gen|cycles_until_strobe[5]  ; CLOCK_50     ; CLOCK_50    ; 0.000        ; 0.248      ; 0.618      ;
; 0.286 ; axis_controller:axis_controller|btnCtrl:btnCtrl|debouncer:dbnc_increment|periodical_strb_gen:strb_gen|sync_rst ; axis_controller:axis_controller|btnCtrl:btnCtrl|debouncer:dbnc_increment|periodical_strb_gen:strb_gen|strobe_generator:strb_gen|cycles_until_strobe[4]  ; CLOCK_50     ; CLOCK_50    ; 0.000        ; 0.248      ; 0.618      ;
; 0.286 ; axis_controller:axis_controller|btnCtrl:btnCtrl|debouncer:dbnc_increment|periodical_strb_gen:strb_gen|sync_rst ; axis_controller:axis_controller|btnCtrl:btnCtrl|debouncer:dbnc_increment|periodical_strb_gen:strb_gen|strobe_generator:strb_gen|cycles_until_strobe[3]  ; CLOCK_50     ; CLOCK_50    ; 0.000        ; 0.248      ; 0.618      ;
; 0.286 ; axis_controller:axis_controller|btnCtrl:btnCtrl|debouncer:dbnc_increment|periodical_strb_gen:strb_gen|sync_rst ; axis_controller:axis_controller|btnCtrl:btnCtrl|debouncer:dbnc_increment|periodical_strb_gen:strb_gen|strobe_generator:strb_gen|cycles_until_strobe[1]  ; CLOCK_50     ; CLOCK_50    ; 0.000        ; 0.248      ; 0.618      ;
; 0.345 ; axis_controller:axis_controller|btnCtrl:btnCtrl|debouncer:dbnc_switchTen|periodical_strb_gen:strb_gen|sync_rst ; axis_controller:axis_controller|btnCtrl:btnCtrl|debouncer:dbnc_switchTen|periodical_strb_gen:strb_gen|strobe_generator:strb_gen|cycles_until_strobe[17] ; CLOCK_50     ; CLOCK_50    ; 0.000        ; 0.249      ; 0.678      ;
; 0.345 ; axis_controller:axis_controller|btnCtrl:btnCtrl|debouncer:dbnc_switchTen|periodical_strb_gen:strb_gen|sync_rst ; axis_controller:axis_controller|btnCtrl:btnCtrl|debouncer:dbnc_switchTen|periodical_strb_gen:strb_gen|strobe_generator:strb_gen|cycles_until_strobe[28] ; CLOCK_50     ; CLOCK_50    ; 0.000        ; 0.250      ; 0.679      ;
; 0.345 ; axis_controller:axis_controller|btnCtrl:btnCtrl|debouncer:dbnc_switchTen|periodical_strb_gen:strb_gen|sync_rst ; axis_controller:axis_controller|btnCtrl:btnCtrl|debouncer:dbnc_switchTen|periodical_strb_gen:strb_gen|strobe_generator:strb_gen|cycles_until_strobe[29] ; CLOCK_50     ; CLOCK_50    ; 0.000        ; 0.250      ; 0.679      ;
; 0.345 ; axis_controller:axis_controller|btnCtrl:btnCtrl|debouncer:dbnc_switchTen|periodical_strb_gen:strb_gen|sync_rst ; axis_controller:axis_controller|btnCtrl:btnCtrl|debouncer:dbnc_switchTen|periodical_strb_gen:strb_gen|strobe_generator:strb_gen|cycles_until_strobe[30] ; CLOCK_50     ; CLOCK_50    ; 0.000        ; 0.250      ; 0.679      ;
; 0.345 ; axis_controller:axis_controller|btnCtrl:btnCtrl|debouncer:dbnc_switchTen|periodical_strb_gen:strb_gen|sync_rst ; axis_controller:axis_controller|btnCtrl:btnCtrl|debouncer:dbnc_switchTen|periodical_strb_gen:strb_gen|strobe_generator:strb_gen|cycles_until_strobe[27] ; CLOCK_50     ; CLOCK_50    ; 0.000        ; 0.250      ; 0.679      ;
; 0.345 ; axis_controller:axis_controller|btnCtrl:btnCtrl|debouncer:dbnc_switchTen|periodical_strb_gen:strb_gen|sync_rst ; axis_controller:axis_controller|btnCtrl:btnCtrl|debouncer:dbnc_switchTen|periodical_strb_gen:strb_gen|strobe_generator:strb_gen|cycles_until_strobe[26] ; CLOCK_50     ; CLOCK_50    ; 0.000        ; 0.250      ; 0.679      ;
; 0.345 ; axis_controller:axis_controller|btnCtrl:btnCtrl|debouncer:dbnc_switchTen|periodical_strb_gen:strb_gen|sync_rst ; axis_controller:axis_controller|btnCtrl:btnCtrl|debouncer:dbnc_switchTen|periodical_strb_gen:strb_gen|strobe_generator:strb_gen|cycles_until_strobe[25] ; CLOCK_50     ; CLOCK_50    ; 0.000        ; 0.250      ; 0.679      ;
; 0.345 ; axis_controller:axis_controller|btnCtrl:btnCtrl|debouncer:dbnc_switchTen|periodical_strb_gen:strb_gen|sync_rst ; axis_controller:axis_controller|btnCtrl:btnCtrl|debouncer:dbnc_switchTen|periodical_strb_gen:strb_gen|strobe_generator:strb_gen|cycles_until_strobe[24] ; CLOCK_50     ; CLOCK_50    ; 0.000        ; 0.250      ; 0.679      ;
; 0.345 ; axis_controller:axis_controller|btnCtrl:btnCtrl|debouncer:dbnc_switchTen|periodical_strb_gen:strb_gen|sync_rst ; axis_controller:axis_controller|btnCtrl:btnCtrl|debouncer:dbnc_switchTen|periodical_strb_gen:strb_gen|strobe_generator:strb_gen|cycles_until_strobe[23] ; CLOCK_50     ; CLOCK_50    ; 0.000        ; 0.250      ; 0.679      ;
; 0.345 ; axis_controller:axis_controller|btnCtrl:btnCtrl|debouncer:dbnc_switchTen|periodical_strb_gen:strb_gen|sync_rst ; axis_controller:axis_controller|btnCtrl:btnCtrl|debouncer:dbnc_switchTen|periodical_strb_gen:strb_gen|strobe_generator:strb_gen|cycles_until_strobe[22] ; CLOCK_50     ; CLOCK_50    ; 0.000        ; 0.250      ; 0.679      ;
; 0.345 ; axis_controller:axis_controller|btnCtrl:btnCtrl|debouncer:dbnc_switchTen|periodical_strb_gen:strb_gen|sync_rst ; axis_controller:axis_controller|btnCtrl:btnCtrl|debouncer:dbnc_switchTen|periodical_strb_gen:strb_gen|strobe_generator:strb_gen|cycles_until_strobe[21] ; CLOCK_50     ; CLOCK_50    ; 0.000        ; 0.250      ; 0.679      ;
; 0.345 ; axis_controller:axis_controller|btnCtrl:btnCtrl|debouncer:dbnc_switchTen|periodical_strb_gen:strb_gen|sync_rst ; axis_controller:axis_controller|btnCtrl:btnCtrl|debouncer:dbnc_switchTen|periodical_strb_gen:strb_gen|strobe_generator:strb_gen|cycles_until_strobe[20] ; CLOCK_50     ; CLOCK_50    ; 0.000        ; 0.250      ; 0.679      ;
; 0.345 ; axis_controller:axis_controller|btnCtrl:btnCtrl|debouncer:dbnc_switchTen|periodical_strb_gen:strb_gen|sync_rst ; axis_controller:axis_controller|btnCtrl:btnCtrl|debouncer:dbnc_switchTen|periodical_strb_gen:strb_gen|strobe_generator:strb_gen|cycles_until_strobe[18] ; CLOCK_50     ; CLOCK_50    ; 0.000        ; 0.249      ; 0.678      ;
; 0.345 ; axis_controller:axis_controller|btnCtrl:btnCtrl|debouncer:dbnc_switchTen|periodical_strb_gen:strb_gen|sync_rst ; axis_controller:axis_controller|btnCtrl:btnCtrl|debouncer:dbnc_switchTen|periodical_strb_gen:strb_gen|strobe_generator:strb_gen|cycles_until_strobe[16] ; CLOCK_50     ; CLOCK_50    ; 0.000        ; 0.249      ; 0.678      ;
; 0.345 ; axis_controller:axis_controller|btnCtrl:btnCtrl|debouncer:dbnc_switchTen|periodical_strb_gen:strb_gen|sync_rst ; axis_controller:axis_controller|btnCtrl:btnCtrl|debouncer:dbnc_switchTen|periodical_strb_gen:strb_gen|strobe_generator:strb_gen|cycles_until_strobe[6]  ; CLOCK_50     ; CLOCK_50    ; 0.000        ; 0.249      ; 0.678      ;
; 0.345 ; axis_controller:axis_controller|btnCtrl:btnCtrl|debouncer:dbnc_switchTen|periodical_strb_gen:strb_gen|sync_rst ; axis_controller:axis_controller|btnCtrl:btnCtrl|debouncer:dbnc_switchTen|periodical_strb_gen:strb_gen|strobe_generator:strb_gen|cycles_until_strobe[15] ; CLOCK_50     ; CLOCK_50    ; 0.000        ; 0.250      ; 0.679      ;
; 0.345 ; axis_controller:axis_controller|btnCtrl:btnCtrl|debouncer:dbnc_switchTen|periodical_strb_gen:strb_gen|sync_rst ; axis_controller:axis_controller|btnCtrl:btnCtrl|debouncer:dbnc_switchTen|periodical_strb_gen:strb_gen|strobe_generator:strb_gen|cycles_until_strobe[11] ; CLOCK_50     ; CLOCK_50    ; 0.000        ; 0.249      ; 0.678      ;
; 0.345 ; axis_controller:axis_controller|btnCtrl:btnCtrl|debouncer:dbnc_switchTen|periodical_strb_gen:strb_gen|sync_rst ; axis_controller:axis_controller|btnCtrl:btnCtrl|debouncer:dbnc_switchTen|periodical_strb_gen:strb_gen|strobe_generator:strb_gen|cycles_until_strobe[13] ; CLOCK_50     ; CLOCK_50    ; 0.000        ; 0.250      ; 0.679      ;
; 0.345 ; axis_controller:axis_controller|btnCtrl:btnCtrl|debouncer:dbnc_switchTen|periodical_strb_gen:strb_gen|sync_rst ; axis_controller:axis_controller|btnCtrl:btnCtrl|debouncer:dbnc_switchTen|periodical_strb_gen:strb_gen|strobe_generator:strb_gen|cycles_until_strobe[10] ; CLOCK_50     ; CLOCK_50    ; 0.000        ; 0.249      ; 0.678      ;
; 0.345 ; axis_controller:axis_controller|btnCtrl:btnCtrl|debouncer:dbnc_switchTen|periodical_strb_gen:strb_gen|sync_rst ; axis_controller:axis_controller|btnCtrl:btnCtrl|debouncer:dbnc_switchTen|periodical_strb_gen:strb_gen|strobe_generator:strb_gen|cycles_until_strobe[12] ; CLOCK_50     ; CLOCK_50    ; 0.000        ; 0.249      ; 0.678      ;
; 0.345 ; axis_controller:axis_controller|btnCtrl:btnCtrl|debouncer:dbnc_switchTen|periodical_strb_gen:strb_gen|sync_rst ; axis_controller:axis_controller|btnCtrl:btnCtrl|debouncer:dbnc_switchTen|periodical_strb_gen:strb_gen|strobe_generator:strb_gen|cycles_until_strobe[8]  ; CLOCK_50     ; CLOCK_50    ; 0.000        ; 0.249      ; 0.678      ;
; 0.345 ; axis_controller:axis_controller|btnCtrl:btnCtrl|debouncer:dbnc_switchTen|periodical_strb_gen:strb_gen|sync_rst ; axis_controller:axis_controller|btnCtrl:btnCtrl|debouncer:dbnc_switchTen|periodical_strb_gen:strb_gen|strobe_generator:strb_gen|cycles_until_strobe[7]  ; CLOCK_50     ; CLOCK_50    ; 0.000        ; 0.249      ; 0.678      ;
; 0.345 ; axis_controller:axis_controller|btnCtrl:btnCtrl|debouncer:dbnc_switchTen|periodical_strb_gen:strb_gen|sync_rst ; axis_controller:axis_controller|btnCtrl:btnCtrl|debouncer:dbnc_switchTen|periodical_strb_gen:strb_gen|strobe_generator:strb_gen|cycles_until_strobe[14] ; CLOCK_50     ; CLOCK_50    ; 0.000        ; 0.249      ; 0.678      ;
; 0.345 ; axis_controller:axis_controller|btnCtrl:btnCtrl|debouncer:dbnc_switchTen|periodical_strb_gen:strb_gen|sync_rst ; axis_controller:axis_controller|btnCtrl:btnCtrl|debouncer:dbnc_switchTen|periodical_strb_gen:strb_gen|strobe_generator:strb_gen|cycles_until_strobe[9]  ; CLOCK_50     ; CLOCK_50    ; 0.000        ; 0.249      ; 0.678      ;
; 0.345 ; axis_controller:axis_controller|btnCtrl:btnCtrl|debouncer:dbnc_switchTen|periodical_strb_gen:strb_gen|sync_rst ; axis_controller:axis_controller|btnCtrl:btnCtrl|debouncer:dbnc_switchTen|periodical_strb_gen:strb_gen|strobe_generator:strb_gen|cycles_until_strobe[5]  ; CLOCK_50     ; CLOCK_50    ; 0.000        ; 0.249      ; 0.678      ;
; 0.345 ; axis_controller:axis_controller|btnCtrl:btnCtrl|debouncer:dbnc_switchTen|periodical_strb_gen:strb_gen|sync_rst ; axis_controller:axis_controller|btnCtrl:btnCtrl|debouncer:dbnc_switchTen|periodical_strb_gen:strb_gen|strobe_generator:strb_gen|cycles_until_strobe[4]  ; CLOCK_50     ; CLOCK_50    ; 0.000        ; 0.249      ; 0.678      ;
; 0.345 ; axis_controller:axis_controller|btnCtrl:btnCtrl|debouncer:dbnc_switchTen|periodical_strb_gen:strb_gen|sync_rst ; axis_controller:axis_controller|btnCtrl:btnCtrl|debouncer:dbnc_switchTen|periodical_strb_gen:strb_gen|strobe_generator:strb_gen|cycles_until_strobe[3]  ; CLOCK_50     ; CLOCK_50    ; 0.000        ; 0.249      ; 0.678      ;
; 0.345 ; axis_controller:axis_controller|btnCtrl:btnCtrl|debouncer:dbnc_switchTen|periodical_strb_gen:strb_gen|sync_rst ; axis_controller:axis_controller|btnCtrl:btnCtrl|debouncer:dbnc_switchTen|periodical_strb_gen:strb_gen|strobe_generator:strb_gen|cycles_until_strobe[2]  ; CLOCK_50     ; CLOCK_50    ; 0.000        ; 0.249      ; 0.678      ;
; 0.352 ; axis_controller:axis_controller|btnCtrl:btnCtrl|debouncer:dbnc_increment|periodical_strb_gen:strb_gen|sync_rst ; axis_controller:axis_controller|btnCtrl:btnCtrl|debouncer:dbnc_increment|periodical_strb_gen:strb_gen|strobe_generator:strb_gen|strb_val                ; CLOCK_50     ; CLOCK_50    ; 0.000        ; 0.248      ; 0.684      ;
; 0.352 ; axis_controller:axis_controller|btnCtrl:btnCtrl|debouncer:dbnc_increment|periodical_strb_gen:strb_gen|sync_rst ; axis_controller:axis_controller|btnCtrl:btnCtrl|debouncer:dbnc_increment|periodical_strb_gen:strb_gen|strobe_generator:strb_gen|cycles_until_strobe[17] ; CLOCK_50     ; CLOCK_50    ; 0.000        ; 0.248      ; 0.684      ;
; 0.352 ; axis_controller:axis_controller|btnCtrl:btnCtrl|debouncer:dbnc_increment|periodical_strb_gen:strb_gen|sync_rst ; axis_controller:axis_controller|btnCtrl:btnCtrl|debouncer:dbnc_increment|periodical_strb_gen:strb_gen|strobe_generator:strb_gen|cycles_until_strobe[13] ; CLOCK_50     ; CLOCK_50    ; 0.000        ; 0.248      ; 0.684      ;
; 0.352 ; axis_controller:axis_controller|btnCtrl:btnCtrl|debouncer:dbnc_increment|periodical_strb_gen:strb_gen|sync_rst ; axis_controller:axis_controller|btnCtrl:btnCtrl|debouncer:dbnc_increment|periodical_strb_gen:strb_gen|strobe_generator:strb_gen|cycles_until_strobe[2]  ; CLOCK_50     ; CLOCK_50    ; 0.000        ; 0.248      ; 0.684      ;
; 0.352 ; axis_controller:axis_controller|btnCtrl:btnCtrl|debouncer:dbnc_increment|periodical_strb_gen:strb_gen|sync_rst ; axis_controller:axis_controller|btnCtrl:btnCtrl|debouncer:dbnc_increment|periodical_strb_gen:strb_gen|strobe_generator:strb_gen|cycles_until_strobe[0]  ; CLOCK_50     ; CLOCK_50    ; 0.000        ; 0.248      ; 0.684      ;
; 0.354 ; axis_controller:axis_controller|btnCtrl:btnCtrl|debouncer:dbnc_switchTen|periodical_strb_gen:strb_gen|sync_rst ; axis_controller:axis_controller|btnCtrl:btnCtrl|debouncer:dbnc_switchTen|periodical_strb_gen:strb_gen|strobe_generator:strb_gen|strb_val                ; CLOCK_50     ; CLOCK_50    ; 0.000        ; 0.249      ; 0.687      ;
; 0.354 ; axis_controller:axis_controller|btnCtrl:btnCtrl|debouncer:dbnc_switchTen|periodical_strb_gen:strb_gen|sync_rst ; axis_controller:axis_controller|btnCtrl:btnCtrl|debouncer:dbnc_switchTen|periodical_strb_gen:strb_gen|strobe_generator:strb_gen|cycles_until_strobe[19] ; CLOCK_50     ; CLOCK_50    ; 0.000        ; 0.249      ; 0.687      ;
; 0.354 ; axis_controller:axis_controller|btnCtrl:btnCtrl|debouncer:dbnc_switchTen|periodical_strb_gen:strb_gen|sync_rst ; axis_controller:axis_controller|btnCtrl:btnCtrl|debouncer:dbnc_switchTen|periodical_strb_gen:strb_gen|strobe_generator:strb_gen|cycles_until_strobe[1]  ; CLOCK_50     ; CLOCK_50    ; 0.000        ; 0.249      ; 0.687      ;
; 0.354 ; axis_controller:axis_controller|btnCtrl:btnCtrl|debouncer:dbnc_switchTen|periodical_strb_gen:strb_gen|sync_rst ; axis_controller:axis_controller|btnCtrl:btnCtrl|debouncer:dbnc_switchTen|periodical_strb_gen:strb_gen|strobe_generator:strb_gen|cycles_until_strobe[0]  ; CLOCK_50     ; CLOCK_50    ; 0.000        ; 0.249      ; 0.687      ;
; 0.368 ; axis_controller:axis_controller|btnCtrl:btnCtrl|debouncer:dbnc_increment|periodical_strb_gen:strb_gen|sync_rst ; axis_controller:axis_controller|btnCtrl:btnCtrl|debouncer:dbnc_increment|periodical_strb_gen:strb_gen|strobe_generator:strb_gen|cycles_until_strobe[23] ; CLOCK_50     ; CLOCK_50    ; 0.000        ; 0.247      ; 0.699      ;
; 0.368 ; axis_controller:axis_controller|btnCtrl:btnCtrl|debouncer:dbnc_increment|periodical_strb_gen:strb_gen|sync_rst ; axis_controller:axis_controller|btnCtrl:btnCtrl|debouncer:dbnc_increment|periodical_strb_gen:strb_gen|strobe_generator:strb_gen|cycles_until_strobe[24] ; CLOCK_50     ; CLOCK_50    ; 0.000        ; 0.247      ; 0.699      ;
; 0.368 ; axis_controller:axis_controller|btnCtrl:btnCtrl|debouncer:dbnc_increment|periodical_strb_gen:strb_gen|sync_rst ; axis_controller:axis_controller|btnCtrl:btnCtrl|debouncer:dbnc_increment|periodical_strb_gen:strb_gen|strobe_generator:strb_gen|cycles_until_strobe[25] ; CLOCK_50     ; CLOCK_50    ; 0.000        ; 0.247      ; 0.699      ;
; 0.368 ; axis_controller:axis_controller|btnCtrl:btnCtrl|debouncer:dbnc_increment|periodical_strb_gen:strb_gen|sync_rst ; axis_controller:axis_controller|btnCtrl:btnCtrl|debouncer:dbnc_increment|periodical_strb_gen:strb_gen|strobe_generator:strb_gen|cycles_until_strobe[26] ; CLOCK_50     ; CLOCK_50    ; 0.000        ; 0.247      ; 0.699      ;
; 0.368 ; axis_controller:axis_controller|btnCtrl:btnCtrl|debouncer:dbnc_increment|periodical_strb_gen:strb_gen|sync_rst ; axis_controller:axis_controller|btnCtrl:btnCtrl|debouncer:dbnc_increment|periodical_strb_gen:strb_gen|strobe_generator:strb_gen|cycles_until_strobe[27] ; CLOCK_50     ; CLOCK_50    ; 0.000        ; 0.247      ; 0.699      ;
; 0.368 ; axis_controller:axis_controller|btnCtrl:btnCtrl|debouncer:dbnc_increment|periodical_strb_gen:strb_gen|sync_rst ; axis_controller:axis_controller|btnCtrl:btnCtrl|debouncer:dbnc_increment|periodical_strb_gen:strb_gen|strobe_generator:strb_gen|cycles_until_strobe[30] ; CLOCK_50     ; CLOCK_50    ; 0.000        ; 0.247      ; 0.699      ;
; 0.368 ; axis_controller:axis_controller|btnCtrl:btnCtrl|debouncer:dbnc_increment|periodical_strb_gen:strb_gen|sync_rst ; axis_controller:axis_controller|btnCtrl:btnCtrl|debouncer:dbnc_increment|periodical_strb_gen:strb_gen|strobe_generator:strb_gen|cycles_until_strobe[29] ; CLOCK_50     ; CLOCK_50    ; 0.000        ; 0.247      ; 0.699      ;
; 0.368 ; axis_controller:axis_controller|btnCtrl:btnCtrl|debouncer:dbnc_increment|periodical_strb_gen:strb_gen|sync_rst ; axis_controller:axis_controller|btnCtrl:btnCtrl|debouncer:dbnc_increment|periodical_strb_gen:strb_gen|strobe_generator:strb_gen|cycles_until_strobe[28] ; CLOCK_50     ; CLOCK_50    ; 0.000        ; 0.247      ; 0.699      ;
; 0.368 ; axis_controller:axis_controller|btnCtrl:btnCtrl|debouncer:dbnc_increment|periodical_strb_gen:strb_gen|sync_rst ; axis_controller:axis_controller|btnCtrl:btnCtrl|debouncer:dbnc_increment|periodical_strb_gen:strb_gen|strobe_generator:strb_gen|cycles_until_strobe[22] ; CLOCK_50     ; CLOCK_50    ; 0.000        ; 0.247      ; 0.699      ;
; 0.368 ; axis_controller:axis_controller|btnCtrl:btnCtrl|debouncer:dbnc_increment|periodical_strb_gen:strb_gen|sync_rst ; axis_controller:axis_controller|btnCtrl:btnCtrl|debouncer:dbnc_increment|periodical_strb_gen:strb_gen|strobe_generator:strb_gen|cycles_until_strobe[21] ; CLOCK_50     ; CLOCK_50    ; 0.000        ; 0.247      ; 0.699      ;
; 0.368 ; axis_controller:axis_controller|btnCtrl:btnCtrl|debouncer:dbnc_increment|periodical_strb_gen:strb_gen|sync_rst ; axis_controller:axis_controller|btnCtrl:btnCtrl|debouncer:dbnc_increment|periodical_strb_gen:strb_gen|strobe_generator:strb_gen|cycles_until_strobe[20] ; CLOCK_50     ; CLOCK_50    ; 0.000        ; 0.247      ; 0.699      ;
; 0.368 ; axis_controller:axis_controller|btnCtrl:btnCtrl|debouncer:dbnc_increment|periodical_strb_gen:strb_gen|sync_rst ; axis_controller:axis_controller|btnCtrl:btnCtrl|debouncer:dbnc_increment|periodical_strb_gen:strb_gen|strobe_generator:strb_gen|cycles_until_strobe[15] ; CLOCK_50     ; CLOCK_50    ; 0.000        ; 0.247      ; 0.699      ;
; 0.371 ; axis_controller:axis_controller|btnCtrl:btnCtrl|debouncer:dbnc_decrement|periodical_strb_gen:strb_gen|sync_rst ; axis_controller:axis_controller|btnCtrl:btnCtrl|debouncer:dbnc_decrement|periodical_strb_gen:strb_gen|strobe_generator:strb_gen|strb_val                ; CLOCK_50     ; CLOCK_50    ; 0.000        ; 0.248      ; 0.703      ;
; 0.371 ; axis_controller:axis_controller|btnCtrl:btnCtrl|debouncer:dbnc_decrement|periodical_strb_gen:strb_gen|sync_rst ; axis_controller:axis_controller|btnCtrl:btnCtrl|debouncer:dbnc_decrement|periodical_strb_gen:strb_gen|strobe_generator:strb_gen|strb_o                  ; CLOCK_50     ; CLOCK_50    ; 0.000        ; 0.248      ; 0.703      ;
; 0.371 ; axis_controller:axis_controller|btnCtrl:btnCtrl|debouncer:dbnc_decrement|periodical_strb_gen:strb_gen|sync_rst ; axis_controller:axis_controller|btnCtrl:btnCtrl|debouncer:dbnc_decrement|periodical_strb_gen:strb_gen|strobe_generator:strb_gen|cycles_until_strobe[13] ; CLOCK_50     ; CLOCK_50    ; 0.000        ; 0.248      ; 0.703      ;
; 0.371 ; axis_controller:axis_controller|btnCtrl:btnCtrl|debouncer:dbnc_decrement|periodical_strb_gen:strb_gen|sync_rst ; axis_controller:axis_controller|btnCtrl:btnCtrl|debouncer:dbnc_decrement|periodical_strb_gen:strb_gen|strobe_generator:strb_gen|cycles_until_strobe[4]  ; CLOCK_50     ; CLOCK_50    ; 0.000        ; 0.248      ; 0.703      ;
; 0.371 ; axis_controller:axis_controller|btnCtrl:btnCtrl|debouncer:dbnc_decrement|periodical_strb_gen:strb_gen|sync_rst ; axis_controller:axis_controller|btnCtrl:btnCtrl|debouncer:dbnc_decrement|periodical_strb_gen:strb_gen|strobe_generator:strb_gen|cycles_until_strobe[1]  ; CLOCK_50     ; CLOCK_50    ; 0.000        ; 0.248      ; 0.703      ;
; 0.371 ; axis_controller:axis_controller|btnCtrl:btnCtrl|debouncer:dbnc_decrement|periodical_strb_gen:strb_gen|sync_rst ; axis_controller:axis_controller|btnCtrl:btnCtrl|debouncer:dbnc_decrement|periodical_strb_gen:strb_gen|strobe_generator:strb_gen|cycles_until_strobe[0]  ; CLOCK_50     ; CLOCK_50    ; 0.000        ; 0.248      ; 0.703      ;
; 0.446 ; axis_controller:axis_controller|btnCtrl:btnCtrl|debouncer:dbnc_decrement|periodical_strb_gen:strb_gen|sync_rst ; axis_controller:axis_controller|btnCtrl:btnCtrl|debouncer:dbnc_decrement|periodical_strb_gen:strb_gen|strobe_generator:strb_gen|cycles_until_strobe[20] ; CLOCK_50     ; CLOCK_50    ; 0.000        ; 0.248      ; 0.778      ;
; 0.446 ; axis_controller:axis_controller|btnCtrl:btnCtrl|debouncer:dbnc_decrement|periodical_strb_gen:strb_gen|sync_rst ; axis_controller:axis_controller|btnCtrl:btnCtrl|debouncer:dbnc_decrement|periodical_strb_gen:strb_gen|strobe_generator:strb_gen|cycles_until_strobe[21] ; CLOCK_50     ; CLOCK_50    ; 0.000        ; 0.248      ; 0.778      ;
; 0.446 ; axis_controller:axis_controller|btnCtrl:btnCtrl|debouncer:dbnc_decrement|periodical_strb_gen:strb_gen|sync_rst ; axis_controller:axis_controller|btnCtrl:btnCtrl|debouncer:dbnc_decrement|periodical_strb_gen:strb_gen|strobe_generator:strb_gen|cycles_until_strobe[22] ; CLOCK_50     ; CLOCK_50    ; 0.000        ; 0.248      ; 0.778      ;
; 0.446 ; axis_controller:axis_controller|btnCtrl:btnCtrl|debouncer:dbnc_decrement|periodical_strb_gen:strb_gen|sync_rst ; axis_controller:axis_controller|btnCtrl:btnCtrl|debouncer:dbnc_decrement|periodical_strb_gen:strb_gen|strobe_generator:strb_gen|cycles_until_strobe[23] ; CLOCK_50     ; CLOCK_50    ; 0.000        ; 0.248      ; 0.778      ;
; 0.446 ; axis_controller:axis_controller|btnCtrl:btnCtrl|debouncer:dbnc_decrement|periodical_strb_gen:strb_gen|sync_rst ; axis_controller:axis_controller|btnCtrl:btnCtrl|debouncer:dbnc_decrement|periodical_strb_gen:strb_gen|strobe_generator:strb_gen|cycles_until_strobe[24] ; CLOCK_50     ; CLOCK_50    ; 0.000        ; 0.248      ; 0.778      ;
; 0.446 ; axis_controller:axis_controller|btnCtrl:btnCtrl|debouncer:dbnc_decrement|periodical_strb_gen:strb_gen|sync_rst ; axis_controller:axis_controller|btnCtrl:btnCtrl|debouncer:dbnc_decrement|periodical_strb_gen:strb_gen|strobe_generator:strb_gen|cycles_until_strobe[25] ; CLOCK_50     ; CLOCK_50    ; 0.000        ; 0.248      ; 0.778      ;
; 0.446 ; axis_controller:axis_controller|btnCtrl:btnCtrl|debouncer:dbnc_decrement|periodical_strb_gen:strb_gen|sync_rst ; axis_controller:axis_controller|btnCtrl:btnCtrl|debouncer:dbnc_decrement|periodical_strb_gen:strb_gen|strobe_generator:strb_gen|cycles_until_strobe[26] ; CLOCK_50     ; CLOCK_50    ; 0.000        ; 0.248      ; 0.778      ;
; 0.446 ; axis_controller:axis_controller|btnCtrl:btnCtrl|debouncer:dbnc_decrement|periodical_strb_gen:strb_gen|sync_rst ; axis_controller:axis_controller|btnCtrl:btnCtrl|debouncer:dbnc_decrement|periodical_strb_gen:strb_gen|strobe_generator:strb_gen|cycles_until_strobe[27] ; CLOCK_50     ; CLOCK_50    ; 0.000        ; 0.248      ; 0.778      ;
; 0.446 ; axis_controller:axis_controller|btnCtrl:btnCtrl|debouncer:dbnc_decrement|periodical_strb_gen:strb_gen|sync_rst ; axis_controller:axis_controller|btnCtrl:btnCtrl|debouncer:dbnc_decrement|periodical_strb_gen:strb_gen|strobe_generator:strb_gen|cycles_until_strobe[28] ; CLOCK_50     ; CLOCK_50    ; 0.000        ; 0.248      ; 0.778      ;
; 0.446 ; axis_controller:axis_controller|btnCtrl:btnCtrl|debouncer:dbnc_decrement|periodical_strb_gen:strb_gen|sync_rst ; axis_controller:axis_controller|btnCtrl:btnCtrl|debouncer:dbnc_decrement|periodical_strb_gen:strb_gen|strobe_generator:strb_gen|cycles_until_strobe[29] ; CLOCK_50     ; CLOCK_50    ; 0.000        ; 0.248      ; 0.778      ;
; 0.446 ; axis_controller:axis_controller|btnCtrl:btnCtrl|debouncer:dbnc_decrement|periodical_strb_gen:strb_gen|sync_rst ; axis_controller:axis_controller|btnCtrl:btnCtrl|debouncer:dbnc_decrement|periodical_strb_gen:strb_gen|strobe_generator:strb_gen|cycles_until_strobe[30] ; CLOCK_50     ; CLOCK_50    ; 0.000        ; 0.248      ; 0.778      ;
; 0.446 ; axis_controller:axis_controller|btnCtrl:btnCtrl|debouncer:dbnc_decrement|periodical_strb_gen:strb_gen|sync_rst ; axis_controller:axis_controller|btnCtrl:btnCtrl|debouncer:dbnc_decrement|periodical_strb_gen:strb_gen|strobe_generator:strb_gen|cycles_until_strobe[15] ; CLOCK_50     ; CLOCK_50    ; 0.000        ; 0.248      ; 0.778      ;
; 0.553 ; axis_controller:axis_controller|btnCtrl:btnCtrl|debouncer:dbnc_increment|periodical_strb_gen:strb_gen|sync_rst ; axis_controller:axis_controller|btnCtrl:btnCtrl|debouncer:dbnc_increment|periodical_strb_gen:strb_gen|strobe_generator:strb_gen|strb_o                  ; CLOCK_50     ; CLOCK_50    ; 0.000        ; 0.047      ; 0.684      ;
; 0.556 ; axis_controller:axis_controller|btnCtrl:btnCtrl|debouncer:dbnc_switchTen|periodical_strb_gen:strb_gen|sync_rst ; axis_controller:axis_controller|btnCtrl:btnCtrl|debouncer:dbnc_switchTen|periodical_strb_gen:strb_gen|strobe_generator:strb_gen|strb_o                  ; CLOCK_50     ; CLOCK_50    ; 0.000        ; 0.047      ; 0.687      ;
; 0.584 ; axis_controller:axis_controller|cmd_proc:cmd_proc|fsm_state.WAIT_COMPLETE                                      ; axis_controller:axis_controller|cmd_proc:cmd_proc|periodical_strb_gen:strb_gen|sync_rst                                                                 ; CLOCK_50     ; CLOCK_50    ; 0.000        ; 0.252      ; 0.920      ;
+-------+----------------------------------------------------------------------------------------------------------------+---------------------------------------------------------------------------------------------------------------------------------------------------------+--------------+-------------+--------------+------------+------------+


----------------------------------------------
; Fast 1200mV 0C Model Metastability Summary ;
----------------------------------------------
Design MTBF is not calculated because the design doesn't meet its timing requirements.



+---------------------------------------------------------------------------------+
; Multicorner Timing Analysis Summary                                             ;
+------------------+-----------+-------+----------+---------+---------------------+
; Clock            ; Setup     ; Hold  ; Recovery ; Removal ; Minimum Pulse Width ;
+------------------+-----------+-------+----------+---------+---------------------+
; Worst-case Slack ; -11.364   ; 0.133 ; -1.228   ; 0.264   ; -3.000              ;
;  CLOCK_50        ; -11.364   ; 0.133 ; -1.228   ; 0.264   ; -3.000              ;
; Design-wide TNS  ; -2128.826 ; 0.0   ; -75.966  ; 0.0     ; -787.632            ;
;  CLOCK_50        ; -2128.826 ; 0.000 ; -75.966  ; 0.000   ; -787.632            ;
+------------------+-----------+-------+----------+---------+---------------------+


+------------------------------------------------------------------------------------------------------------------------------------------------------------------------------------------------------------------------------------------------------------------------------------------------------------------------------------------------------------------------------------------------------------------+
; Board Trace Model Assignments                                                                                                                                                                                                                                                                                                                                                                                    ;
+---------------+--------------+-------------------+-------------------------+-------------------------+---------------+---------------------+----------------+------------------+--------+------------------+------------------------+------------------------+--------------+---------------+-----------------+-------+---------------------+--------------------+---------------+-----------------+-------------+
; Pin           ; I/O Standard ; Near Tline Length ; Near Tline L per Length ; Near Tline C per Length ; Near Series R ; Near Differential R ; Near Pull-up R ; Near Pull-down R ; Near C ; Far Tline Length ; Far Tline L per Length ; Far Tline C per Length ; Far Series R ; Far Pull-up R ; Far Pull-down R ; Far C ; Termination Voltage ; Far Differential R ; EBD File Name ; EBD Signal Name ; EBD Far-end ;
+---------------+--------------+-------------------+-------------------------+-------------------------+---------------+---------------------+----------------+------------------+--------+------------------+------------------------+------------------------+--------------+---------------+-----------------+-------+---------------------+--------------------+---------------+-----------------+-------------+
; HEX0[6]       ; 2.5 V        ; 0 in              ; 0 H/in                  ; 0 F/in                  ; short         ; -                   ; open           ; open             ; open   ; 0 in             ; 0 H/in                 ; 0 F/in                 ; short        ; open          ; open            ; open  ; 0 V                 ; -                  ; n/a           ; n/a             ; n/a         ;
; HEX0[5]       ; 2.5 V        ; 0 in              ; 0 H/in                  ; 0 F/in                  ; short         ; -                   ; open           ; open             ; open   ; 0 in             ; 0 H/in                 ; 0 F/in                 ; short        ; open          ; open            ; open  ; 0 V                 ; -                  ; n/a           ; n/a             ; n/a         ;
; HEX0[4]       ; 2.5 V        ; 0 in              ; 0 H/in                  ; 0 F/in                  ; short         ; -                   ; open           ; open             ; open   ; 0 in             ; 0 H/in                 ; 0 F/in                 ; short        ; open          ; open            ; open  ; 0 V                 ; -                  ; n/a           ; n/a             ; n/a         ;
; HEX0[3]       ; 2.5 V        ; 0 in              ; 0 H/in                  ; 0 F/in                  ; short         ; -                   ; open           ; open             ; open   ; 0 in             ; 0 H/in                 ; 0 F/in                 ; short        ; open          ; open            ; open  ; 0 V                 ; -                  ; n/a           ; n/a             ; n/a         ;
; HEX0[2]       ; 2.5 V        ; 0 in              ; 0 H/in                  ; 0 F/in                  ; short         ; -                   ; open           ; open             ; open   ; 0 in             ; 0 H/in                 ; 0 F/in                 ; short        ; open          ; open            ; open  ; 0 V                 ; -                  ; n/a           ; n/a             ; n/a         ;
; HEX0[1]       ; 2.5 V        ; 0 in              ; 0 H/in                  ; 0 F/in                  ; short         ; -                   ; open           ; open             ; open   ; 0 in             ; 0 H/in                 ; 0 F/in                 ; short        ; open          ; open            ; open  ; 0 V                 ; -                  ; n/a           ; n/a             ; n/a         ;
; HEX0[0]       ; 2.5 V        ; 0 in              ; 0 H/in                  ; 0 F/in                  ; short         ; -                   ; open           ; open             ; open   ; 0 in             ; 0 H/in                 ; 0 F/in                 ; short        ; open          ; open            ; open  ; 0 V                 ; -                  ; n/a           ; n/a             ; n/a         ;
; HEX1[6]       ; 2.5 V        ; 0 in              ; 0 H/in                  ; 0 F/in                  ; short         ; -                   ; open           ; open             ; open   ; 0 in             ; 0 H/in                 ; 0 F/in                 ; short        ; open          ; open            ; open  ; 0 V                 ; -                  ; n/a           ; n/a             ; n/a         ;
; HEX1[5]       ; 2.5 V        ; 0 in              ; 0 H/in                  ; 0 F/in                  ; short         ; -                   ; open           ; open             ; open   ; 0 in             ; 0 H/in                 ; 0 F/in                 ; short        ; open          ; open            ; open  ; 0 V                 ; -                  ; n/a           ; n/a             ; n/a         ;
; HEX1[4]       ; 2.5 V        ; 0 in              ; 0 H/in                  ; 0 F/in                  ; short         ; -                   ; open           ; open             ; open   ; 0 in             ; 0 H/in                 ; 0 F/in                 ; short        ; open          ; open            ; open  ; 0 V                 ; -                  ; n/a           ; n/a             ; n/a         ;
; HEX1[3]       ; 2.5 V        ; 0 in              ; 0 H/in                  ; 0 F/in                  ; short         ; -                   ; open           ; open             ; open   ; 0 in             ; 0 H/in                 ; 0 F/in                 ; short        ; open          ; open            ; open  ; 0 V                 ; -                  ; n/a           ; n/a             ; n/a         ;
; HEX1[2]       ; 2.5 V        ; 0 in              ; 0 H/in                  ; 0 F/in                  ; short         ; -                   ; open           ; open             ; open   ; 0 in             ; 0 H/in                 ; 0 F/in                 ; short        ; open          ; open            ; open  ; 0 V                 ; -                  ; n/a           ; n/a             ; n/a         ;
; HEX1[1]       ; 2.5 V        ; 0 in              ; 0 H/in                  ; 0 F/in                  ; short         ; -                   ; open           ; open             ; open   ; 0 in             ; 0 H/in                 ; 0 F/in                 ; short        ; open          ; open            ; open  ; 0 V                 ; -                  ; n/a           ; n/a             ; n/a         ;
; HEX1[0]       ; 2.5 V        ; 0 in              ; 0 H/in                  ; 0 F/in                  ; short         ; -                   ; open           ; open             ; open   ; 0 in             ; 0 H/in                 ; 0 F/in                 ; short        ; open          ; open            ; open  ; 0 V                 ; -                  ; n/a           ; n/a             ; n/a         ;
; HEX2[6]       ; 2.5 V        ; 0 in              ; 0 H/in                  ; 0 F/in                  ; short         ; -                   ; open           ; open             ; open   ; 0 in             ; 0 H/in                 ; 0 F/in                 ; short        ; open          ; open            ; open  ; 0 V                 ; -                  ; n/a           ; n/a             ; n/a         ;
; HEX2[5]       ; 2.5 V        ; 0 in              ; 0 H/in                  ; 0 F/in                  ; short         ; -                   ; open           ; open             ; open   ; 0 in             ; 0 H/in                 ; 0 F/in                 ; short        ; open          ; open            ; open  ; 0 V                 ; -                  ; n/a           ; n/a             ; n/a         ;
; HEX2[4]       ; 2.5 V        ; 0 in              ; 0 H/in                  ; 0 F/in                  ; short         ; -                   ; open           ; open             ; open   ; 0 in             ; 0 H/in                 ; 0 F/in                 ; short        ; open          ; open            ; open  ; 0 V                 ; -                  ; n/a           ; n/a             ; n/a         ;
; HEX2[3]       ; 2.5 V        ; 0 in              ; 0 H/in                  ; 0 F/in                  ; short         ; -                   ; open           ; open             ; open   ; 0 in             ; 0 H/in                 ; 0 F/in                 ; short        ; open          ; open            ; open  ; 0 V                 ; -                  ; n/a           ; n/a             ; n/a         ;
; HEX2[2]       ; 2.5 V        ; 0 in              ; 0 H/in                  ; 0 F/in                  ; short         ; -                   ; open           ; open             ; open   ; 0 in             ; 0 H/in                 ; 0 F/in                 ; short        ; open          ; open            ; open  ; 0 V                 ; -                  ; n/a           ; n/a             ; n/a         ;
; HEX2[1]       ; 2.5 V        ; 0 in              ; 0 H/in                  ; 0 F/in                  ; short         ; -                   ; open           ; open             ; open   ; 0 in             ; 0 H/in                 ; 0 F/in                 ; short        ; open          ; open            ; open  ; 0 V                 ; -                  ; n/a           ; n/a             ; n/a         ;
; HEX2[0]       ; 2.5 V        ; 0 in              ; 0 H/in                  ; 0 F/in                  ; short         ; -                   ; open           ; open             ; open   ; 0 in             ; 0 H/in                 ; 0 F/in                 ; short        ; open          ; open            ; open  ; 0 V                 ; -                  ; n/a           ; n/a             ; n/a         ;
; HEX3[6]       ; 2.5 V        ; 0 in              ; 0 H/in                  ; 0 F/in                  ; short         ; -                   ; open           ; open             ; open   ; 0 in             ; 0 H/in                 ; 0 F/in                 ; short        ; open          ; open            ; open  ; 0 V                 ; -                  ; n/a           ; n/a             ; n/a         ;
; HEX3[5]       ; 2.5 V        ; 0 in              ; 0 H/in                  ; 0 F/in                  ; short         ; -                   ; open           ; open             ; open   ; 0 in             ; 0 H/in                 ; 0 F/in                 ; short        ; open          ; open            ; open  ; 0 V                 ; -                  ; n/a           ; n/a             ; n/a         ;
; HEX3[4]       ; 2.5 V        ; 0 in              ; 0 H/in                  ; 0 F/in                  ; short         ; -                   ; open           ; open             ; open   ; 0 in             ; 0 H/in                 ; 0 F/in                 ; short        ; open          ; open            ; open  ; 0 V                 ; -                  ; n/a           ; n/a             ; n/a         ;
; HEX3[3]       ; 2.5 V        ; 0 in              ; 0 H/in                  ; 0 F/in                  ; short         ; -                   ; open           ; open             ; open   ; 0 in             ; 0 H/in                 ; 0 F/in                 ; short        ; open          ; open            ; open  ; 0 V                 ; -                  ; n/a           ; n/a             ; n/a         ;
; HEX3[2]       ; 2.5 V        ; 0 in              ; 0 H/in                  ; 0 F/in                  ; short         ; -                   ; open           ; open             ; open   ; 0 in             ; 0 H/in                 ; 0 F/in                 ; short        ; open          ; open            ; open  ; 0 V                 ; -                  ; n/a           ; n/a             ; n/a         ;
; HEX3[1]       ; 2.5 V        ; 0 in              ; 0 H/in                  ; 0 F/in                  ; short         ; -                   ; open           ; open             ; open   ; 0 in             ; 0 H/in                 ; 0 F/in                 ; short        ; open          ; open            ; open  ; 0 V                 ; -                  ; n/a           ; n/a             ; n/a         ;
; HEX3[0]       ; 2.5 V        ; 0 in              ; 0 H/in                  ; 0 F/in                  ; short         ; -                   ; open           ; open             ; open   ; 0 in             ; 0 H/in                 ; 0 F/in                 ; short        ; open          ; open            ; open  ; 0 V                 ; -                  ; n/a           ; n/a             ; n/a         ;
; HEX4[6]       ; 2.5 V        ; 0 in              ; 0 H/in                  ; 0 F/in                  ; short         ; -                   ; open           ; open             ; open   ; 0 in             ; 0 H/in                 ; 0 F/in                 ; short        ; open          ; open            ; open  ; 0 V                 ; -                  ; n/a           ; n/a             ; n/a         ;
; HEX4[5]       ; 2.5 V        ; 0 in              ; 0 H/in                  ; 0 F/in                  ; short         ; -                   ; open           ; open             ; open   ; 0 in             ; 0 H/in                 ; 0 F/in                 ; short        ; open          ; open            ; open  ; 0 V                 ; -                  ; n/a           ; n/a             ; n/a         ;
; HEX4[4]       ; 2.5 V        ; 0 in              ; 0 H/in                  ; 0 F/in                  ; short         ; -                   ; open           ; open             ; open   ; 0 in             ; 0 H/in                 ; 0 F/in                 ; short        ; open          ; open            ; open  ; 0 V                 ; -                  ; n/a           ; n/a             ; n/a         ;
; HEX4[3]       ; 2.5 V        ; 0 in              ; 0 H/in                  ; 0 F/in                  ; short         ; -                   ; open           ; open             ; open   ; 0 in             ; 0 H/in                 ; 0 F/in                 ; short        ; open          ; open            ; open  ; 0 V                 ; -                  ; n/a           ; n/a             ; n/a         ;
; HEX4[2]       ; 2.5 V        ; 0 in              ; 0 H/in                  ; 0 F/in                  ; short         ; -                   ; open           ; open             ; open   ; 0 in             ; 0 H/in                 ; 0 F/in                 ; short        ; open          ; open            ; open  ; 0 V                 ; -                  ; n/a           ; n/a             ; n/a         ;
; HEX4[1]       ; 2.5 V        ; 0 in              ; 0 H/in                  ; 0 F/in                  ; short         ; -                   ; open           ; open             ; open   ; 0 in             ; 0 H/in                 ; 0 F/in                 ; short        ; open          ; open            ; open  ; 0 V                 ; -                  ; n/a           ; n/a             ; n/a         ;
; HEX4[0]       ; 2.5 V        ; 0 in              ; 0 H/in                  ; 0 F/in                  ; short         ; -                   ; open           ; open             ; open   ; 0 in             ; 0 H/in                 ; 0 F/in                 ; short        ; open          ; open            ; open  ; 0 V                 ; -                  ; n/a           ; n/a             ; n/a         ;
; HEX5[6]       ; 2.5 V        ; 0 in              ; 0 H/in                  ; 0 F/in                  ; short         ; -                   ; open           ; open             ; open   ; 0 in             ; 0 H/in                 ; 0 F/in                 ; short        ; open          ; open            ; open  ; 0 V                 ; -                  ; n/a           ; n/a             ; n/a         ;
; HEX5[5]       ; 2.5 V        ; 0 in              ; 0 H/in                  ; 0 F/in                  ; short         ; -                   ; open           ; open             ; open   ; 0 in             ; 0 H/in                 ; 0 F/in                 ; short        ; open          ; open            ; open  ; 0 V                 ; -                  ; n/a           ; n/a             ; n/a         ;
; HEX5[4]       ; 2.5 V        ; 0 in              ; 0 H/in                  ; 0 F/in                  ; short         ; -                   ; open           ; open             ; open   ; 0 in             ; 0 H/in                 ; 0 F/in                 ; short        ; open          ; open            ; open  ; 0 V                 ; -                  ; n/a           ; n/a             ; n/a         ;
; HEX5[3]       ; 2.5 V        ; 0 in              ; 0 H/in                  ; 0 F/in                  ; short         ; -                   ; open           ; open             ; open   ; 0 in             ; 0 H/in                 ; 0 F/in                 ; short        ; open          ; open            ; open  ; 0 V                 ; -                  ; n/a           ; n/a             ; n/a         ;
; HEX5[2]       ; 2.5 V        ; 0 in              ; 0 H/in                  ; 0 F/in                  ; short         ; -                   ; open           ; open             ; open   ; 0 in             ; 0 H/in                 ; 0 F/in                 ; short        ; open          ; open            ; open  ; 0 V                 ; -                  ; n/a           ; n/a             ; n/a         ;
; HEX5[1]       ; 2.5 V        ; 0 in              ; 0 H/in                  ; 0 F/in                  ; short         ; -                   ; open           ; open             ; open   ; 0 in             ; 0 H/in                 ; 0 F/in                 ; short        ; open          ; open            ; open  ; 0 V                 ; -                  ; n/a           ; n/a             ; n/a         ;
; HEX5[0]       ; 2.5 V        ; 0 in              ; 0 H/in                  ; 0 F/in                  ; short         ; -                   ; open           ; open             ; open   ; 0 in             ; 0 H/in                 ; 0 F/in                 ; short        ; open          ; open            ; open  ; 0 V                 ; -                  ; n/a           ; n/a             ; n/a         ;
; HEX7[6]       ; 2.5 V        ; 0 in              ; 0 H/in                  ; 0 F/in                  ; short         ; -                   ; open           ; open             ; open   ; 0 in             ; 0 H/in                 ; 0 F/in                 ; short        ; open          ; open            ; open  ; 0 V                 ; -                  ; n/a           ; n/a             ; n/a         ;
; HEX7[5]       ; 2.5 V        ; 0 in              ; 0 H/in                  ; 0 F/in                  ; short         ; -                   ; open           ; open             ; open   ; 0 in             ; 0 H/in                 ; 0 F/in                 ; short        ; open          ; open            ; open  ; 0 V                 ; -                  ; n/a           ; n/a             ; n/a         ;
; HEX7[4]       ; 2.5 V        ; 0 in              ; 0 H/in                  ; 0 F/in                  ; short         ; -                   ; open           ; open             ; open   ; 0 in             ; 0 H/in                 ; 0 F/in                 ; short        ; open          ; open            ; open  ; 0 V                 ; -                  ; n/a           ; n/a             ; n/a         ;
; HEX7[3]       ; 2.5 V        ; 0 in              ; 0 H/in                  ; 0 F/in                  ; short         ; -                   ; open           ; open             ; open   ; 0 in             ; 0 H/in                 ; 0 F/in                 ; short        ; open          ; open            ; open  ; 0 V                 ; -                  ; n/a           ; n/a             ; n/a         ;
; HEX7[2]       ; 2.5 V        ; 0 in              ; 0 H/in                  ; 0 F/in                  ; short         ; -                   ; open           ; open             ; open   ; 0 in             ; 0 H/in                 ; 0 F/in                 ; short        ; open          ; open            ; open  ; 0 V                 ; -                  ; n/a           ; n/a             ; n/a         ;
; HEX7[1]       ; 2.5 V        ; 0 in              ; 0 H/in                  ; 0 F/in                  ; short         ; -                   ; open           ; open             ; open   ; 0 in             ; 0 H/in                 ; 0 F/in                 ; short        ; open          ; open            ; open  ; 0 V                 ; -                  ; n/a           ; n/a             ; n/a         ;
; HEX7[0]       ; 2.5 V        ; 0 in              ; 0 H/in                  ; 0 F/in                  ; short         ; -                   ; open           ; open             ; open   ; 0 in             ; 0 H/in                 ; 0 F/in                 ; short        ; open          ; open            ; open  ; 0 V                 ; -                  ; n/a           ; n/a             ; n/a         ;
; LEDG[0]       ; 2.5 V        ; 0 in              ; 0 H/in                  ; 0 F/in                  ; short         ; -                   ; open           ; open             ; open   ; 0 in             ; 0 H/in                 ; 0 F/in                 ; short        ; open          ; open            ; open  ; 0 V                 ; -                  ; n/a           ; n/a             ; n/a         ;
; LEDG[1]       ; 2.5 V        ; 0 in              ; 0 H/in                  ; 0 F/in                  ; short         ; -                   ; open           ; open             ; open   ; 0 in             ; 0 H/in                 ; 0 F/in                 ; short        ; open          ; open            ; open  ; 0 V                 ; -                  ; n/a           ; n/a             ; n/a         ;
; LEDG[2]       ; 2.5 V        ; 0 in              ; 0 H/in                  ; 0 F/in                  ; short         ; -                   ; open           ; open             ; open   ; 0 in             ; 0 H/in                 ; 0 F/in                 ; short        ; open          ; open            ; open  ; 0 V                 ; -                  ; n/a           ; n/a             ; n/a         ;
; LEDG[3]       ; 2.5 V        ; 0 in              ; 0 H/in                  ; 0 F/in                  ; short         ; -                   ; open           ; open             ; open   ; 0 in             ; 0 H/in                 ; 0 F/in                 ; short        ; open          ; open            ; open  ; 0 V                 ; -                  ; n/a           ; n/a             ; n/a         ;
; LEDG[4]       ; 2.5 V        ; 0 in              ; 0 H/in                  ; 0 F/in                  ; short         ; -                   ; open           ; open             ; open   ; 0 in             ; 0 H/in                 ; 0 F/in                 ; short        ; open          ; open            ; open  ; 0 V                 ; -                  ; n/a           ; n/a             ; n/a         ;
; LEDG[5]       ; 2.5 V        ; 0 in              ; 0 H/in                  ; 0 F/in                  ; short         ; -                   ; open           ; open             ; open   ; 0 in             ; 0 H/in                 ; 0 F/in                 ; short        ; open          ; open            ; open  ; 0 V                 ; -                  ; n/a           ; n/a             ; n/a         ;
; LEDG[6]       ; 2.5 V        ; 0 in              ; 0 H/in                  ; 0 F/in                  ; short         ; -                   ; open           ; open             ; open   ; 0 in             ; 0 H/in                 ; 0 F/in                 ; short        ; open          ; open            ; open  ; 0 V                 ; -                  ; n/a           ; n/a             ; n/a         ;
; LEDG[7]       ; 2.5 V        ; 0 in              ; 0 H/in                  ; 0 F/in                  ; short         ; -                   ; open           ; open             ; open   ; 0 in             ; 0 H/in                 ; 0 F/in                 ; short        ; open          ; open            ; open  ; 0 V                 ; -                  ; n/a           ; n/a             ; n/a         ;
; LEDG[8]       ; 2.5 V        ; 0 in              ; 0 H/in                  ; 0 F/in                  ; short         ; -                   ; open           ; open             ; open   ; 0 in             ; 0 H/in                 ; 0 F/in                 ; short        ; open          ; open            ; open  ; 0 V                 ; -                  ; n/a           ; n/a             ; n/a         ;
; LEDR[0]       ; 2.5 V        ; 0 in              ; 0 H/in                  ; 0 F/in                  ; short         ; -                   ; open           ; open             ; open   ; 0 in             ; 0 H/in                 ; 0 F/in                 ; short        ; open          ; open            ; open  ; 0 V                 ; -                  ; n/a           ; n/a             ; n/a         ;
; LEDR[1]       ; 2.5 V        ; 0 in              ; 0 H/in                  ; 0 F/in                  ; short         ; -                   ; open           ; open             ; open   ; 0 in             ; 0 H/in                 ; 0 F/in                 ; short        ; open          ; open            ; open  ; 0 V                 ; -                  ; n/a           ; n/a             ; n/a         ;
; LEDR[2]       ; 2.5 V        ; 0 in              ; 0 H/in                  ; 0 F/in                  ; short         ; -                   ; open           ; open             ; open   ; 0 in             ; 0 H/in                 ; 0 F/in                 ; short        ; open          ; open            ; open  ; 0 V                 ; -                  ; n/a           ; n/a             ; n/a         ;
; LEDR[3]       ; 2.5 V        ; 0 in              ; 0 H/in                  ; 0 F/in                  ; short         ; -                   ; open           ; open             ; open   ; 0 in             ; 0 H/in                 ; 0 F/in                 ; short        ; open          ; open            ; open  ; 0 V                 ; -                  ; n/a           ; n/a             ; n/a         ;
; LEDR[4]       ; 2.5 V        ; 0 in              ; 0 H/in                  ; 0 F/in                  ; short         ; -                   ; open           ; open             ; open   ; 0 in             ; 0 H/in                 ; 0 F/in                 ; short        ; open          ; open            ; open  ; 0 V                 ; -                  ; n/a           ; n/a             ; n/a         ;
; LEDR[5]       ; 2.5 V        ; 0 in              ; 0 H/in                  ; 0 F/in                  ; short         ; -                   ; open           ; open             ; open   ; 0 in             ; 0 H/in                 ; 0 F/in                 ; short        ; open          ; open            ; open  ; 0 V                 ; -                  ; n/a           ; n/a             ; n/a         ;
; LEDR[6]       ; 2.5 V        ; 0 in              ; 0 H/in                  ; 0 F/in                  ; short         ; -                   ; open           ; open             ; open   ; 0 in             ; 0 H/in                 ; 0 F/in                 ; short        ; open          ; open            ; open  ; 0 V                 ; -                  ; n/a           ; n/a             ; n/a         ;
; LEDR[7]       ; 2.5 V        ; 0 in              ; 0 H/in                  ; 0 F/in                  ; short         ; -                   ; open           ; open             ; open   ; 0 in             ; 0 H/in                 ; 0 F/in                 ; short        ; open          ; open            ; open  ; 0 V                 ; -                  ; n/a           ; n/a             ; n/a         ;
; LEDR[8]       ; 2.5 V        ; 0 in              ; 0 H/in                  ; 0 F/in                  ; short         ; -                   ; open           ; open             ; open   ; 0 in             ; 0 H/in                 ; 0 F/in                 ; short        ; open          ; open            ; open  ; 0 V                 ; -                  ; n/a           ; n/a             ; n/a         ;
; LEDR[9]       ; 2.5 V        ; 0 in              ; 0 H/in                  ; 0 F/in                  ; short         ; -                   ; open           ; open             ; open   ; 0 in             ; 0 H/in                 ; 0 F/in                 ; short        ; open          ; open            ; open  ; 0 V                 ; -                  ; n/a           ; n/a             ; n/a         ;
; LEDR[10]      ; 2.5 V        ; 0 in              ; 0 H/in                  ; 0 F/in                  ; short         ; -                   ; open           ; open             ; open   ; 0 in             ; 0 H/in                 ; 0 F/in                 ; short        ; open          ; open            ; open  ; 0 V                 ; -                  ; n/a           ; n/a             ; n/a         ;
; LEDR[11]      ; 2.5 V        ; 0 in              ; 0 H/in                  ; 0 F/in                  ; short         ; -                   ; open           ; open             ; open   ; 0 in             ; 0 H/in                 ; 0 F/in                 ; short        ; open          ; open            ; open  ; 0 V                 ; -                  ; n/a           ; n/a             ; n/a         ;
; LEDR[12]      ; 2.5 V        ; 0 in              ; 0 H/in                  ; 0 F/in                  ; short         ; -                   ; open           ; open             ; open   ; 0 in             ; 0 H/in                 ; 0 F/in                 ; short        ; open          ; open            ; open  ; 0 V                 ; -                  ; n/a           ; n/a             ; n/a         ;
; LEDR[13]      ; 2.5 V        ; 0 in              ; 0 H/in                  ; 0 F/in                  ; short         ; -                   ; open           ; open             ; open   ; 0 in             ; 0 H/in                 ; 0 F/in                 ; short        ; open          ; open            ; open  ; 0 V                 ; -                  ; n/a           ; n/a             ; n/a         ;
; LEDR[14]      ; 2.5 V        ; 0 in              ; 0 H/in                  ; 0 F/in                  ; short         ; -                   ; open           ; open             ; open   ; 0 in             ; 0 H/in                 ; 0 F/in                 ; short        ; open          ; open            ; open  ; 0 V                 ; -                  ; n/a           ; n/a             ; n/a         ;
; LEDR[15]      ; 2.5 V        ; 0 in              ; 0 H/in                  ; 0 F/in                  ; short         ; -                   ; open           ; open             ; open   ; 0 in             ; 0 H/in                 ; 0 F/in                 ; short        ; open          ; open            ; open  ; 0 V                 ; -                  ; n/a           ; n/a             ; n/a         ;
; LEDR[16]      ; 2.5 V        ; 0 in              ; 0 H/in                  ; 0 F/in                  ; short         ; -                   ; open           ; open             ; open   ; 0 in             ; 0 H/in                 ; 0 F/in                 ; short        ; open          ; open            ; open  ; 0 V                 ; -                  ; n/a           ; n/a             ; n/a         ;
; LEDR[17]      ; 2.5 V        ; 0 in              ; 0 H/in                  ; 0 F/in                  ; short         ; -                   ; open           ; open             ; open   ; 0 in             ; 0 H/in                 ; 0 F/in                 ; short        ; open          ; open            ; open  ; 0 V                 ; -                  ; n/a           ; n/a             ; n/a         ;
; GPIO[7]       ; 3.3-V LVTTL  ; 0 in              ; 0 H/in                  ; 0 F/in                  ; short         ; -                   ; open           ; open             ; open   ; 0 in             ; 0 H/in                 ; 0 F/in                 ; short        ; open          ; open            ; open  ; 0 V                 ; -                  ; n/a           ; n/a             ; n/a         ;
; GPIO[8]       ; 3.3-V LVTTL  ; 0 in              ; 0 H/in                  ; 0 F/in                  ; short         ; -                   ; open           ; open             ; open   ; 0 in             ; 0 H/in                 ; 0 F/in                 ; short        ; open          ; open            ; open  ; 0 V                 ; -                  ; n/a           ; n/a             ; n/a         ;
; GPIO[9]       ; 3.3-V LVTTL  ; 0 in              ; 0 H/in                  ; 0 F/in                  ; short         ; -                   ; open           ; open             ; open   ; 0 in             ; 0 H/in                 ; 0 F/in                 ; short        ; open          ; open            ; open  ; 0 V                 ; -                  ; n/a           ; n/a             ; n/a         ;
; GPIO[10]      ; 3.3-V LVTTL  ; 0 in              ; 0 H/in                  ; 0 F/in                  ; short         ; -                   ; open           ; open             ; open   ; 0 in             ; 0 H/in                 ; 0 F/in                 ; short        ; open          ; open            ; open  ; 0 V                 ; -                  ; n/a           ; n/a             ; n/a         ;
; GPIO[11]      ; 3.3-V LVTTL  ; 0 in              ; 0 H/in                  ; 0 F/in                  ; short         ; -                   ; open           ; open             ; open   ; 0 in             ; 0 H/in                 ; 0 F/in                 ; short        ; open          ; open            ; open  ; 0 V                 ; -                  ; n/a           ; n/a             ; n/a         ;
; GPIO[12]      ; 3.3-V LVTTL  ; 0 in              ; 0 H/in                  ; 0 F/in                  ; short         ; -                   ; open           ; open             ; open   ; 0 in             ; 0 H/in                 ; 0 F/in                 ; short        ; open          ; open            ; open  ; 0 V                 ; -                  ; n/a           ; n/a             ; n/a         ;
; GPIO[13]      ; 3.3-V LVTTL  ; 0 in              ; 0 H/in                  ; 0 F/in                  ; short         ; -                   ; open           ; open             ; open   ; 0 in             ; 0 H/in                 ; 0 F/in                 ; short        ; open          ; open            ; open  ; 0 V                 ; -                  ; n/a           ; n/a             ; n/a         ;
; GPIO[14]      ; 3.3-V LVTTL  ; 0 in              ; 0 H/in                  ; 0 F/in                  ; short         ; -                   ; open           ; open             ; open   ; 0 in             ; 0 H/in                 ; 0 F/in                 ; short        ; open          ; open            ; open  ; 0 V                 ; -                  ; n/a           ; n/a             ; n/a         ;
; GPIO[15]      ; 3.3-V LVTTL  ; 0 in              ; 0 H/in                  ; 0 F/in                  ; short         ; -                   ; open           ; open             ; open   ; 0 in             ; 0 H/in                 ; 0 F/in                 ; short        ; open          ; open            ; open  ; 0 V                 ; -                  ; n/a           ; n/a             ; n/a         ;
; GPIO[16]      ; 3.3-V LVTTL  ; 0 in              ; 0 H/in                  ; 0 F/in                  ; short         ; -                   ; open           ; open             ; open   ; 0 in             ; 0 H/in                 ; 0 F/in                 ; short        ; open          ; open            ; open  ; 0 V                 ; -                  ; n/a           ; n/a             ; n/a         ;
; GPIO[17]      ; 3.3-V LVTTL  ; 0 in              ; 0 H/in                  ; 0 F/in                  ; short         ; -                   ; open           ; open             ; open   ; 0 in             ; 0 H/in                 ; 0 F/in                 ; short        ; open          ; open            ; open  ; 0 V                 ; -                  ; n/a           ; n/a             ; n/a         ;
; GPIO[18]      ; 3.3-V LVTTL  ; 0 in              ; 0 H/in                  ; 0 F/in                  ; short         ; -                   ; open           ; open             ; open   ; 0 in             ; 0 H/in                 ; 0 F/in                 ; short        ; open          ; open            ; open  ; 0 V                 ; -                  ; n/a           ; n/a             ; n/a         ;
; GPIO[19]      ; 3.3-V LVTTL  ; 0 in              ; 0 H/in                  ; 0 F/in                  ; short         ; -                   ; open           ; open             ; open   ; 0 in             ; 0 H/in                 ; 0 F/in                 ; short        ; open          ; open            ; open  ; 0 V                 ; -                  ; n/a           ; n/a             ; n/a         ;
; GPIO[20]      ; 3.3-V LVTTL  ; 0 in              ; 0 H/in                  ; 0 F/in                  ; short         ; -                   ; open           ; open             ; open   ; 0 in             ; 0 H/in                 ; 0 F/in                 ; short        ; open          ; open            ; open  ; 0 V                 ; -                  ; n/a           ; n/a             ; n/a         ;
; GPIO[21]      ; 3.3-V LVTTL  ; 0 in              ; 0 H/in                  ; 0 F/in                  ; short         ; -                   ; open           ; open             ; open   ; 0 in             ; 0 H/in                 ; 0 F/in                 ; short        ; open          ; open            ; open  ; 0 V                 ; -                  ; n/a           ; n/a             ; n/a         ;
; GPIO[22]      ; 3.3-V LVTTL  ; 0 in              ; 0 H/in                  ; 0 F/in                  ; short         ; -                   ; open           ; open             ; open   ; 0 in             ; 0 H/in                 ; 0 F/in                 ; short        ; open          ; open            ; open  ; 0 V                 ; -                  ; n/a           ; n/a             ; n/a         ;
; GPIO[23]      ; 3.3-V LVTTL  ; 0 in              ; 0 H/in                  ; 0 F/in                  ; short         ; -                   ; open           ; open             ; open   ; 0 in             ; 0 H/in                 ; 0 F/in                 ; short        ; open          ; open            ; open  ; 0 V                 ; -                  ; n/a           ; n/a             ; n/a         ;
; GPIO[24]      ; 3.3-V LVTTL  ; 0 in              ; 0 H/in                  ; 0 F/in                  ; short         ; -                   ; open           ; open             ; open   ; 0 in             ; 0 H/in                 ; 0 F/in                 ; short        ; open          ; open            ; open  ; 0 V                 ; -                  ; n/a           ; n/a             ; n/a         ;
; GPIO[25]      ; 3.3-V LVTTL  ; 0 in              ; 0 H/in                  ; 0 F/in                  ; short         ; -                   ; open           ; open             ; open   ; 0 in             ; 0 H/in                 ; 0 F/in                 ; short        ; open          ; open            ; open  ; 0 V                 ; -                  ; n/a           ; n/a             ; n/a         ;
; GPIO[26]      ; 3.3-V LVTTL  ; 0 in              ; 0 H/in                  ; 0 F/in                  ; short         ; -                   ; open           ; open             ; open   ; 0 in             ; 0 H/in                 ; 0 F/in                 ; short        ; open          ; open            ; open  ; 0 V                 ; -                  ; n/a           ; n/a             ; n/a         ;
; GPIO[27]      ; 3.3-V LVTTL  ; 0 in              ; 0 H/in                  ; 0 F/in                  ; short         ; -                   ; open           ; open             ; open   ; 0 in             ; 0 H/in                 ; 0 F/in                 ; short        ; open          ; open            ; open  ; 0 V                 ; -                  ; n/a           ; n/a             ; n/a         ;
; GPIO[28]      ; 3.3-V LVTTL  ; 0 in              ; 0 H/in                  ; 0 F/in                  ; short         ; -                   ; open           ; open             ; open   ; 0 in             ; 0 H/in                 ; 0 F/in                 ; short        ; open          ; open            ; open  ; 0 V                 ; -                  ; n/a           ; n/a             ; n/a         ;
; GPIO[29]      ; 3.3-V LVTTL  ; 0 in              ; 0 H/in                  ; 0 F/in                  ; short         ; -                   ; open           ; open             ; open   ; 0 in             ; 0 H/in                 ; 0 F/in                 ; short        ; open          ; open            ; open  ; 0 V                 ; -                  ; n/a           ; n/a             ; n/a         ;
; GPIO[30]      ; 3.3-V LVTTL  ; 0 in              ; 0 H/in                  ; 0 F/in                  ; short         ; -                   ; open           ; open             ; open   ; 0 in             ; 0 H/in                 ; 0 F/in                 ; short        ; open          ; open            ; open  ; 0 V                 ; -                  ; n/a           ; n/a             ; n/a         ;
; GPIO[31]      ; 3.3-V LVTTL  ; 0 in              ; 0 H/in                  ; 0 F/in                  ; short         ; -                   ; open           ; open             ; open   ; 0 in             ; 0 H/in                 ; 0 F/in                 ; short        ; open          ; open            ; open  ; 0 V                 ; -                  ; n/a           ; n/a             ; n/a         ;
; GPIO[32]      ; 3.3-V LVTTL  ; 0 in              ; 0 H/in                  ; 0 F/in                  ; short         ; -                   ; open           ; open             ; open   ; 0 in             ; 0 H/in                 ; 0 F/in                 ; short        ; open          ; open            ; open  ; 0 V                 ; -                  ; n/a           ; n/a             ; n/a         ;
; GPIO[33]      ; 3.3-V LVTTL  ; 0 in              ; 0 H/in                  ; 0 F/in                  ; short         ; -                   ; open           ; open             ; open   ; 0 in             ; 0 H/in                 ; 0 F/in                 ; short        ; open          ; open            ; open  ; 0 V                 ; -                  ; n/a           ; n/a             ; n/a         ;
; GPIO[34]      ; 3.3-V LVTTL  ; 0 in              ; 0 H/in                  ; 0 F/in                  ; short         ; -                   ; open           ; open             ; open   ; 0 in             ; 0 H/in                 ; 0 F/in                 ; short        ; open          ; open            ; open  ; 0 V                 ; -                  ; n/a           ; n/a             ; n/a         ;
; GPIO[35]      ; 3.3-V LVTTL  ; 0 in              ; 0 H/in                  ; 0 F/in                  ; short         ; -                   ; open           ; open             ; open   ; 0 in             ; 0 H/in                 ; 0 F/in                 ; short        ; open          ; open            ; open  ; 0 V                 ; -                  ; n/a           ; n/a             ; n/a         ;
; GPIO[0]       ; 3.3-V LVTTL  ; 0 in              ; 0 H/in                  ; 0 F/in                  ; short         ; -                   ; open           ; open             ; open   ; 0 in             ; 0 H/in                 ; 0 F/in                 ; short        ; open          ; open            ; open  ; 0 V                 ; -                  ; n/a           ; n/a             ; n/a         ;
; GPIO[1]       ; 3.3-V LVTTL  ; 0 in              ; 0 H/in                  ; 0 F/in                  ; short         ; -                   ; open           ; open             ; open   ; 0 in             ; 0 H/in                 ; 0 F/in                 ; short        ; open          ; open            ; open  ; 0 V                 ; -                  ; n/a           ; n/a             ; n/a         ;
; GPIO[2]       ; 3.3-V LVTTL  ; 0 in              ; 0 H/in                  ; 0 F/in                  ; short         ; -                   ; open           ; open             ; open   ; 0 in             ; 0 H/in                 ; 0 F/in                 ; short        ; open          ; open            ; open  ; 0 V                 ; -                  ; n/a           ; n/a             ; n/a         ;
; GPIO[3]       ; 3.3-V LVTTL  ; 0 in              ; 0 H/in                  ; 0 F/in                  ; short         ; -                   ; open           ; open             ; open   ; 0 in             ; 0 H/in                 ; 0 F/in                 ; short        ; open          ; open            ; open  ; 0 V                 ; -                  ; n/a           ; n/a             ; n/a         ;
; GPIO[4]       ; 3.3-V LVTTL  ; 0 in              ; 0 H/in                  ; 0 F/in                  ; short         ; -                   ; open           ; open             ; open   ; 0 in             ; 0 H/in                 ; 0 F/in                 ; short        ; open          ; open            ; open  ; 0 V                 ; -                  ; n/a           ; n/a             ; n/a         ;
; GPIO[5]       ; 3.3-V LVTTL  ; 0 in              ; 0 H/in                  ; 0 F/in                  ; short         ; -                   ; open           ; open             ; open   ; 0 in             ; 0 H/in                 ; 0 F/in                 ; short        ; open          ; open            ; open  ; 0 V                 ; -                  ; n/a           ; n/a             ; n/a         ;
; GPIO[6]       ; 3.3-V LVTTL  ; 0 in              ; 0 H/in                  ; 0 F/in                  ; short         ; -                   ; open           ; open             ; open   ; 0 in             ; 0 H/in                 ; 0 F/in                 ; short        ; open          ; open            ; open  ; 0 V                 ; -                  ; n/a           ; n/a             ; n/a         ;
; FAN_CTRL      ; 2.5 V        ; 0 in              ; 0 H/in                  ; 0 F/in                  ; short         ; -                   ; open           ; open             ; open   ; 0 in             ; 0 H/in                 ; 0 F/in                 ; short        ; open          ; open            ; open  ; 0 V                 ; -                  ; n/a           ; n/a             ; n/a         ;
; ~ALTERA_NCEO~ ; 2.5 V        ; 0 in              ; 0 H/in                  ; 0 F/in                  ; short         ; -                   ; open           ; open             ; open   ; 0 in             ; 0 H/in                 ; 0 F/in                 ; short        ; open          ; open            ; open  ; 0 V                 ; -                  ; n/a           ; n/a             ; n/a         ;
; ~ALTERA_DCLK~ ; 2.5 V        ; 0 in              ; 0 H/in                  ; 0 F/in                  ; short         ; -                   ; open           ; open             ; open   ; 0 in             ; 0 H/in                 ; 0 F/in                 ; short        ; open          ; open            ; open  ; 0 V                 ; -                  ; n/a           ; n/a             ; n/a         ;
+---------------+--------------+-------------------+-------------------------+-------------------------+---------------+---------------------+----------------+------------------+--------+------------------+------------------------+------------------------+--------------+---------------+-----------------+-------+---------------------+--------------------+---------------+-----------------+-------------+


+------------------------------------------------------------------------+
; Input Transition Times                                                 ;
+---------------------+--------------+-----------------+-----------------+
; Pin                 ; I/O Standard ; 10-90 Rise Time ; 90-10 Fall Time ;
+---------------------+--------------+-----------------+-----------------+
; CLOCK2_50           ; 3.3-V LVTTL  ; 2640 ps         ; 2640 ps         ;
; CLOCK3_50           ; 2.5 V        ; 2000 ps         ; 2000 ps         ;
; SW[5]               ; 2.5 V        ; 2000 ps         ; 2000 ps         ;
; SW[6]               ; 2.5 V        ; 2000 ps         ; 2000 ps         ;
; SW[7]               ; 2.5 V        ; 2000 ps         ; 2000 ps         ;
; SW[8]               ; 2.5 V        ; 2000 ps         ; 2000 ps         ;
; SW[9]               ; 2.5 V        ; 2000 ps         ; 2000 ps         ;
; SW[10]              ; 2.5 V        ; 2000 ps         ; 2000 ps         ;
; SW[11]              ; 2.5 V        ; 2000 ps         ; 2000 ps         ;
; SW[12]              ; 2.5 V        ; 2000 ps         ; 2000 ps         ;
; SW[13]              ; 2.5 V        ; 2000 ps         ; 2000 ps         ;
; SW[14]              ; 2.5 V        ; 2000 ps         ; 2000 ps         ;
; SW[15]              ; 2.5 V        ; 2000 ps         ; 2000 ps         ;
; SW[16]              ; 2.5 V        ; 2000 ps         ; 2000 ps         ;
; SW[17]              ; 2.5 V        ; 2000 ps         ; 2000 ps         ;
; GPIO[7]             ; 3.3-V LVTTL  ; 2640 ps         ; 2640 ps         ;
; GPIO[8]             ; 3.3-V LVTTL  ; 2640 ps         ; 2640 ps         ;
; GPIO[9]             ; 3.3-V LVTTL  ; 2640 ps         ; 2640 ps         ;
; GPIO[10]            ; 3.3-V LVTTL  ; 2640 ps         ; 2640 ps         ;
; GPIO[11]            ; 3.3-V LVTTL  ; 2640 ps         ; 2640 ps         ;
; GPIO[12]            ; 3.3-V LVTTL  ; 2640 ps         ; 2640 ps         ;
; GPIO[13]            ; 3.3-V LVTTL  ; 2640 ps         ; 2640 ps         ;
; GPIO[14]            ; 3.3-V LVTTL  ; 2640 ps         ; 2640 ps         ;
; GPIO[15]            ; 3.3-V LVTTL  ; 2640 ps         ; 2640 ps         ;
; GPIO[16]            ; 3.3-V LVTTL  ; 2640 ps         ; 2640 ps         ;
; GPIO[17]            ; 3.3-V LVTTL  ; 2640 ps         ; 2640 ps         ;
; GPIO[18]            ; 3.3-V LVTTL  ; 2640 ps         ; 2640 ps         ;
; GPIO[19]            ; 3.3-V LVTTL  ; 2640 ps         ; 2640 ps         ;
; GPIO[20]            ; 3.3-V LVTTL  ; 2640 ps         ; 2640 ps         ;
; GPIO[21]            ; 3.3-V LVTTL  ; 2640 ps         ; 2640 ps         ;
; GPIO[22]            ; 3.3-V LVTTL  ; 2640 ps         ; 2640 ps         ;
; GPIO[23]            ; 3.3-V LVTTL  ; 2640 ps         ; 2640 ps         ;
; GPIO[24]            ; 3.3-V LVTTL  ; 2640 ps         ; 2640 ps         ;
; GPIO[25]            ; 3.3-V LVTTL  ; 2640 ps         ; 2640 ps         ;
; GPIO[26]            ; 3.3-V LVTTL  ; 2640 ps         ; 2640 ps         ;
; GPIO[27]            ; 3.3-V LVTTL  ; 2640 ps         ; 2640 ps         ;
; GPIO[28]            ; 3.3-V LVTTL  ; 2640 ps         ; 2640 ps         ;
; GPIO[29]            ; 3.3-V LVTTL  ; 2640 ps         ; 2640 ps         ;
; GPIO[30]            ; 3.3-V LVTTL  ; 2640 ps         ; 2640 ps         ;
; GPIO[31]            ; 3.3-V LVTTL  ; 2640 ps         ; 2640 ps         ;
; GPIO[32]            ; 3.3-V LVTTL  ; 2640 ps         ; 2640 ps         ;
; GPIO[33]            ; 3.3-V LVTTL  ; 2640 ps         ; 2640 ps         ;
; GPIO[34]            ; 3.3-V LVTTL  ; 2640 ps         ; 2640 ps         ;
; GPIO[35]            ; 3.3-V LVTTL  ; 2640 ps         ; 2640 ps         ;
; GPIO[0]             ; 3.3-V LVTTL  ; 2640 ps         ; 2640 ps         ;
; GPIO[1]             ; 3.3-V LVTTL  ; 2640 ps         ; 2640 ps         ;
; GPIO[2]             ; 3.3-V LVTTL  ; 2640 ps         ; 2640 ps         ;
; GPIO[3]             ; 3.3-V LVTTL  ; 2640 ps         ; 2640 ps         ;
; GPIO[4]             ; 3.3-V LVTTL  ; 2640 ps         ; 2640 ps         ;
; GPIO[5]             ; 3.3-V LVTTL  ; 2640 ps         ; 2640 ps         ;
; GPIO[6]             ; 3.3-V LVTTL  ; 2640 ps         ; 2640 ps         ;
; FAN_CTRL            ; 2.5 V        ; 2000 ps         ; 2000 ps         ;
; CLOCK_50            ; 3.3-V LVTTL  ; 2640 ps         ; 2640 ps         ;
; KEY[0]              ; 2.5 V        ; 2000 ps         ; 2000 ps         ;
; SW[2]               ; 2.5 V        ; 2000 ps         ; 2000 ps         ;
; KEY[1]              ; 2.5 V        ; 2000 ps         ; 2000 ps         ;
; KEY[2]              ; 2.5 V        ; 2000 ps         ; 2000 ps         ;
; SW[1]               ; 2.5 V        ; 2000 ps         ; 2000 ps         ;
; SW[3]               ; 2.5 V        ; 2000 ps         ; 2000 ps         ;
; SW[0]               ; 2.5 V        ; 2000 ps         ; 2000 ps         ;
; SW[4]               ; 2.5 V        ; 2000 ps         ; 2000 ps         ;
; KEY[3]              ; 2.5 V        ; 2000 ps         ; 2000 ps         ;
; ~ALTERA_DATA0~      ; 2.5 V        ; 2000 ps         ; 2000 ps         ;
; ~ALTERA_ASDO_DATA1~ ; 2.5 V        ; 2000 ps         ; 2000 ps         ;
; ~ALTERA_NCSO~       ; 2.5 V        ; 2000 ps         ; 2000 ps         ;
+---------------------+--------------+-----------------+-----------------+


+--------------------------------------------------------------------------------------------------------------------------------------------------------------------------------------------------------------------------------------------------------------------------------------------------------------------------------------------------------------------------------------------------------------------------------------------------------------------------------------------------------------------------------------------------------------------------------------------------------------------------------------------------------------------------------------------+
; Signal Integrity Metrics (Slow 1200mv 0c Model)                                                                                                                                                                                                                                                                                                                                                                                                                                                                                                                                                                                                                                            ;
+---------------+--------------+---------------------+---------------------+------------------------------+------------------------------+---------------------+---------------------+--------------------------------------+--------------------------------------+-----------------------------+-----------------------------+----------------------------+----------------------------+-----------------------------+-----------------------------+--------------------+--------------------+-------------------------------------+-------------------------------------+----------------------------+----------------------------+---------------------------+---------------------------+
; Pin           ; I/O Standard ; Board Delay on Rise ; Board Delay on Fall ; Steady State Voh at FPGA Pin ; Steady State Vol at FPGA Pin ; Voh Max at FPGA Pin ; Vol Min at FPGA Pin ; Ringback Voltage on Rise at FPGA Pin ; Ringback Voltage on Fall at FPGA Pin ; 10-90 Rise Time at FPGA Pin ; 90-10 Fall Time at FPGA Pin ; Monotonic Rise at FPGA Pin ; Monotonic Fall at FPGA Pin ; Steady State Voh at Far-end ; Steady State Vol at Far-end ; Voh Max at Far-end ; Vol Min at Far-end ; Ringback Voltage on Rise at Far-end ; Ringback Voltage on Fall at Far-end ; 10-90 Rise Time at Far-end ; 90-10 Fall Time at Far-end ; Monotonic Rise at Far-end ; Monotonic Fall at Far-end ;
+---------------+--------------+---------------------+---------------------+------------------------------+------------------------------+---------------------+---------------------+--------------------------------------+--------------------------------------+-----------------------------+-----------------------------+----------------------------+----------------------------+-----------------------------+-----------------------------+--------------------+--------------------+-------------------------------------+-------------------------------------+----------------------------+----------------------------+---------------------------+---------------------------+
; HEX0[6]       ; 2.5 V        ; 0 s                 ; 0 s                 ; 2.32 V                       ; 4.49e-09 V                   ; 2.38 V              ; -0.00552 V          ; 0.096 V                              ; 0.019 V                              ; 4.18e-10 s                  ; 3.59e-10 s                  ; No                         ; Yes                        ; 2.32 V                      ; 4.49e-09 V                  ; 2.38 V             ; -0.00552 V         ; 0.096 V                             ; 0.019 V                             ; 4.18e-10 s                 ; 3.59e-10 s                 ; No                        ; Yes                       ;
; HEX0[5]       ; 2.5 V        ; 0 s                 ; 0 s                 ; 2.32 V                       ; 4.49e-09 V                   ; 2.38 V              ; -0.00552 V          ; 0.096 V                              ; 0.019 V                              ; 4.18e-10 s                  ; 3.59e-10 s                  ; No                         ; Yes                        ; 2.32 V                      ; 4.49e-09 V                  ; 2.38 V             ; -0.00552 V         ; 0.096 V                             ; 0.019 V                             ; 4.18e-10 s                 ; 3.59e-10 s                 ; No                        ; Yes                       ;
; HEX0[4]       ; 2.5 V        ; 0 s                 ; 0 s                 ; 2.32 V                       ; 4.49e-09 V                   ; 2.38 V              ; -0.00552 V          ; 0.096 V                              ; 0.019 V                              ; 4.18e-10 s                  ; 3.59e-10 s                  ; No                         ; Yes                        ; 2.32 V                      ; 4.49e-09 V                  ; 2.38 V             ; -0.00552 V         ; 0.096 V                             ; 0.019 V                             ; 4.18e-10 s                 ; 3.59e-10 s                 ; No                        ; Yes                       ;
; HEX0[3]       ; 2.5 V        ; 0 s                 ; 0 s                 ; 2.32 V                       ; 4.49e-09 V                   ; 2.38 V              ; -0.00552 V          ; 0.096 V                              ; 0.019 V                              ; 4.18e-10 s                  ; 3.59e-10 s                  ; No                         ; Yes                        ; 2.32 V                      ; 4.49e-09 V                  ; 2.38 V             ; -0.00552 V         ; 0.096 V                             ; 0.019 V                             ; 4.18e-10 s                 ; 3.59e-10 s                 ; No                        ; Yes                       ;
; HEX0[2]       ; 2.5 V        ; 0 s                 ; 0 s                 ; 2.32 V                       ; 4.49e-09 V                   ; 2.33 V              ; -0.00467 V          ; 0.226 V                              ; 0.087 V                              ; 2.91e-09 s                  ; 2.74e-09 s                  ; Yes                        ; Yes                        ; 2.32 V                      ; 4.49e-09 V                  ; 2.33 V             ; -0.00467 V         ; 0.226 V                             ; 0.087 V                             ; 2.91e-09 s                 ; 2.74e-09 s                 ; Yes                       ; Yes                       ;
; HEX0[1]       ; 2.5 V        ; 0 s                 ; 0 s                 ; 2.32 V                       ; 4.49e-09 V                   ; 2.38 V              ; -0.00552 V          ; 0.096 V                              ; 0.019 V                              ; 4.18e-10 s                  ; 3.59e-10 s                  ; No                         ; Yes                        ; 2.32 V                      ; 4.49e-09 V                  ; 2.38 V             ; -0.00552 V         ; 0.096 V                             ; 0.019 V                             ; 4.18e-10 s                 ; 3.59e-10 s                 ; No                        ; Yes                       ;
; HEX0[0]       ; 2.5 V        ; 0 s                 ; 0 s                 ; 2.32 V                       ; 4.49e-09 V                   ; 2.38 V              ; -0.00552 V          ; 0.096 V                              ; 0.019 V                              ; 4.18e-10 s                  ; 3.59e-10 s                  ; No                         ; Yes                        ; 2.32 V                      ; 4.49e-09 V                  ; 2.38 V             ; -0.00552 V         ; 0.096 V                             ; 0.019 V                             ; 4.18e-10 s                 ; 3.59e-10 s                 ; No                        ; Yes                       ;
; HEX1[6]       ; 2.5 V        ; 0 s                 ; 0 s                 ; 2.32 V                       ; 4.49e-09 V                   ; 2.38 V              ; -0.00552 V          ; 0.096 V                              ; 0.019 V                              ; 4.18e-10 s                  ; 3.59e-10 s                  ; No                         ; Yes                        ; 2.32 V                      ; 4.49e-09 V                  ; 2.38 V             ; -0.00552 V         ; 0.096 V                             ; 0.019 V                             ; 4.18e-10 s                 ; 3.59e-10 s                 ; No                        ; Yes                       ;
; HEX1[5]       ; 2.5 V        ; 0 s                 ; 0 s                 ; 2.32 V                       ; 4.49e-09 V                   ; 2.38 V              ; -0.00552 V          ; 0.096 V                              ; 0.019 V                              ; 4.18e-10 s                  ; 3.59e-10 s                  ; No                         ; Yes                        ; 2.32 V                      ; 4.49e-09 V                  ; 2.38 V             ; -0.00552 V         ; 0.096 V                             ; 0.019 V                             ; 4.18e-10 s                 ; 3.59e-10 s                 ; No                        ; Yes                       ;
; HEX1[4]       ; 2.5 V        ; 0 s                 ; 0 s                 ; 2.32 V                       ; 4.49e-09 V                   ; 2.38 V              ; -0.00552 V          ; 0.096 V                              ; 0.019 V                              ; 4.18e-10 s                  ; 3.59e-10 s                  ; No                         ; Yes                        ; 2.32 V                      ; 4.49e-09 V                  ; 2.38 V             ; -0.00552 V         ; 0.096 V                             ; 0.019 V                             ; 4.18e-10 s                 ; 3.59e-10 s                 ; No                        ; Yes                       ;
; HEX1[3]       ; 2.5 V        ; 0 s                 ; 0 s                 ; 2.32 V                       ; 4.49e-09 V                   ; 2.38 V              ; -0.00552 V          ; 0.096 V                              ; 0.019 V                              ; 4.18e-10 s                  ; 3.59e-10 s                  ; No                         ; Yes                        ; 2.32 V                      ; 4.49e-09 V                  ; 2.38 V             ; -0.00552 V         ; 0.096 V                             ; 0.019 V                             ; 4.18e-10 s                 ; 3.59e-10 s                 ; No                        ; Yes                       ;
; HEX1[2]       ; 2.5 V        ; 0 s                 ; 0 s                 ; 2.32 V                       ; 4.49e-09 V                   ; 2.38 V              ; -0.00552 V          ; 0.096 V                              ; 0.019 V                              ; 4.18e-10 s                  ; 3.59e-10 s                  ; No                         ; Yes                        ; 2.32 V                      ; 4.49e-09 V                  ; 2.38 V             ; -0.00552 V         ; 0.096 V                             ; 0.019 V                             ; 4.18e-10 s                 ; 3.59e-10 s                 ; No                        ; Yes                       ;
; HEX1[1]       ; 2.5 V        ; 0 s                 ; 0 s                 ; 2.32 V                       ; 4.49e-09 V                   ; 2.33 V              ; -0.00467 V          ; 0.226 V                              ; 0.087 V                              ; 2.91e-09 s                  ; 2.74e-09 s                  ; Yes                        ; Yes                        ; 2.32 V                      ; 4.49e-09 V                  ; 2.33 V             ; -0.00467 V         ; 0.226 V                             ; 0.087 V                             ; 2.91e-09 s                 ; 2.74e-09 s                 ; Yes                       ; Yes                       ;
; HEX1[0]       ; 2.5 V        ; 0 s                 ; 0 s                 ; 2.32 V                       ; 4.49e-09 V                   ; 2.38 V              ; -0.00552 V          ; 0.096 V                              ; 0.019 V                              ; 4.18e-10 s                  ; 3.59e-10 s                  ; No                         ; Yes                        ; 2.32 V                      ; 4.49e-09 V                  ; 2.38 V             ; -0.00552 V         ; 0.096 V                             ; 0.019 V                             ; 4.18e-10 s                 ; 3.59e-10 s                 ; No                        ; Yes                       ;
; HEX2[6]       ; 2.5 V        ; 0 s                 ; 0 s                 ; 2.32 V                       ; 4.49e-09 V                   ; 2.38 V              ; -0.00552 V          ; 0.096 V                              ; 0.019 V                              ; 4.18e-10 s                  ; 3.59e-10 s                  ; No                         ; Yes                        ; 2.32 V                      ; 4.49e-09 V                  ; 2.38 V             ; -0.00552 V         ; 0.096 V                             ; 0.019 V                             ; 4.18e-10 s                 ; 3.59e-10 s                 ; No                        ; Yes                       ;
; HEX2[5]       ; 2.5 V        ; 0 s                 ; 0 s                 ; 2.32 V                       ; 4.49e-09 V                   ; 2.38 V              ; -0.00552 V          ; 0.096 V                              ; 0.019 V                              ; 4.18e-10 s                  ; 3.59e-10 s                  ; No                         ; Yes                        ; 2.32 V                      ; 4.49e-09 V                  ; 2.38 V             ; -0.00552 V         ; 0.096 V                             ; 0.019 V                             ; 4.18e-10 s                 ; 3.59e-10 s                 ; No                        ; Yes                       ;
; HEX2[4]       ; 2.5 V        ; 0 s                 ; 0 s                 ; 2.32 V                       ; 4.49e-09 V                   ; 2.38 V              ; -0.00552 V          ; 0.096 V                              ; 0.019 V                              ; 4.18e-10 s                  ; 3.59e-10 s                  ; No                         ; Yes                        ; 2.32 V                      ; 4.49e-09 V                  ; 2.38 V             ; -0.00552 V         ; 0.096 V                             ; 0.019 V                             ; 4.18e-10 s                 ; 3.59e-10 s                 ; No                        ; Yes                       ;
; HEX2[3]       ; 2.5 V        ; 0 s                 ; 0 s                 ; 2.32 V                       ; 3.07e-09 V                   ; 2.37 V              ; -0.00994 V          ; 0.186 V                              ; 0.028 V                              ; 4.98e-10 s                  ; 4.96e-10 s                  ; Yes                        ; Yes                        ; 2.32 V                      ; 3.07e-09 V                  ; 2.37 V             ; -0.00994 V         ; 0.186 V                             ; 0.028 V                             ; 4.98e-10 s                 ; 4.96e-10 s                 ; Yes                       ; Yes                       ;
; HEX2[2]       ; 2.5 V        ; 0 s                 ; 0 s                 ; 2.32 V                       ; 4.49e-09 V                   ; 2.38 V              ; -0.00552 V          ; 0.096 V                              ; 0.019 V                              ; 4.18e-10 s                  ; 3.59e-10 s                  ; No                         ; Yes                        ; 2.32 V                      ; 4.49e-09 V                  ; 2.38 V             ; -0.00552 V         ; 0.096 V                             ; 0.019 V                             ; 4.18e-10 s                 ; 3.59e-10 s                 ; No                        ; Yes                       ;
; HEX2[1]       ; 2.5 V        ; 0 s                 ; 0 s                 ; 2.32 V                       ; 4.49e-09 V                   ; 2.38 V              ; -0.00552 V          ; 0.096 V                              ; 0.019 V                              ; 4.18e-10 s                  ; 3.59e-10 s                  ; No                         ; Yes                        ; 2.32 V                      ; 4.49e-09 V                  ; 2.38 V             ; -0.00552 V         ; 0.096 V                             ; 0.019 V                             ; 4.18e-10 s                 ; 3.59e-10 s                 ; No                        ; Yes                       ;
; HEX2[0]       ; 2.5 V        ; 0 s                 ; 0 s                 ; 2.32 V                       ; 4.49e-09 V                   ; 2.38 V              ; -0.00552 V          ; 0.096 V                              ; 0.019 V                              ; 4.18e-10 s                  ; 3.59e-10 s                  ; No                         ; Yes                        ; 2.32 V                      ; 4.49e-09 V                  ; 2.38 V             ; -0.00552 V         ; 0.096 V                             ; 0.019 V                             ; 4.18e-10 s                 ; 3.59e-10 s                 ; No                        ; Yes                       ;
; HEX3[6]       ; 2.5 V        ; 0 s                 ; 0 s                 ; 2.32 V                       ; 4.49e-09 V                   ; 2.38 V              ; -0.00552 V          ; 0.096 V                              ; 0.019 V                              ; 4.18e-10 s                  ; 3.59e-10 s                  ; No                         ; Yes                        ; 2.32 V                      ; 4.49e-09 V                  ; 2.38 V             ; -0.00552 V         ; 0.096 V                             ; 0.019 V                             ; 4.18e-10 s                 ; 3.59e-10 s                 ; No                        ; Yes                       ;
; HEX3[5]       ; 2.5 V        ; 0 s                 ; 0 s                 ; 2.32 V                       ; 4.49e-09 V                   ; 2.38 V              ; -0.00552 V          ; 0.096 V                              ; 0.019 V                              ; 4.18e-10 s                  ; 3.59e-10 s                  ; No                         ; Yes                        ; 2.32 V                      ; 4.49e-09 V                  ; 2.38 V             ; -0.00552 V         ; 0.096 V                             ; 0.019 V                             ; 4.18e-10 s                 ; 3.59e-10 s                 ; No                        ; Yes                       ;
; HEX3[4]       ; 2.5 V        ; 0 s                 ; 0 s                 ; 2.32 V                       ; 4.49e-09 V                   ; 2.38 V              ; -0.00552 V          ; 0.096 V                              ; 0.019 V                              ; 4.18e-10 s                  ; 3.59e-10 s                  ; No                         ; Yes                        ; 2.32 V                      ; 4.49e-09 V                  ; 2.38 V             ; -0.00552 V         ; 0.096 V                             ; 0.019 V                             ; 4.18e-10 s                 ; 3.59e-10 s                 ; No                        ; Yes                       ;
; HEX3[3]       ; 2.5 V        ; 0 s                 ; 0 s                 ; 2.32 V                       ; 4.49e-09 V                   ; 2.38 V              ; -0.00552 V          ; 0.096 V                              ; 0.019 V                              ; 4.18e-10 s                  ; 3.59e-10 s                  ; No                         ; Yes                        ; 2.32 V                      ; 4.49e-09 V                  ; 2.38 V             ; -0.00552 V         ; 0.096 V                             ; 0.019 V                             ; 4.18e-10 s                 ; 3.59e-10 s                 ; No                        ; Yes                       ;
; HEX3[2]       ; 2.5 V        ; 0 s                 ; 0 s                 ; 2.32 V                       ; 4.49e-09 V                   ; 2.38 V              ; -0.00552 V          ; 0.096 V                              ; 0.019 V                              ; 4.18e-10 s                  ; 3.59e-10 s                  ; No                         ; Yes                        ; 2.32 V                      ; 4.49e-09 V                  ; 2.38 V             ; -0.00552 V         ; 0.096 V                             ; 0.019 V                             ; 4.18e-10 s                 ; 3.59e-10 s                 ; No                        ; Yes                       ;
; HEX3[1]       ; 2.5 V        ; 0 s                 ; 0 s                 ; 2.32 V                       ; 4.49e-09 V                   ; 2.38 V              ; -0.00552 V          ; 0.096 V                              ; 0.019 V                              ; 4.18e-10 s                  ; 3.59e-10 s                  ; No                         ; Yes                        ; 2.32 V                      ; 4.49e-09 V                  ; 2.38 V             ; -0.00552 V         ; 0.096 V                             ; 0.019 V                             ; 4.18e-10 s                 ; 3.59e-10 s                 ; No                        ; Yes                       ;
; HEX3[0]       ; 2.5 V        ; 0 s                 ; 0 s                 ; 2.32 V                       ; 4.49e-09 V                   ; 2.38 V              ; -0.00552 V          ; 0.096 V                              ; 0.019 V                              ; 4.18e-10 s                  ; 3.59e-10 s                  ; No                         ; Yes                        ; 2.32 V                      ; 4.49e-09 V                  ; 2.38 V             ; -0.00552 V         ; 0.096 V                             ; 0.019 V                             ; 4.18e-10 s                 ; 3.59e-10 s                 ; No                        ; Yes                       ;
; HEX4[6]       ; 2.5 V        ; 0 s                 ; 0 s                 ; 2.32 V                       ; 4.49e-09 V                   ; 2.38 V              ; -0.00552 V          ; 0.096 V                              ; 0.019 V                              ; 4.18e-10 s                  ; 3.59e-10 s                  ; No                         ; Yes                        ; 2.32 V                      ; 4.49e-09 V                  ; 2.38 V             ; -0.00552 V         ; 0.096 V                             ; 0.019 V                             ; 4.18e-10 s                 ; 3.59e-10 s                 ; No                        ; Yes                       ;
; HEX4[5]       ; 2.5 V        ; 0 s                 ; 0 s                 ; 2.32 V                       ; 4.49e-09 V                   ; 2.38 V              ; -0.00552 V          ; 0.096 V                              ; 0.019 V                              ; 4.18e-10 s                  ; 3.59e-10 s                  ; No                         ; Yes                        ; 2.32 V                      ; 4.49e-09 V                  ; 2.38 V             ; -0.00552 V         ; 0.096 V                             ; 0.019 V                             ; 4.18e-10 s                 ; 3.59e-10 s                 ; No                        ; Yes                       ;
; HEX4[4]       ; 2.5 V        ; 0 s                 ; 0 s                 ; 2.32 V                       ; 4.49e-09 V                   ; 2.38 V              ; -0.00552 V          ; 0.096 V                              ; 0.019 V                              ; 4.18e-10 s                  ; 3.59e-10 s                  ; No                         ; Yes                        ; 2.32 V                      ; 4.49e-09 V                  ; 2.38 V             ; -0.00552 V         ; 0.096 V                             ; 0.019 V                             ; 4.18e-10 s                 ; 3.59e-10 s                 ; No                        ; Yes                       ;
; HEX4[3]       ; 2.5 V        ; 0 s                 ; 0 s                 ; 2.32 V                       ; 4.49e-09 V                   ; 2.38 V              ; -0.00552 V          ; 0.096 V                              ; 0.019 V                              ; 4.18e-10 s                  ; 3.59e-10 s                  ; No                         ; Yes                        ; 2.32 V                      ; 4.49e-09 V                  ; 2.38 V             ; -0.00552 V         ; 0.096 V                             ; 0.019 V                             ; 4.18e-10 s                 ; 3.59e-10 s                 ; No                        ; Yes                       ;
; HEX4[2]       ; 2.5 V        ; 0 s                 ; 0 s                 ; 2.32 V                       ; 4.49e-09 V                   ; 2.38 V              ; -0.00552 V          ; 0.096 V                              ; 0.019 V                              ; 4.18e-10 s                  ; 3.59e-10 s                  ; No                         ; Yes                        ; 2.32 V                      ; 4.49e-09 V                  ; 2.38 V             ; -0.00552 V         ; 0.096 V                             ; 0.019 V                             ; 4.18e-10 s                 ; 3.59e-10 s                 ; No                        ; Yes                       ;
; HEX4[1]       ; 2.5 V        ; 0 s                 ; 0 s                 ; 2.32 V                       ; 4.49e-09 V                   ; 2.38 V              ; -0.00552 V          ; 0.096 V                              ; 0.019 V                              ; 4.18e-10 s                  ; 3.59e-10 s                  ; No                         ; Yes                        ; 2.32 V                      ; 4.49e-09 V                  ; 2.38 V             ; -0.00552 V         ; 0.096 V                             ; 0.019 V                             ; 4.18e-10 s                 ; 3.59e-10 s                 ; No                        ; Yes                       ;
; HEX4[0]       ; 2.5 V        ; 0 s                 ; 0 s                 ; 2.32 V                       ; 4.49e-09 V                   ; 2.38 V              ; -0.00552 V          ; 0.096 V                              ; 0.019 V                              ; 4.18e-10 s                  ; 3.59e-10 s                  ; No                         ; Yes                        ; 2.32 V                      ; 4.49e-09 V                  ; 2.38 V             ; -0.00552 V         ; 0.096 V                             ; 0.019 V                             ; 4.18e-10 s                 ; 3.59e-10 s                 ; No                        ; Yes                       ;
; HEX5[6]       ; 2.5 V        ; 0 s                 ; 0 s                 ; 2.32 V                       ; 4.49e-09 V                   ; 2.38 V              ; -0.00552 V          ; 0.096 V                              ; 0.019 V                              ; 4.18e-10 s                  ; 3.59e-10 s                  ; No                         ; Yes                        ; 2.32 V                      ; 4.49e-09 V                  ; 2.38 V             ; -0.00552 V         ; 0.096 V                             ; 0.019 V                             ; 4.18e-10 s                 ; 3.59e-10 s                 ; No                        ; Yes                       ;
; HEX5[5]       ; 2.5 V        ; 0 s                 ; 0 s                 ; 2.32 V                       ; 4.49e-09 V                   ; 2.38 V              ; -0.00552 V          ; 0.096 V                              ; 0.019 V                              ; 4.18e-10 s                  ; 3.59e-10 s                  ; No                         ; Yes                        ; 2.32 V                      ; 4.49e-09 V                  ; 2.38 V             ; -0.00552 V         ; 0.096 V                             ; 0.019 V                             ; 4.18e-10 s                 ; 3.59e-10 s                 ; No                        ; Yes                       ;
; HEX5[4]       ; 2.5 V        ; 0 s                 ; 0 s                 ; 2.32 V                       ; 4.49e-09 V                   ; 2.38 V              ; -0.00552 V          ; 0.096 V                              ; 0.019 V                              ; 4.18e-10 s                  ; 3.59e-10 s                  ; No                         ; Yes                        ; 2.32 V                      ; 4.49e-09 V                  ; 2.38 V             ; -0.00552 V         ; 0.096 V                             ; 0.019 V                             ; 4.18e-10 s                 ; 3.59e-10 s                 ; No                        ; Yes                       ;
; HEX5[3]       ; 2.5 V        ; 0 s                 ; 0 s                 ; 2.32 V                       ; 4.49e-09 V                   ; 2.38 V              ; -0.00552 V          ; 0.096 V                              ; 0.019 V                              ; 4.18e-10 s                  ; 3.59e-10 s                  ; No                         ; Yes                        ; 2.32 V                      ; 4.49e-09 V                  ; 2.38 V             ; -0.00552 V         ; 0.096 V                             ; 0.019 V                             ; 4.18e-10 s                 ; 3.59e-10 s                 ; No                        ; Yes                       ;
; HEX5[2]       ; 2.5 V        ; 0 s                 ; 0 s                 ; 2.32 V                       ; 4.49e-09 V                   ; 2.38 V              ; -0.00552 V          ; 0.096 V                              ; 0.019 V                              ; 4.18e-10 s                  ; 3.59e-10 s                  ; No                         ; Yes                        ; 2.32 V                      ; 4.49e-09 V                  ; 2.38 V             ; -0.00552 V         ; 0.096 V                             ; 0.019 V                             ; 4.18e-10 s                 ; 3.59e-10 s                 ; No                        ; Yes                       ;
; HEX5[1]       ; 2.5 V        ; 0 s                 ; 0 s                 ; 2.32 V                       ; 4.49e-09 V                   ; 2.38 V              ; -0.00552 V          ; 0.096 V                              ; 0.019 V                              ; 4.18e-10 s                  ; 3.59e-10 s                  ; No                         ; Yes                        ; 2.32 V                      ; 4.49e-09 V                  ; 2.38 V             ; -0.00552 V         ; 0.096 V                             ; 0.019 V                             ; 4.18e-10 s                 ; 3.59e-10 s                 ; No                        ; Yes                       ;
; HEX5[0]       ; 2.5 V        ; 0 s                 ; 0 s                 ; 2.32 V                       ; 4.49e-09 V                   ; 2.38 V              ; -0.00552 V          ; 0.096 V                              ; 0.019 V                              ; 4.18e-10 s                  ; 3.59e-10 s                  ; No                         ; Yes                        ; 2.32 V                      ; 4.49e-09 V                  ; 2.38 V             ; -0.00552 V         ; 0.096 V                             ; 0.019 V                             ; 4.18e-10 s                 ; 3.59e-10 s                 ; No                        ; Yes                       ;
; HEX7[6]       ; 2.5 V        ; 0 s                 ; 0 s                 ; 2.32 V                       ; 4.49e-09 V                   ; 2.38 V              ; -0.00552 V          ; 0.096 V                              ; 0.019 V                              ; 4.18e-10 s                  ; 3.59e-10 s                  ; No                         ; Yes                        ; 2.32 V                      ; 4.49e-09 V                  ; 2.38 V             ; -0.00552 V         ; 0.096 V                             ; 0.019 V                             ; 4.18e-10 s                 ; 3.59e-10 s                 ; No                        ; Yes                       ;
; HEX7[5]       ; 2.5 V        ; 0 s                 ; 0 s                 ; 2.32 V                       ; 4.49e-09 V                   ; 2.38 V              ; -0.00552 V          ; 0.096 V                              ; 0.019 V                              ; 4.18e-10 s                  ; 3.59e-10 s                  ; No                         ; Yes                        ; 2.32 V                      ; 4.49e-09 V                  ; 2.38 V             ; -0.00552 V         ; 0.096 V                             ; 0.019 V                             ; 4.18e-10 s                 ; 3.59e-10 s                 ; No                        ; Yes                       ;
; HEX7[4]       ; 2.5 V        ; 0 s                 ; 0 s                 ; 2.32 V                       ; 4.49e-09 V                   ; 2.38 V              ; -0.00552 V          ; 0.096 V                              ; 0.019 V                              ; 4.18e-10 s                  ; 3.59e-10 s                  ; No                         ; Yes                        ; 2.32 V                      ; 4.49e-09 V                  ; 2.38 V             ; -0.00552 V         ; 0.096 V                             ; 0.019 V                             ; 4.18e-10 s                 ; 3.59e-10 s                 ; No                        ; Yes                       ;
; HEX7[3]       ; 2.5 V        ; 0 s                 ; 0 s                 ; 2.32 V                       ; 4.49e-09 V                   ; 2.38 V              ; -0.00552 V          ; 0.096 V                              ; 0.019 V                              ; 4.18e-10 s                  ; 3.59e-10 s                  ; No                         ; Yes                        ; 2.32 V                      ; 4.49e-09 V                  ; 2.38 V             ; -0.00552 V         ; 0.096 V                             ; 0.019 V                             ; 4.18e-10 s                 ; 3.59e-10 s                 ; No                        ; Yes                       ;
; HEX7[2]       ; 2.5 V        ; 0 s                 ; 0 s                 ; 2.32 V                       ; 4.49e-09 V                   ; 2.38 V              ; -0.00552 V          ; 0.096 V                              ; 0.019 V                              ; 4.18e-10 s                  ; 3.59e-10 s                  ; No                         ; Yes                        ; 2.32 V                      ; 4.49e-09 V                  ; 2.38 V             ; -0.00552 V         ; 0.096 V                             ; 0.019 V                             ; 4.18e-10 s                 ; 3.59e-10 s                 ; No                        ; Yes                       ;
; HEX7[1]       ; 2.5 V        ; 0 s                 ; 0 s                 ; 2.32 V                       ; 4.49e-09 V                   ; 2.38 V              ; -0.00552 V          ; 0.096 V                              ; 0.019 V                              ; 4.18e-10 s                  ; 3.59e-10 s                  ; No                         ; Yes                        ; 2.32 V                      ; 4.49e-09 V                  ; 2.38 V             ; -0.00552 V         ; 0.096 V                             ; 0.019 V                             ; 4.18e-10 s                 ; 3.59e-10 s                 ; No                        ; Yes                       ;
; HEX7[0]       ; 2.5 V        ; 0 s                 ; 0 s                 ; 2.32 V                       ; 4.49e-09 V                   ; 2.38 V              ; -0.00552 V          ; 0.096 V                              ; 0.019 V                              ; 4.18e-10 s                  ; 3.59e-10 s                  ; No                         ; Yes                        ; 2.32 V                      ; 4.49e-09 V                  ; 2.38 V             ; -0.00552 V         ; 0.096 V                             ; 0.019 V                             ; 4.18e-10 s                 ; 3.59e-10 s                 ; No                        ; Yes                       ;
; LEDG[0]       ; 2.5 V        ; 0 s                 ; 0 s                 ; 2.32 V                       ; 3.07e-09 V                   ; 2.37 V              ; -0.00994 V          ; 0.186 V                              ; 0.028 V                              ; 4.98e-10 s                  ; 4.96e-10 s                  ; Yes                        ; Yes                        ; 2.32 V                      ; 3.07e-09 V                  ; 2.37 V             ; -0.00994 V         ; 0.186 V                             ; 0.028 V                             ; 4.98e-10 s                 ; 4.96e-10 s                 ; Yes                       ; Yes                       ;
; LEDG[1]       ; 2.5 V        ; 0 s                 ; 0 s                 ; 2.32 V                       ; 3.07e-09 V                   ; 2.37 V              ; -0.00994 V          ; 0.186 V                              ; 0.028 V                              ; 4.98e-10 s                  ; 4.96e-10 s                  ; Yes                        ; Yes                        ; 2.32 V                      ; 3.07e-09 V                  ; 2.37 V             ; -0.00994 V         ; 0.186 V                             ; 0.028 V                             ; 4.98e-10 s                 ; 4.96e-10 s                 ; Yes                       ; Yes                       ;
; LEDG[2]       ; 2.5 V        ; 0 s                 ; 0 s                 ; 2.32 V                       ; 3.07e-09 V                   ; 2.37 V              ; -0.00994 V          ; 0.186 V                              ; 0.028 V                              ; 4.98e-10 s                  ; 4.96e-10 s                  ; Yes                        ; Yes                        ; 2.32 V                      ; 3.07e-09 V                  ; 2.37 V             ; -0.00994 V         ; 0.186 V                             ; 0.028 V                             ; 4.98e-10 s                 ; 4.96e-10 s                 ; Yes                       ; Yes                       ;
; LEDG[3]       ; 2.5 V        ; 0 s                 ; 0 s                 ; 2.32 V                       ; 3.07e-09 V                   ; 2.37 V              ; -0.00994 V          ; 0.186 V                              ; 0.028 V                              ; 4.98e-10 s                  ; 4.96e-10 s                  ; Yes                        ; Yes                        ; 2.32 V                      ; 3.07e-09 V                  ; 2.37 V             ; -0.00994 V         ; 0.186 V                             ; 0.028 V                             ; 4.98e-10 s                 ; 4.96e-10 s                 ; Yes                       ; Yes                       ;
; LEDG[4]       ; 2.5 V        ; 0 s                 ; 0 s                 ; 2.32 V                       ; 3.07e-09 V                   ; 2.37 V              ; -0.00994 V          ; 0.186 V                              ; 0.028 V                              ; 4.98e-10 s                  ; 4.96e-10 s                  ; Yes                        ; Yes                        ; 2.32 V                      ; 3.07e-09 V                  ; 2.37 V             ; -0.00994 V         ; 0.186 V                             ; 0.028 V                             ; 4.98e-10 s                 ; 4.96e-10 s                 ; Yes                       ; Yes                       ;
; LEDG[5]       ; 2.5 V        ; 0 s                 ; 0 s                 ; 2.32 V                       ; 3.07e-09 V                   ; 2.37 V              ; -0.00994 V          ; 0.186 V                              ; 0.028 V                              ; 4.98e-10 s                  ; 4.96e-10 s                  ; Yes                        ; Yes                        ; 2.32 V                      ; 3.07e-09 V                  ; 2.37 V             ; -0.00994 V         ; 0.186 V                             ; 0.028 V                             ; 4.98e-10 s                 ; 4.96e-10 s                 ; Yes                       ; Yes                       ;
; LEDG[6]       ; 2.5 V        ; 0 s                 ; 0 s                 ; 2.32 V                       ; 3.07e-09 V                   ; 2.38 V              ; -0.0144 V           ; 0.227 V                              ; 0.024 V                              ; 3.14e-10 s                  ; 3.39e-10 s                  ; Yes                        ; Yes                        ; 2.32 V                      ; 3.07e-09 V                  ; 2.38 V             ; -0.0144 V          ; 0.227 V                             ; 0.024 V                             ; 3.14e-10 s                 ; 3.39e-10 s                 ; Yes                       ; Yes                       ;
; LEDG[7]       ; 2.5 V        ; 0 s                 ; 0 s                 ; 2.32 V                       ; 3.07e-09 V                   ; 2.37 V              ; -0.00994 V          ; 0.186 V                              ; 0.028 V                              ; 4.98e-10 s                  ; 4.96e-10 s                  ; Yes                        ; Yes                        ; 2.32 V                      ; 3.07e-09 V                  ; 2.37 V             ; -0.00994 V         ; 0.186 V                             ; 0.028 V                             ; 4.98e-10 s                 ; 4.96e-10 s                 ; Yes                       ; Yes                       ;
; LEDG[8]       ; 2.5 V        ; 0 s                 ; 0 s                 ; 2.32 V                       ; 3.07e-09 V                   ; 2.37 V              ; -0.00994 V          ; 0.186 V                              ; 0.028 V                              ; 4.98e-10 s                  ; 4.96e-10 s                  ; Yes                        ; Yes                        ; 2.32 V                      ; 3.07e-09 V                  ; 2.37 V             ; -0.00994 V         ; 0.186 V                             ; 0.028 V                             ; 4.98e-10 s                 ; 4.96e-10 s                 ; Yes                       ; Yes                       ;
; LEDR[0]       ; 2.5 V        ; 0 s                 ; 0 s                 ; 2.32 V                       ; 3.07e-09 V                   ; 2.37 V              ; -0.00994 V          ; 0.186 V                              ; 0.028 V                              ; 4.98e-10 s                  ; 4.96e-10 s                  ; Yes                        ; Yes                        ; 2.32 V                      ; 3.07e-09 V                  ; 2.37 V             ; -0.00994 V         ; 0.186 V                             ; 0.028 V                             ; 4.98e-10 s                 ; 4.96e-10 s                 ; Yes                       ; Yes                       ;
; LEDR[1]       ; 2.5 V        ; 0 s                 ; 0 s                 ; 2.32 V                       ; 3.07e-09 V                   ; 2.37 V              ; -0.00994 V          ; 0.186 V                              ; 0.028 V                              ; 4.98e-10 s                  ; 4.96e-10 s                  ; Yes                        ; Yes                        ; 2.32 V                      ; 3.07e-09 V                  ; 2.37 V             ; -0.00994 V         ; 0.186 V                             ; 0.028 V                             ; 4.98e-10 s                 ; 4.96e-10 s                 ; Yes                       ; Yes                       ;
; LEDR[2]       ; 2.5 V        ; 0 s                 ; 0 s                 ; 2.32 V                       ; 3.07e-09 V                   ; 2.37 V              ; -0.00994 V          ; 0.186 V                              ; 0.028 V                              ; 4.98e-10 s                  ; 4.96e-10 s                  ; Yes                        ; Yes                        ; 2.32 V                      ; 3.07e-09 V                  ; 2.37 V             ; -0.00994 V         ; 0.186 V                             ; 0.028 V                             ; 4.98e-10 s                 ; 4.96e-10 s                 ; Yes                       ; Yes                       ;
; LEDR[3]       ; 2.5 V        ; 0 s                 ; 0 s                 ; 2.32 V                       ; 3.07e-09 V                   ; 2.37 V              ; -0.00994 V          ; 0.186 V                              ; 0.028 V                              ; 4.98e-10 s                  ; 4.96e-10 s                  ; Yes                        ; Yes                        ; 2.32 V                      ; 3.07e-09 V                  ; 2.37 V             ; -0.00994 V         ; 0.186 V                             ; 0.028 V                             ; 4.98e-10 s                 ; 4.96e-10 s                 ; Yes                       ; Yes                       ;
; LEDR[4]       ; 2.5 V        ; 0 s                 ; 0 s                 ; 2.32 V                       ; 3.07e-09 V                   ; 2.37 V              ; -0.00994 V          ; 0.186 V                              ; 0.028 V                              ; 4.98e-10 s                  ; 4.96e-10 s                  ; Yes                        ; Yes                        ; 2.32 V                      ; 3.07e-09 V                  ; 2.37 V             ; -0.00994 V         ; 0.186 V                             ; 0.028 V                             ; 4.98e-10 s                 ; 4.96e-10 s                 ; Yes                       ; Yes                       ;
; LEDR[5]       ; 2.5 V        ; 0 s                 ; 0 s                 ; 2.32 V                       ; 3.07e-09 V                   ; 2.37 V              ; -0.00994 V          ; 0.186 V                              ; 0.028 V                              ; 4.98e-10 s                  ; 4.96e-10 s                  ; Yes                        ; Yes                        ; 2.32 V                      ; 3.07e-09 V                  ; 2.37 V             ; -0.00994 V         ; 0.186 V                             ; 0.028 V                             ; 4.98e-10 s                 ; 4.96e-10 s                 ; Yes                       ; Yes                       ;
; LEDR[6]       ; 2.5 V        ; 0 s                 ; 0 s                 ; 2.32 V                       ; 3.07e-09 V                   ; 2.37 V              ; -0.00994 V          ; 0.186 V                              ; 0.028 V                              ; 4.98e-10 s                  ; 4.96e-10 s                  ; Yes                        ; Yes                        ; 2.32 V                      ; 3.07e-09 V                  ; 2.37 V             ; -0.00994 V         ; 0.186 V                             ; 0.028 V                             ; 4.98e-10 s                 ; 4.96e-10 s                 ; Yes                       ; Yes                       ;
; LEDR[7]       ; 2.5 V        ; 0 s                 ; 0 s                 ; 2.32 V                       ; 3.07e-09 V                   ; 2.37 V              ; -0.00994 V          ; 0.186 V                              ; 0.028 V                              ; 4.98e-10 s                  ; 4.96e-10 s                  ; Yes                        ; Yes                        ; 2.32 V                      ; 3.07e-09 V                  ; 2.37 V             ; -0.00994 V         ; 0.186 V                             ; 0.028 V                             ; 4.98e-10 s                 ; 4.96e-10 s                 ; Yes                       ; Yes                       ;
; LEDR[8]       ; 2.5 V        ; 0 s                 ; 0 s                 ; 2.32 V                       ; 3.07e-09 V                   ; 2.37 V              ; -0.00994 V          ; 0.186 V                              ; 0.028 V                              ; 4.98e-10 s                  ; 4.96e-10 s                  ; Yes                        ; Yes                        ; 2.32 V                      ; 3.07e-09 V                  ; 2.37 V             ; -0.00994 V         ; 0.186 V                             ; 0.028 V                             ; 4.98e-10 s                 ; 4.96e-10 s                 ; Yes                       ; Yes                       ;
; LEDR[9]       ; 2.5 V        ; 0 s                 ; 0 s                 ; 2.32 V                       ; 3.07e-09 V                   ; 2.37 V              ; -0.00994 V          ; 0.186 V                              ; 0.028 V                              ; 4.98e-10 s                  ; 4.96e-10 s                  ; Yes                        ; Yes                        ; 2.32 V                      ; 3.07e-09 V                  ; 2.37 V             ; -0.00994 V         ; 0.186 V                             ; 0.028 V                             ; 4.98e-10 s                 ; 4.96e-10 s                 ; Yes                       ; Yes                       ;
; LEDR[10]      ; 2.5 V        ; 0 s                 ; 0 s                 ; 2.32 V                       ; 3.07e-09 V                   ; 2.37 V              ; -0.00994 V          ; 0.186 V                              ; 0.028 V                              ; 4.98e-10 s                  ; 4.96e-10 s                  ; Yes                        ; Yes                        ; 2.32 V                      ; 3.07e-09 V                  ; 2.37 V             ; -0.00994 V         ; 0.186 V                             ; 0.028 V                             ; 4.98e-10 s                 ; 4.96e-10 s                 ; Yes                       ; Yes                       ;
; LEDR[11]      ; 2.5 V        ; 0 s                 ; 0 s                 ; 2.32 V                       ; 3.07e-09 V                   ; 2.37 V              ; -0.00994 V          ; 0.186 V                              ; 0.028 V                              ; 4.98e-10 s                  ; 4.96e-10 s                  ; Yes                        ; Yes                        ; 2.32 V                      ; 3.07e-09 V                  ; 2.37 V             ; -0.00994 V         ; 0.186 V                             ; 0.028 V                             ; 4.98e-10 s                 ; 4.96e-10 s                 ; Yes                       ; Yes                       ;
; LEDR[12]      ; 2.5 V        ; 0 s                 ; 0 s                 ; 2.32 V                       ; 3.07e-09 V                   ; 2.37 V              ; -0.00994 V          ; 0.186 V                              ; 0.028 V                              ; 4.98e-10 s                  ; 4.96e-10 s                  ; Yes                        ; Yes                        ; 2.32 V                      ; 3.07e-09 V                  ; 2.37 V             ; -0.00994 V         ; 0.186 V                             ; 0.028 V                             ; 4.98e-10 s                 ; 4.96e-10 s                 ; Yes                       ; Yes                       ;
; LEDR[13]      ; 2.5 V        ; 0 s                 ; 0 s                 ; 2.32 V                       ; 3.07e-09 V                   ; 2.37 V              ; -0.00994 V          ; 0.186 V                              ; 0.028 V                              ; 4.98e-10 s                  ; 4.96e-10 s                  ; Yes                        ; Yes                        ; 2.32 V                      ; 3.07e-09 V                  ; 2.37 V             ; -0.00994 V         ; 0.186 V                             ; 0.028 V                             ; 4.98e-10 s                 ; 4.96e-10 s                 ; Yes                       ; Yes                       ;
; LEDR[14]      ; 2.5 V        ; 0 s                 ; 0 s                 ; 2.32 V                       ; 3.07e-09 V                   ; 2.33 V              ; -0.00496 V          ; 0.223 V                              ; 0.086 V                              ; 2.9e-09 s                   ; 2.73e-09 s                  ; Yes                        ; Yes                        ; 2.32 V                      ; 3.07e-09 V                  ; 2.33 V             ; -0.00496 V         ; 0.223 V                             ; 0.086 V                             ; 2.9e-09 s                  ; 2.73e-09 s                 ; Yes                       ; Yes                       ;
; LEDR[15]      ; 2.5 V        ; 0 s                 ; 0 s                 ; 2.32 V                       ; 3.07e-09 V                   ; 2.33 V              ; -0.00496 V          ; 0.223 V                              ; 0.086 V                              ; 2.9e-09 s                   ; 2.73e-09 s                  ; Yes                        ; Yes                        ; 2.32 V                      ; 3.07e-09 V                  ; 2.33 V             ; -0.00496 V         ; 0.223 V                             ; 0.086 V                             ; 2.9e-09 s                  ; 2.73e-09 s                 ; Yes                       ; Yes                       ;
; LEDR[16]      ; 2.5 V        ; 0 s                 ; 0 s                 ; 2.32 V                       ; 3.07e-09 V                   ; 2.37 V              ; -0.00994 V          ; 0.186 V                              ; 0.028 V                              ; 4.98e-10 s                  ; 4.96e-10 s                  ; Yes                        ; Yes                        ; 2.32 V                      ; 3.07e-09 V                  ; 2.37 V             ; -0.00994 V         ; 0.186 V                             ; 0.028 V                             ; 4.98e-10 s                 ; 4.96e-10 s                 ; Yes                       ; Yes                       ;
; LEDR[17]      ; 2.5 V        ; 0 s                 ; 0 s                 ; 2.32 V                       ; 3.07e-09 V                   ; 2.37 V              ; -0.00994 V          ; 0.186 V                              ; 0.028 V                              ; 4.98e-10 s                  ; 4.96e-10 s                  ; Yes                        ; Yes                        ; 2.32 V                      ; 3.07e-09 V                  ; 2.37 V             ; -0.00994 V         ; 0.186 V                             ; 0.028 V                             ; 4.98e-10 s                 ; 4.96e-10 s                 ; Yes                       ; Yes                       ;
; GPIO[7]       ; 3.3-V LVTTL  ; 0 s                 ; 0 s                 ; 3.08 V                       ; 1.58e-08 V                   ; 3.13 V              ; -0.117 V            ; 0.143 V                              ; 0.259 V                              ; 6.22e-10 s                  ; 4.46e-10 s                  ; No                         ; No                         ; 3.08 V                      ; 1.58e-08 V                  ; 3.13 V             ; -0.117 V           ; 0.143 V                             ; 0.259 V                             ; 6.22e-10 s                 ; 4.46e-10 s                 ; No                        ; No                        ;
; GPIO[8]       ; 3.3-V LVTTL  ; 0 s                 ; 0 s                 ; 3.08 V                       ; 1.58e-08 V                   ; 3.13 V              ; -0.117 V            ; 0.143 V                              ; 0.259 V                              ; 6.22e-10 s                  ; 4.46e-10 s                  ; No                         ; No                         ; 3.08 V                      ; 1.58e-08 V                  ; 3.13 V             ; -0.117 V           ; 0.143 V                             ; 0.259 V                             ; 6.22e-10 s                 ; 4.46e-10 s                 ; No                        ; No                        ;
; GPIO[9]       ; 3.3-V LVTTL  ; 0 s                 ; 0 s                 ; 3.08 V                       ; 1.58e-08 V                   ; 3.09 V              ; -0.012 V            ; 0.232 V                              ; 0.268 V                              ; 4.75e-09 s                  ; 3.5e-09 s                   ; Yes                        ; No                         ; 3.08 V                      ; 1.58e-08 V                  ; 3.09 V             ; -0.012 V           ; 0.232 V                             ; 0.268 V                             ; 4.75e-09 s                 ; 3.5e-09 s                  ; Yes                       ; No                        ;
; GPIO[10]      ; 3.3-V LVTTL  ; 0 s                 ; 0 s                 ; 3.08 V                       ; 1.58e-08 V                   ; 3.13 V              ; -0.117 V            ; 0.143 V                              ; 0.259 V                              ; 6.22e-10 s                  ; 4.46e-10 s                  ; No                         ; No                         ; 3.08 V                      ; 1.58e-08 V                  ; 3.13 V             ; -0.117 V           ; 0.143 V                             ; 0.259 V                             ; 6.22e-10 s                 ; 4.46e-10 s                 ; No                        ; No                        ;
; GPIO[11]      ; 3.3-V LVTTL  ; 0 s                 ; 0 s                 ; 3.08 V                       ; 1.58e-08 V                   ; 3.13 V              ; -0.117 V            ; 0.143 V                              ; 0.259 V                              ; 6.22e-10 s                  ; 4.46e-10 s                  ; No                         ; No                         ; 3.08 V                      ; 1.58e-08 V                  ; 3.13 V             ; -0.117 V           ; 0.143 V                             ; 0.259 V                             ; 6.22e-10 s                 ; 4.46e-10 s                 ; No                        ; No                        ;
; GPIO[12]      ; 3.3-V LVTTL  ; 0 s                 ; 0 s                 ; 3.08 V                       ; 1.58e-08 V                   ; 3.13 V              ; -0.117 V            ; 0.143 V                              ; 0.259 V                              ; 6.22e-10 s                  ; 4.46e-10 s                  ; No                         ; No                         ; 3.08 V                      ; 1.58e-08 V                  ; 3.13 V             ; -0.117 V           ; 0.143 V                             ; 0.259 V                             ; 6.22e-10 s                 ; 4.46e-10 s                 ; No                        ; No                        ;
; GPIO[13]      ; 3.3-V LVTTL  ; 0 s                 ; 0 s                 ; 3.08 V                       ; 1.58e-08 V                   ; 3.13 V              ; -0.117 V            ; 0.143 V                              ; 0.259 V                              ; 6.22e-10 s                  ; 4.46e-10 s                  ; No                         ; No                         ; 3.08 V                      ; 1.58e-08 V                  ; 3.13 V             ; -0.117 V           ; 0.143 V                             ; 0.259 V                             ; 6.22e-10 s                 ; 4.46e-10 s                 ; No                        ; No                        ;
; GPIO[14]      ; 3.3-V LVTTL  ; 0 s                 ; 0 s                 ; 3.08 V                       ; 1.58e-08 V                   ; 3.13 V              ; -0.117 V            ; 0.143 V                              ; 0.259 V                              ; 6.22e-10 s                  ; 4.46e-10 s                  ; No                         ; No                         ; 3.08 V                      ; 1.58e-08 V                  ; 3.13 V             ; -0.117 V           ; 0.143 V                             ; 0.259 V                             ; 6.22e-10 s                 ; 4.46e-10 s                 ; No                        ; No                        ;
; GPIO[15]      ; 3.3-V LVTTL  ; 0 s                 ; 0 s                 ; 3.08 V                       ; 1.58e-08 V                   ; 3.13 V              ; -0.117 V            ; 0.143 V                              ; 0.259 V                              ; 6.22e-10 s                  ; 4.46e-10 s                  ; No                         ; No                         ; 3.08 V                      ; 1.58e-08 V                  ; 3.13 V             ; -0.117 V           ; 0.143 V                             ; 0.259 V                             ; 6.22e-10 s                 ; 4.46e-10 s                 ; No                        ; No                        ;
; GPIO[16]      ; 3.3-V LVTTL  ; 0 s                 ; 0 s                 ; 3.08 V                       ; 1.58e-08 V                   ; 3.13 V              ; -0.117 V            ; 0.143 V                              ; 0.259 V                              ; 6.22e-10 s                  ; 4.46e-10 s                  ; No                         ; No                         ; 3.08 V                      ; 1.58e-08 V                  ; 3.13 V             ; -0.117 V           ; 0.143 V                             ; 0.259 V                             ; 6.22e-10 s                 ; 4.46e-10 s                 ; No                        ; No                        ;
; GPIO[17]      ; 3.3-V LVTTL  ; 0 s                 ; 0 s                 ; 3.08 V                       ; 1.58e-08 V                   ; 3.13 V              ; -0.117 V            ; 0.143 V                              ; 0.259 V                              ; 6.22e-10 s                  ; 4.46e-10 s                  ; No                         ; No                         ; 3.08 V                      ; 1.58e-08 V                  ; 3.13 V             ; -0.117 V           ; 0.143 V                             ; 0.259 V                             ; 6.22e-10 s                 ; 4.46e-10 s                 ; No                        ; No                        ;
; GPIO[18]      ; 3.3-V LVTTL  ; 0 s                 ; 0 s                 ; 3.08 V                       ; 1.58e-08 V                   ; 3.13 V              ; -0.117 V            ; 0.143 V                              ; 0.259 V                              ; 6.22e-10 s                  ; 4.46e-10 s                  ; No                         ; No                         ; 3.08 V                      ; 1.58e-08 V                  ; 3.13 V             ; -0.117 V           ; 0.143 V                             ; 0.259 V                             ; 6.22e-10 s                 ; 4.46e-10 s                 ; No                        ; No                        ;
; GPIO[19]      ; 3.3-V LVTTL  ; 0 s                 ; 0 s                 ; 3.08 V                       ; 1.58e-08 V                   ; 3.13 V              ; -0.117 V            ; 0.143 V                              ; 0.259 V                              ; 6.22e-10 s                  ; 4.46e-10 s                  ; No                         ; No                         ; 3.08 V                      ; 1.58e-08 V                  ; 3.13 V             ; -0.117 V           ; 0.143 V                             ; 0.259 V                             ; 6.22e-10 s                 ; 4.46e-10 s                 ; No                        ; No                        ;
; GPIO[20]      ; 3.3-V LVTTL  ; 0 s                 ; 0 s                 ; 3.08 V                       ; 1.58e-08 V                   ; 3.13 V              ; -0.117 V            ; 0.143 V                              ; 0.259 V                              ; 6.22e-10 s                  ; 4.46e-10 s                  ; No                         ; No                         ; 3.08 V                      ; 1.58e-08 V                  ; 3.13 V             ; -0.117 V           ; 0.143 V                             ; 0.259 V                             ; 6.22e-10 s                 ; 4.46e-10 s                 ; No                        ; No                        ;
; GPIO[21]      ; 3.3-V LVTTL  ; 0 s                 ; 0 s                 ; 3.08 V                       ; 1.58e-08 V                   ; 3.13 V              ; -0.117 V            ; 0.143 V                              ; 0.259 V                              ; 6.22e-10 s                  ; 4.46e-10 s                  ; No                         ; No                         ; 3.08 V                      ; 1.58e-08 V                  ; 3.13 V             ; -0.117 V           ; 0.143 V                             ; 0.259 V                             ; 6.22e-10 s                 ; 4.46e-10 s                 ; No                        ; No                        ;
; GPIO[22]      ; 3.3-V LVTTL  ; 0 s                 ; 0 s                 ; 3.08 V                       ; 1.58e-08 V                   ; 3.13 V              ; -0.117 V            ; 0.143 V                              ; 0.259 V                              ; 6.22e-10 s                  ; 4.46e-10 s                  ; No                         ; No                         ; 3.08 V                      ; 1.58e-08 V                  ; 3.13 V             ; -0.117 V           ; 0.143 V                             ; 0.259 V                             ; 6.22e-10 s                 ; 4.46e-10 s                 ; No                        ; No                        ;
; GPIO[23]      ; 3.3-V LVTTL  ; 0 s                 ; 0 s                 ; 3.08 V                       ; 1.58e-08 V                   ; 3.13 V              ; -0.117 V            ; 0.143 V                              ; 0.259 V                              ; 6.22e-10 s                  ; 4.46e-10 s                  ; No                         ; No                         ; 3.08 V                      ; 1.58e-08 V                  ; 3.13 V             ; -0.117 V           ; 0.143 V                             ; 0.259 V                             ; 6.22e-10 s                 ; 4.46e-10 s                 ; No                        ; No                        ;
; GPIO[24]      ; 3.3-V LVTTL  ; 0 s                 ; 0 s                 ; 3.08 V                       ; 1.58e-08 V                   ; 3.13 V              ; -0.117 V            ; 0.143 V                              ; 0.259 V                              ; 6.22e-10 s                  ; 4.46e-10 s                  ; No                         ; No                         ; 3.08 V                      ; 1.58e-08 V                  ; 3.13 V             ; -0.117 V           ; 0.143 V                             ; 0.259 V                             ; 6.22e-10 s                 ; 4.46e-10 s                 ; No                        ; No                        ;
; GPIO[25]      ; 3.3-V LVTTL  ; 0 s                 ; 0 s                 ; 3.08 V                       ; 1.58e-08 V                   ; 3.13 V              ; -0.117 V            ; 0.143 V                              ; 0.259 V                              ; 6.22e-10 s                  ; 4.46e-10 s                  ; No                         ; No                         ; 3.08 V                      ; 1.58e-08 V                  ; 3.13 V             ; -0.117 V           ; 0.143 V                             ; 0.259 V                             ; 6.22e-10 s                 ; 4.46e-10 s                 ; No                        ; No                        ;
; GPIO[26]      ; 3.3-V LVTTL  ; 0 s                 ; 0 s                 ; 3.08 V                       ; 1.58e-08 V                   ; 3.13 V              ; -0.117 V            ; 0.143 V                              ; 0.259 V                              ; 6.22e-10 s                  ; 4.46e-10 s                  ; No                         ; No                         ; 3.08 V                      ; 1.58e-08 V                  ; 3.13 V             ; -0.117 V           ; 0.143 V                             ; 0.259 V                             ; 6.22e-10 s                 ; 4.46e-10 s                 ; No                        ; No                        ;
; GPIO[27]      ; 3.3-V LVTTL  ; 0 s                 ; 0 s                 ; 3.08 V                       ; 1.58e-08 V                   ; 3.13 V              ; -0.117 V            ; 0.143 V                              ; 0.259 V                              ; 6.22e-10 s                  ; 4.46e-10 s                  ; No                         ; No                         ; 3.08 V                      ; 1.58e-08 V                  ; 3.13 V             ; -0.117 V           ; 0.143 V                             ; 0.259 V                             ; 6.22e-10 s                 ; 4.46e-10 s                 ; No                        ; No                        ;
; GPIO[28]      ; 3.3-V LVTTL  ; 0 s                 ; 0 s                 ; 3.08 V                       ; 1.58e-08 V                   ; 3.13 V              ; -0.117 V            ; 0.143 V                              ; 0.259 V                              ; 6.22e-10 s                  ; 4.46e-10 s                  ; No                         ; No                         ; 3.08 V                      ; 1.58e-08 V                  ; 3.13 V             ; -0.117 V           ; 0.143 V                             ; 0.259 V                             ; 6.22e-10 s                 ; 4.46e-10 s                 ; No                        ; No                        ;
; GPIO[29]      ; 3.3-V LVTTL  ; 0 s                 ; 0 s                 ; 3.08 V                       ; 1.58e-08 V                   ; 3.13 V              ; -0.117 V            ; 0.143 V                              ; 0.259 V                              ; 6.22e-10 s                  ; 4.46e-10 s                  ; No                         ; No                         ; 3.08 V                      ; 1.58e-08 V                  ; 3.13 V             ; -0.117 V           ; 0.143 V                             ; 0.259 V                             ; 6.22e-10 s                 ; 4.46e-10 s                 ; No                        ; No                        ;
; GPIO[30]      ; 3.3-V LVTTL  ; 0 s                 ; 0 s                 ; 3.08 V                       ; 1.58e-08 V                   ; 3.13 V              ; -0.117 V            ; 0.143 V                              ; 0.259 V                              ; 6.22e-10 s                  ; 4.46e-10 s                  ; No                         ; No                         ; 3.08 V                      ; 1.58e-08 V                  ; 3.13 V             ; -0.117 V           ; 0.143 V                             ; 0.259 V                             ; 6.22e-10 s                 ; 4.46e-10 s                 ; No                        ; No                        ;
; GPIO[31]      ; 3.3-V LVTTL  ; 0 s                 ; 0 s                 ; 3.08 V                       ; 1.58e-08 V                   ; 3.13 V              ; -0.117 V            ; 0.143 V                              ; 0.259 V                              ; 6.22e-10 s                  ; 4.46e-10 s                  ; No                         ; No                         ; 3.08 V                      ; 1.58e-08 V                  ; 3.13 V             ; -0.117 V           ; 0.143 V                             ; 0.259 V                             ; 6.22e-10 s                 ; 4.46e-10 s                 ; No                        ; No                        ;
; GPIO[32]      ; 3.3-V LVTTL  ; 0 s                 ; 0 s                 ; 3.08 V                       ; 1.58e-08 V                   ; 3.13 V              ; -0.117 V            ; 0.143 V                              ; 0.259 V                              ; 6.22e-10 s                  ; 4.46e-10 s                  ; No                         ; No                         ; 3.08 V                      ; 1.58e-08 V                  ; 3.13 V             ; -0.117 V           ; 0.143 V                             ; 0.259 V                             ; 6.22e-10 s                 ; 4.46e-10 s                 ; No                        ; No                        ;
; GPIO[33]      ; 3.3-V LVTTL  ; 0 s                 ; 0 s                 ; 3.08 V                       ; 1.58e-08 V                   ; 3.13 V              ; -0.117 V            ; 0.143 V                              ; 0.259 V                              ; 6.22e-10 s                  ; 4.46e-10 s                  ; No                         ; No                         ; 3.08 V                      ; 1.58e-08 V                  ; 3.13 V             ; -0.117 V           ; 0.143 V                             ; 0.259 V                             ; 6.22e-10 s                 ; 4.46e-10 s                 ; No                        ; No                        ;
; GPIO[34]      ; 3.3-V LVTTL  ; 0 s                 ; 0 s                 ; 3.08 V                       ; 1.58e-08 V                   ; 3.13 V              ; -0.117 V            ; 0.143 V                              ; 0.259 V                              ; 6.22e-10 s                  ; 4.46e-10 s                  ; No                         ; No                         ; 3.08 V                      ; 1.58e-08 V                  ; 3.13 V             ; -0.117 V           ; 0.143 V                             ; 0.259 V                             ; 6.22e-10 s                 ; 4.46e-10 s                 ; No                        ; No                        ;
; GPIO[35]      ; 3.3-V LVTTL  ; 0 s                 ; 0 s                 ; 3.08 V                       ; 1.58e-08 V                   ; 3.13 V              ; -0.117 V            ; 0.143 V                              ; 0.259 V                              ; 6.22e-10 s                  ; 4.46e-10 s                  ; No                         ; No                         ; 3.08 V                      ; 1.58e-08 V                  ; 3.13 V             ; -0.117 V           ; 0.143 V                             ; 0.259 V                             ; 6.22e-10 s                 ; 4.46e-10 s                 ; No                        ; No                        ;
; GPIO[0]       ; 3.3-V LVTTL  ; 0 s                 ; 0 s                 ; 3.08 V                       ; 1.58e-08 V                   ; 3.09 V              ; -0.012 V            ; 0.232 V                              ; 0.268 V                              ; 4.75e-09 s                  ; 3.5e-09 s                   ; Yes                        ; No                         ; 3.08 V                      ; 1.58e-08 V                  ; 3.09 V             ; -0.012 V           ; 0.232 V                             ; 0.268 V                             ; 4.75e-09 s                 ; 3.5e-09 s                  ; Yes                       ; No                        ;
; GPIO[1]       ; 3.3-V LVTTL  ; 0 s                 ; 0 s                 ; 3.08 V                       ; 1.58e-08 V                   ; 3.13 V              ; -0.117 V            ; 0.143 V                              ; 0.259 V                              ; 6.22e-10 s                  ; 4.46e-10 s                  ; No                         ; No                         ; 3.08 V                      ; 1.58e-08 V                  ; 3.13 V             ; -0.117 V           ; 0.143 V                             ; 0.259 V                             ; 6.22e-10 s                 ; 4.46e-10 s                 ; No                        ; No                        ;
; GPIO[2]       ; 3.3-V LVTTL  ; 0 s                 ; 0 s                 ; 3.08 V                       ; 1.58e-08 V                   ; 3.13 V              ; -0.117 V            ; 0.143 V                              ; 0.259 V                              ; 6.22e-10 s                  ; 4.46e-10 s                  ; No                         ; No                         ; 3.08 V                      ; 1.58e-08 V                  ; 3.13 V             ; -0.117 V           ; 0.143 V                             ; 0.259 V                             ; 6.22e-10 s                 ; 4.46e-10 s                 ; No                        ; No                        ;
; GPIO[3]       ; 3.3-V LVTTL  ; 0 s                 ; 0 s                 ; 3.08 V                       ; 1.58e-08 V                   ; 3.13 V              ; -0.117 V            ; 0.143 V                              ; 0.259 V                              ; 6.22e-10 s                  ; 4.46e-10 s                  ; No                         ; No                         ; 3.08 V                      ; 1.58e-08 V                  ; 3.13 V             ; -0.117 V           ; 0.143 V                             ; 0.259 V                             ; 6.22e-10 s                 ; 4.46e-10 s                 ; No                        ; No                        ;
; GPIO[4]       ; 3.3-V LVTTL  ; 0 s                 ; 0 s                 ; 3.08 V                       ; 1.58e-08 V                   ; 3.13 V              ; -0.117 V            ; 0.143 V                              ; 0.259 V                              ; 6.22e-10 s                  ; 4.46e-10 s                  ; No                         ; No                         ; 3.08 V                      ; 1.58e-08 V                  ; 3.13 V             ; -0.117 V           ; 0.143 V                             ; 0.259 V                             ; 6.22e-10 s                 ; 4.46e-10 s                 ; No                        ; No                        ;
; GPIO[5]       ; 3.3-V LVTTL  ; 0 s                 ; 0 s                 ; 3.08 V                       ; 1.58e-08 V                   ; 3.13 V              ; -0.117 V            ; 0.143 V                              ; 0.259 V                              ; 6.22e-10 s                  ; 4.46e-10 s                  ; No                         ; No                         ; 3.08 V                      ; 1.58e-08 V                  ; 3.13 V             ; -0.117 V           ; 0.143 V                             ; 0.259 V                             ; 6.22e-10 s                 ; 4.46e-10 s                 ; No                        ; No                        ;
; GPIO[6]       ; 3.3-V LVTTL  ; 0 s                 ; 0 s                 ; 3.08 V                       ; 1.58e-08 V                   ; 3.13 V              ; -0.117 V            ; 0.143 V                              ; 0.259 V                              ; 6.22e-10 s                  ; 4.46e-10 s                  ; No                         ; No                         ; 3.08 V                      ; 1.58e-08 V                  ; 3.13 V             ; -0.117 V           ; 0.143 V                             ; 0.259 V                             ; 6.22e-10 s                 ; 4.46e-10 s                 ; No                        ; No                        ;
; FAN_CTRL      ; 2.5 V        ; 0 s                 ; 0 s                 ; 2.32 V                       ; 3.07e-09 V                   ; 2.37 V              ; -0.00994 V          ; 0.186 V                              ; 0.028 V                              ; 4.98e-10 s                  ; 4.96e-10 s                  ; Yes                        ; Yes                        ; 2.32 V                      ; 3.07e-09 V                  ; 2.37 V             ; -0.00994 V         ; 0.186 V                             ; 0.028 V                             ; 4.98e-10 s                 ; 4.96e-10 s                 ; Yes                       ; Yes                       ;
; ~ALTERA_NCEO~ ; 2.5 V        ; 0 s                 ; 0 s                 ; 2.32 V                       ; 2.92e-09 V                   ; 2.47 V              ; -0.0283 V           ; 0.229 V                              ; 0.031 V                              ; 1.27e-10 s                  ; 2.34e-10 s                  ; Yes                        ; Yes                        ; 2.32 V                      ; 2.92e-09 V                  ; 2.47 V             ; -0.0283 V          ; 0.229 V                             ; 0.031 V                             ; 1.27e-10 s                 ; 2.34e-10 s                 ; Yes                       ; Yes                       ;
; ~ALTERA_DCLK~ ; 2.5 V        ; 0 s                 ; 0 s                 ; 2.32 V                       ; 3.59e-09 V                   ; 2.37 V              ; -0.038 V            ; 0.188 V                              ; 0.093 V                              ; 3.06e-10 s                  ; 2.83e-10 s                  ; Yes                        ; Yes                        ; 2.32 V                      ; 3.59e-09 V                  ; 2.37 V             ; -0.038 V           ; 0.188 V                             ; 0.093 V                             ; 3.06e-10 s                 ; 2.83e-10 s                 ; Yes                       ; Yes                       ;
+---------------+--------------+---------------------+---------------------+------------------------------+------------------------------+---------------------+---------------------+--------------------------------------+--------------------------------------+-----------------------------+-----------------------------+----------------------------+----------------------------+-----------------------------+-----------------------------+--------------------+--------------------+-------------------------------------+-------------------------------------+----------------------------+----------------------------+---------------------------+---------------------------+


+--------------------------------------------------------------------------------------------------------------------------------------------------------------------------------------------------------------------------------------------------------------------------------------------------------------------------------------------------------------------------------------------------------------------------------------------------------------------------------------------------------------------------------------------------------------------------------------------------------------------------------------------------------------------------------------------+
; Signal Integrity Metrics (Slow 1200mv 85c Model)                                                                                                                                                                                                                                                                                                                                                                                                                                                                                                                                                                                                                                           ;
+---------------+--------------+---------------------+---------------------+------------------------------+------------------------------+---------------------+---------------------+--------------------------------------+--------------------------------------+-----------------------------+-----------------------------+----------------------------+----------------------------+-----------------------------+-----------------------------+--------------------+--------------------+-------------------------------------+-------------------------------------+----------------------------+----------------------------+---------------------------+---------------------------+
; Pin           ; I/O Standard ; Board Delay on Rise ; Board Delay on Fall ; Steady State Voh at FPGA Pin ; Steady State Vol at FPGA Pin ; Voh Max at FPGA Pin ; Vol Min at FPGA Pin ; Ringback Voltage on Rise at FPGA Pin ; Ringback Voltage on Fall at FPGA Pin ; 10-90 Rise Time at FPGA Pin ; 90-10 Fall Time at FPGA Pin ; Monotonic Rise at FPGA Pin ; Monotonic Fall at FPGA Pin ; Steady State Voh at Far-end ; Steady State Vol at Far-end ; Voh Max at Far-end ; Vol Min at Far-end ; Ringback Voltage on Rise at Far-end ; Ringback Voltage on Fall at Far-end ; 10-90 Rise Time at Far-end ; 90-10 Fall Time at Far-end ; Monotonic Rise at Far-end ; Monotonic Fall at Far-end ;
+---------------+--------------+---------------------+---------------------+------------------------------+------------------------------+---------------------+---------------------+--------------------------------------+--------------------------------------+-----------------------------+-----------------------------+----------------------------+----------------------------+-----------------------------+-----------------------------+--------------------+--------------------+-------------------------------------+-------------------------------------+----------------------------+----------------------------+---------------------------+---------------------------+
; HEX0[6]       ; 2.5 V        ; 0 s                 ; 0 s                 ; 2.32 V                       ; 6.92e-07 V                   ; 2.35 V              ; -0.00996 V          ; 0.121 V                              ; 0.03 V                               ; 4.64e-10 s                  ; 4.47e-10 s                  ; Yes                        ; Yes                        ; 2.32 V                      ; 6.92e-07 V                  ; 2.35 V             ; -0.00996 V         ; 0.121 V                             ; 0.03 V                              ; 4.64e-10 s                 ; 4.47e-10 s                 ; Yes                       ; Yes                       ;
; HEX0[5]       ; 2.5 V        ; 0 s                 ; 0 s                 ; 2.32 V                       ; 6.92e-07 V                   ; 2.35 V              ; -0.00996 V          ; 0.121 V                              ; 0.03 V                               ; 4.64e-10 s                  ; 4.47e-10 s                  ; Yes                        ; Yes                        ; 2.32 V                      ; 6.92e-07 V                  ; 2.35 V             ; -0.00996 V         ; 0.121 V                             ; 0.03 V                              ; 4.64e-10 s                 ; 4.47e-10 s                 ; Yes                       ; Yes                       ;
; HEX0[4]       ; 2.5 V        ; 0 s                 ; 0 s                 ; 2.32 V                       ; 6.92e-07 V                   ; 2.35 V              ; -0.00996 V          ; 0.121 V                              ; 0.03 V                               ; 4.64e-10 s                  ; 4.47e-10 s                  ; Yes                        ; Yes                        ; 2.32 V                      ; 6.92e-07 V                  ; 2.35 V             ; -0.00996 V         ; 0.121 V                             ; 0.03 V                              ; 4.64e-10 s                 ; 4.47e-10 s                 ; Yes                       ; Yes                       ;
; HEX0[3]       ; 2.5 V        ; 0 s                 ; 0 s                 ; 2.32 V                       ; 6.92e-07 V                   ; 2.35 V              ; -0.00996 V          ; 0.121 V                              ; 0.03 V                               ; 4.64e-10 s                  ; 4.47e-10 s                  ; Yes                        ; Yes                        ; 2.32 V                      ; 6.92e-07 V                  ; 2.35 V             ; -0.00996 V         ; 0.121 V                             ; 0.03 V                              ; 4.64e-10 s                 ; 4.47e-10 s                 ; Yes                       ; Yes                       ;
; HEX0[2]       ; 2.5 V        ; 0 s                 ; 0 s                 ; 2.32 V                       ; 6.92e-07 V                   ; 2.33 V              ; -0.00265 V          ; 0.133 V                              ; 0.056 V                              ; 3.55e-09 s                  ; 3.31e-09 s                  ; Yes                        ; Yes                        ; 2.32 V                      ; 6.92e-07 V                  ; 2.33 V             ; -0.00265 V         ; 0.133 V                             ; 0.056 V                             ; 3.55e-09 s                 ; 3.31e-09 s                 ; Yes                       ; Yes                       ;
; HEX0[1]       ; 2.5 V        ; 0 s                 ; 0 s                 ; 2.32 V                       ; 6.92e-07 V                   ; 2.35 V              ; -0.00996 V          ; 0.121 V                              ; 0.03 V                               ; 4.64e-10 s                  ; 4.47e-10 s                  ; Yes                        ; Yes                        ; 2.32 V                      ; 6.92e-07 V                  ; 2.35 V             ; -0.00996 V         ; 0.121 V                             ; 0.03 V                              ; 4.64e-10 s                 ; 4.47e-10 s                 ; Yes                       ; Yes                       ;
; HEX0[0]       ; 2.5 V        ; 0 s                 ; 0 s                 ; 2.32 V                       ; 6.92e-07 V                   ; 2.35 V              ; -0.00996 V          ; 0.121 V                              ; 0.03 V                               ; 4.64e-10 s                  ; 4.47e-10 s                  ; Yes                        ; Yes                        ; 2.32 V                      ; 6.92e-07 V                  ; 2.35 V             ; -0.00996 V         ; 0.121 V                             ; 0.03 V                              ; 4.64e-10 s                 ; 4.47e-10 s                 ; Yes                       ; Yes                       ;
; HEX1[6]       ; 2.5 V        ; 0 s                 ; 0 s                 ; 2.32 V                       ; 6.92e-07 V                   ; 2.35 V              ; -0.00996 V          ; 0.121 V                              ; 0.03 V                               ; 4.64e-10 s                  ; 4.47e-10 s                  ; Yes                        ; Yes                        ; 2.32 V                      ; 6.92e-07 V                  ; 2.35 V             ; -0.00996 V         ; 0.121 V                             ; 0.03 V                              ; 4.64e-10 s                 ; 4.47e-10 s                 ; Yes                       ; Yes                       ;
; HEX1[5]       ; 2.5 V        ; 0 s                 ; 0 s                 ; 2.32 V                       ; 6.92e-07 V                   ; 2.35 V              ; -0.00996 V          ; 0.121 V                              ; 0.03 V                               ; 4.64e-10 s                  ; 4.47e-10 s                  ; Yes                        ; Yes                        ; 2.32 V                      ; 6.92e-07 V                  ; 2.35 V             ; -0.00996 V         ; 0.121 V                             ; 0.03 V                              ; 4.64e-10 s                 ; 4.47e-10 s                 ; Yes                       ; Yes                       ;
; HEX1[4]       ; 2.5 V        ; 0 s                 ; 0 s                 ; 2.32 V                       ; 6.92e-07 V                   ; 2.35 V              ; -0.00996 V          ; 0.121 V                              ; 0.03 V                               ; 4.64e-10 s                  ; 4.47e-10 s                  ; Yes                        ; Yes                        ; 2.32 V                      ; 6.92e-07 V                  ; 2.35 V             ; -0.00996 V         ; 0.121 V                             ; 0.03 V                              ; 4.64e-10 s                 ; 4.47e-10 s                 ; Yes                       ; Yes                       ;
; HEX1[3]       ; 2.5 V        ; 0 s                 ; 0 s                 ; 2.32 V                       ; 6.92e-07 V                   ; 2.35 V              ; -0.00996 V          ; 0.121 V                              ; 0.03 V                               ; 4.64e-10 s                  ; 4.47e-10 s                  ; Yes                        ; Yes                        ; 2.32 V                      ; 6.92e-07 V                  ; 2.35 V             ; -0.00996 V         ; 0.121 V                             ; 0.03 V                              ; 4.64e-10 s                 ; 4.47e-10 s                 ; Yes                       ; Yes                       ;
; HEX1[2]       ; 2.5 V        ; 0 s                 ; 0 s                 ; 2.32 V                       ; 6.92e-07 V                   ; 2.35 V              ; -0.00996 V          ; 0.121 V                              ; 0.03 V                               ; 4.64e-10 s                  ; 4.47e-10 s                  ; Yes                        ; Yes                        ; 2.32 V                      ; 6.92e-07 V                  ; 2.35 V             ; -0.00996 V         ; 0.121 V                             ; 0.03 V                              ; 4.64e-10 s                 ; 4.47e-10 s                 ; Yes                       ; Yes                       ;
; HEX1[1]       ; 2.5 V        ; 0 s                 ; 0 s                 ; 2.32 V                       ; 6.92e-07 V                   ; 2.33 V              ; -0.00265 V          ; 0.133 V                              ; 0.056 V                              ; 3.55e-09 s                  ; 3.31e-09 s                  ; Yes                        ; Yes                        ; 2.32 V                      ; 6.92e-07 V                  ; 2.33 V             ; -0.00265 V         ; 0.133 V                             ; 0.056 V                             ; 3.55e-09 s                 ; 3.31e-09 s                 ; Yes                       ; Yes                       ;
; HEX1[0]       ; 2.5 V        ; 0 s                 ; 0 s                 ; 2.32 V                       ; 6.92e-07 V                   ; 2.35 V              ; -0.00996 V          ; 0.121 V                              ; 0.03 V                               ; 4.64e-10 s                  ; 4.47e-10 s                  ; Yes                        ; Yes                        ; 2.32 V                      ; 6.92e-07 V                  ; 2.35 V             ; -0.00996 V         ; 0.121 V                             ; 0.03 V                              ; 4.64e-10 s                 ; 4.47e-10 s                 ; Yes                       ; Yes                       ;
; HEX2[6]       ; 2.5 V        ; 0 s                 ; 0 s                 ; 2.32 V                       ; 6.92e-07 V                   ; 2.35 V              ; -0.00996 V          ; 0.121 V                              ; 0.03 V                               ; 4.64e-10 s                  ; 4.47e-10 s                  ; Yes                        ; Yes                        ; 2.32 V                      ; 6.92e-07 V                  ; 2.35 V             ; -0.00996 V         ; 0.121 V                             ; 0.03 V                              ; 4.64e-10 s                 ; 4.47e-10 s                 ; Yes                       ; Yes                       ;
; HEX2[5]       ; 2.5 V        ; 0 s                 ; 0 s                 ; 2.32 V                       ; 6.92e-07 V                   ; 2.35 V              ; -0.00996 V          ; 0.121 V                              ; 0.03 V                               ; 4.64e-10 s                  ; 4.47e-10 s                  ; Yes                        ; Yes                        ; 2.32 V                      ; 6.92e-07 V                  ; 2.35 V             ; -0.00996 V         ; 0.121 V                             ; 0.03 V                              ; 4.64e-10 s                 ; 4.47e-10 s                 ; Yes                       ; Yes                       ;
; HEX2[4]       ; 2.5 V        ; 0 s                 ; 0 s                 ; 2.32 V                       ; 6.92e-07 V                   ; 2.35 V              ; -0.00996 V          ; 0.121 V                              ; 0.03 V                               ; 4.64e-10 s                  ; 4.47e-10 s                  ; Yes                        ; Yes                        ; 2.32 V                      ; 6.92e-07 V                  ; 2.35 V             ; -0.00996 V         ; 0.121 V                             ; 0.03 V                              ; 4.64e-10 s                 ; 4.47e-10 s                 ; Yes                       ; Yes                       ;
; HEX2[3]       ; 2.5 V        ; 0 s                 ; 0 s                 ; 2.32 V                       ; 4.67e-07 V                   ; 2.35 V              ; -0.00942 V          ; 0.116 V                              ; 0.033 V                              ; 6.66e-10 s                  ; 6.27e-10 s                  ; Yes                        ; Yes                        ; 2.32 V                      ; 4.67e-07 V                  ; 2.35 V             ; -0.00942 V         ; 0.116 V                             ; 0.033 V                             ; 6.66e-10 s                 ; 6.27e-10 s                 ; Yes                       ; Yes                       ;
; HEX2[2]       ; 2.5 V        ; 0 s                 ; 0 s                 ; 2.32 V                       ; 6.92e-07 V                   ; 2.35 V              ; -0.00996 V          ; 0.121 V                              ; 0.03 V                               ; 4.64e-10 s                  ; 4.47e-10 s                  ; Yes                        ; Yes                        ; 2.32 V                      ; 6.92e-07 V                  ; 2.35 V             ; -0.00996 V         ; 0.121 V                             ; 0.03 V                              ; 4.64e-10 s                 ; 4.47e-10 s                 ; Yes                       ; Yes                       ;
; HEX2[1]       ; 2.5 V        ; 0 s                 ; 0 s                 ; 2.32 V                       ; 6.92e-07 V                   ; 2.35 V              ; -0.00996 V          ; 0.121 V                              ; 0.03 V                               ; 4.64e-10 s                  ; 4.47e-10 s                  ; Yes                        ; Yes                        ; 2.32 V                      ; 6.92e-07 V                  ; 2.35 V             ; -0.00996 V         ; 0.121 V                             ; 0.03 V                              ; 4.64e-10 s                 ; 4.47e-10 s                 ; Yes                       ; Yes                       ;
; HEX2[0]       ; 2.5 V        ; 0 s                 ; 0 s                 ; 2.32 V                       ; 6.92e-07 V                   ; 2.35 V              ; -0.00996 V          ; 0.121 V                              ; 0.03 V                               ; 4.64e-10 s                  ; 4.47e-10 s                  ; Yes                        ; Yes                        ; 2.32 V                      ; 6.92e-07 V                  ; 2.35 V             ; -0.00996 V         ; 0.121 V                             ; 0.03 V                              ; 4.64e-10 s                 ; 4.47e-10 s                 ; Yes                       ; Yes                       ;
; HEX3[6]       ; 2.5 V        ; 0 s                 ; 0 s                 ; 2.32 V                       ; 6.92e-07 V                   ; 2.35 V              ; -0.00996 V          ; 0.121 V                              ; 0.03 V                               ; 4.64e-10 s                  ; 4.47e-10 s                  ; Yes                        ; Yes                        ; 2.32 V                      ; 6.92e-07 V                  ; 2.35 V             ; -0.00996 V         ; 0.121 V                             ; 0.03 V                              ; 4.64e-10 s                 ; 4.47e-10 s                 ; Yes                       ; Yes                       ;
; HEX3[5]       ; 2.5 V        ; 0 s                 ; 0 s                 ; 2.32 V                       ; 6.92e-07 V                   ; 2.35 V              ; -0.00996 V          ; 0.121 V                              ; 0.03 V                               ; 4.64e-10 s                  ; 4.47e-10 s                  ; Yes                        ; Yes                        ; 2.32 V                      ; 6.92e-07 V                  ; 2.35 V             ; -0.00996 V         ; 0.121 V                             ; 0.03 V                              ; 4.64e-10 s                 ; 4.47e-10 s                 ; Yes                       ; Yes                       ;
; HEX3[4]       ; 2.5 V        ; 0 s                 ; 0 s                 ; 2.32 V                       ; 6.92e-07 V                   ; 2.35 V              ; -0.00996 V          ; 0.121 V                              ; 0.03 V                               ; 4.64e-10 s                  ; 4.47e-10 s                  ; Yes                        ; Yes                        ; 2.32 V                      ; 6.92e-07 V                  ; 2.35 V             ; -0.00996 V         ; 0.121 V                             ; 0.03 V                              ; 4.64e-10 s                 ; 4.47e-10 s                 ; Yes                       ; Yes                       ;
; HEX3[3]       ; 2.5 V        ; 0 s                 ; 0 s                 ; 2.32 V                       ; 6.92e-07 V                   ; 2.35 V              ; -0.00996 V          ; 0.121 V                              ; 0.03 V                               ; 4.64e-10 s                  ; 4.47e-10 s                  ; Yes                        ; Yes                        ; 2.32 V                      ; 6.92e-07 V                  ; 2.35 V             ; -0.00996 V         ; 0.121 V                             ; 0.03 V                              ; 4.64e-10 s                 ; 4.47e-10 s                 ; Yes                       ; Yes                       ;
; HEX3[2]       ; 2.5 V        ; 0 s                 ; 0 s                 ; 2.32 V                       ; 6.92e-07 V                   ; 2.35 V              ; -0.00996 V          ; 0.121 V                              ; 0.03 V                               ; 4.64e-10 s                  ; 4.47e-10 s                  ; Yes                        ; Yes                        ; 2.32 V                      ; 6.92e-07 V                  ; 2.35 V             ; -0.00996 V         ; 0.121 V                             ; 0.03 V                              ; 4.64e-10 s                 ; 4.47e-10 s                 ; Yes                       ; Yes                       ;
; HEX3[1]       ; 2.5 V        ; 0 s                 ; 0 s                 ; 2.32 V                       ; 6.92e-07 V                   ; 2.35 V              ; -0.00996 V          ; 0.121 V                              ; 0.03 V                               ; 4.64e-10 s                  ; 4.47e-10 s                  ; Yes                        ; Yes                        ; 2.32 V                      ; 6.92e-07 V                  ; 2.35 V             ; -0.00996 V         ; 0.121 V                             ; 0.03 V                              ; 4.64e-10 s                 ; 4.47e-10 s                 ; Yes                       ; Yes                       ;
; HEX3[0]       ; 2.5 V        ; 0 s                 ; 0 s                 ; 2.32 V                       ; 6.92e-07 V                   ; 2.35 V              ; -0.00996 V          ; 0.121 V                              ; 0.03 V                               ; 4.64e-10 s                  ; 4.47e-10 s                  ; Yes                        ; Yes                        ; 2.32 V                      ; 6.92e-07 V                  ; 2.35 V             ; -0.00996 V         ; 0.121 V                             ; 0.03 V                              ; 4.64e-10 s                 ; 4.47e-10 s                 ; Yes                       ; Yes                       ;
; HEX4[6]       ; 2.5 V        ; 0 s                 ; 0 s                 ; 2.32 V                       ; 6.92e-07 V                   ; 2.35 V              ; -0.00996 V          ; 0.121 V                              ; 0.03 V                               ; 4.64e-10 s                  ; 4.47e-10 s                  ; Yes                        ; Yes                        ; 2.32 V                      ; 6.92e-07 V                  ; 2.35 V             ; -0.00996 V         ; 0.121 V                             ; 0.03 V                              ; 4.64e-10 s                 ; 4.47e-10 s                 ; Yes                       ; Yes                       ;
; HEX4[5]       ; 2.5 V        ; 0 s                 ; 0 s                 ; 2.32 V                       ; 6.92e-07 V                   ; 2.35 V              ; -0.00996 V          ; 0.121 V                              ; 0.03 V                               ; 4.64e-10 s                  ; 4.47e-10 s                  ; Yes                        ; Yes                        ; 2.32 V                      ; 6.92e-07 V                  ; 2.35 V             ; -0.00996 V         ; 0.121 V                             ; 0.03 V                              ; 4.64e-10 s                 ; 4.47e-10 s                 ; Yes                       ; Yes                       ;
; HEX4[4]       ; 2.5 V        ; 0 s                 ; 0 s                 ; 2.32 V                       ; 6.92e-07 V                   ; 2.35 V              ; -0.00996 V          ; 0.121 V                              ; 0.03 V                               ; 4.64e-10 s                  ; 4.47e-10 s                  ; Yes                        ; Yes                        ; 2.32 V                      ; 6.92e-07 V                  ; 2.35 V             ; -0.00996 V         ; 0.121 V                             ; 0.03 V                              ; 4.64e-10 s                 ; 4.47e-10 s                 ; Yes                       ; Yes                       ;
; HEX4[3]       ; 2.5 V        ; 0 s                 ; 0 s                 ; 2.32 V                       ; 6.92e-07 V                   ; 2.35 V              ; -0.00996 V          ; 0.121 V                              ; 0.03 V                               ; 4.64e-10 s                  ; 4.47e-10 s                  ; Yes                        ; Yes                        ; 2.32 V                      ; 6.92e-07 V                  ; 2.35 V             ; -0.00996 V         ; 0.121 V                             ; 0.03 V                              ; 4.64e-10 s                 ; 4.47e-10 s                 ; Yes                       ; Yes                       ;
; HEX4[2]       ; 2.5 V        ; 0 s                 ; 0 s                 ; 2.32 V                       ; 6.92e-07 V                   ; 2.35 V              ; -0.00996 V          ; 0.121 V                              ; 0.03 V                               ; 4.64e-10 s                  ; 4.47e-10 s                  ; Yes                        ; Yes                        ; 2.32 V                      ; 6.92e-07 V                  ; 2.35 V             ; -0.00996 V         ; 0.121 V                             ; 0.03 V                              ; 4.64e-10 s                 ; 4.47e-10 s                 ; Yes                       ; Yes                       ;
; HEX4[1]       ; 2.5 V        ; 0 s                 ; 0 s                 ; 2.32 V                       ; 6.92e-07 V                   ; 2.35 V              ; -0.00996 V          ; 0.121 V                              ; 0.03 V                               ; 4.64e-10 s                  ; 4.47e-10 s                  ; Yes                        ; Yes                        ; 2.32 V                      ; 6.92e-07 V                  ; 2.35 V             ; -0.00996 V         ; 0.121 V                             ; 0.03 V                              ; 4.64e-10 s                 ; 4.47e-10 s                 ; Yes                       ; Yes                       ;
; HEX4[0]       ; 2.5 V        ; 0 s                 ; 0 s                 ; 2.32 V                       ; 6.92e-07 V                   ; 2.35 V              ; -0.00996 V          ; 0.121 V                              ; 0.03 V                               ; 4.64e-10 s                  ; 4.47e-10 s                  ; Yes                        ; Yes                        ; 2.32 V                      ; 6.92e-07 V                  ; 2.35 V             ; -0.00996 V         ; 0.121 V                             ; 0.03 V                              ; 4.64e-10 s                 ; 4.47e-10 s                 ; Yes                       ; Yes                       ;
; HEX5[6]       ; 2.5 V        ; 0 s                 ; 0 s                 ; 2.32 V                       ; 6.92e-07 V                   ; 2.35 V              ; -0.00996 V          ; 0.121 V                              ; 0.03 V                               ; 4.64e-10 s                  ; 4.47e-10 s                  ; Yes                        ; Yes                        ; 2.32 V                      ; 6.92e-07 V                  ; 2.35 V             ; -0.00996 V         ; 0.121 V                             ; 0.03 V                              ; 4.64e-10 s                 ; 4.47e-10 s                 ; Yes                       ; Yes                       ;
; HEX5[5]       ; 2.5 V        ; 0 s                 ; 0 s                 ; 2.32 V                       ; 6.92e-07 V                   ; 2.35 V              ; -0.00996 V          ; 0.121 V                              ; 0.03 V                               ; 4.64e-10 s                  ; 4.47e-10 s                  ; Yes                        ; Yes                        ; 2.32 V                      ; 6.92e-07 V                  ; 2.35 V             ; -0.00996 V         ; 0.121 V                             ; 0.03 V                              ; 4.64e-10 s                 ; 4.47e-10 s                 ; Yes                       ; Yes                       ;
; HEX5[4]       ; 2.5 V        ; 0 s                 ; 0 s                 ; 2.32 V                       ; 6.92e-07 V                   ; 2.35 V              ; -0.00996 V          ; 0.121 V                              ; 0.03 V                               ; 4.64e-10 s                  ; 4.47e-10 s                  ; Yes                        ; Yes                        ; 2.32 V                      ; 6.92e-07 V                  ; 2.35 V             ; -0.00996 V         ; 0.121 V                             ; 0.03 V                              ; 4.64e-10 s                 ; 4.47e-10 s                 ; Yes                       ; Yes                       ;
; HEX5[3]       ; 2.5 V        ; 0 s                 ; 0 s                 ; 2.32 V                       ; 6.92e-07 V                   ; 2.35 V              ; -0.00996 V          ; 0.121 V                              ; 0.03 V                               ; 4.64e-10 s                  ; 4.47e-10 s                  ; Yes                        ; Yes                        ; 2.32 V                      ; 6.92e-07 V                  ; 2.35 V             ; -0.00996 V         ; 0.121 V                             ; 0.03 V                              ; 4.64e-10 s                 ; 4.47e-10 s                 ; Yes                       ; Yes                       ;
; HEX5[2]       ; 2.5 V        ; 0 s                 ; 0 s                 ; 2.32 V                       ; 6.92e-07 V                   ; 2.35 V              ; -0.00996 V          ; 0.121 V                              ; 0.03 V                               ; 4.64e-10 s                  ; 4.47e-10 s                  ; Yes                        ; Yes                        ; 2.32 V                      ; 6.92e-07 V                  ; 2.35 V             ; -0.00996 V         ; 0.121 V                             ; 0.03 V                              ; 4.64e-10 s                 ; 4.47e-10 s                 ; Yes                       ; Yes                       ;
; HEX5[1]       ; 2.5 V        ; 0 s                 ; 0 s                 ; 2.32 V                       ; 6.92e-07 V                   ; 2.35 V              ; -0.00996 V          ; 0.121 V                              ; 0.03 V                               ; 4.64e-10 s                  ; 4.47e-10 s                  ; Yes                        ; Yes                        ; 2.32 V                      ; 6.92e-07 V                  ; 2.35 V             ; -0.00996 V         ; 0.121 V                             ; 0.03 V                              ; 4.64e-10 s                 ; 4.47e-10 s                 ; Yes                       ; Yes                       ;
; HEX5[0]       ; 2.5 V        ; 0 s                 ; 0 s                 ; 2.32 V                       ; 6.92e-07 V                   ; 2.35 V              ; -0.00996 V          ; 0.121 V                              ; 0.03 V                               ; 4.64e-10 s                  ; 4.47e-10 s                  ; Yes                        ; Yes                        ; 2.32 V                      ; 6.92e-07 V                  ; 2.35 V             ; -0.00996 V         ; 0.121 V                             ; 0.03 V                              ; 4.64e-10 s                 ; 4.47e-10 s                 ; Yes                       ; Yes                       ;
; HEX7[6]       ; 2.5 V        ; 0 s                 ; 0 s                 ; 2.32 V                       ; 6.92e-07 V                   ; 2.35 V              ; -0.00996 V          ; 0.121 V                              ; 0.03 V                               ; 4.64e-10 s                  ; 4.47e-10 s                  ; Yes                        ; Yes                        ; 2.32 V                      ; 6.92e-07 V                  ; 2.35 V             ; -0.00996 V         ; 0.121 V                             ; 0.03 V                              ; 4.64e-10 s                 ; 4.47e-10 s                 ; Yes                       ; Yes                       ;
; HEX7[5]       ; 2.5 V        ; 0 s                 ; 0 s                 ; 2.32 V                       ; 6.92e-07 V                   ; 2.35 V              ; -0.00996 V          ; 0.121 V                              ; 0.03 V                               ; 4.64e-10 s                  ; 4.47e-10 s                  ; Yes                        ; Yes                        ; 2.32 V                      ; 6.92e-07 V                  ; 2.35 V             ; -0.00996 V         ; 0.121 V                             ; 0.03 V                              ; 4.64e-10 s                 ; 4.47e-10 s                 ; Yes                       ; Yes                       ;
; HEX7[4]       ; 2.5 V        ; 0 s                 ; 0 s                 ; 2.32 V                       ; 6.92e-07 V                   ; 2.35 V              ; -0.00996 V          ; 0.121 V                              ; 0.03 V                               ; 4.64e-10 s                  ; 4.47e-10 s                  ; Yes                        ; Yes                        ; 2.32 V                      ; 6.92e-07 V                  ; 2.35 V             ; -0.00996 V         ; 0.121 V                             ; 0.03 V                              ; 4.64e-10 s                 ; 4.47e-10 s                 ; Yes                       ; Yes                       ;
; HEX7[3]       ; 2.5 V        ; 0 s                 ; 0 s                 ; 2.32 V                       ; 6.92e-07 V                   ; 2.35 V              ; -0.00996 V          ; 0.121 V                              ; 0.03 V                               ; 4.64e-10 s                  ; 4.47e-10 s                  ; Yes                        ; Yes                        ; 2.32 V                      ; 6.92e-07 V                  ; 2.35 V             ; -0.00996 V         ; 0.121 V                             ; 0.03 V                              ; 4.64e-10 s                 ; 4.47e-10 s                 ; Yes                       ; Yes                       ;
; HEX7[2]       ; 2.5 V        ; 0 s                 ; 0 s                 ; 2.32 V                       ; 6.92e-07 V                   ; 2.35 V              ; -0.00996 V          ; 0.121 V                              ; 0.03 V                               ; 4.64e-10 s                  ; 4.47e-10 s                  ; Yes                        ; Yes                        ; 2.32 V                      ; 6.92e-07 V                  ; 2.35 V             ; -0.00996 V         ; 0.121 V                             ; 0.03 V                              ; 4.64e-10 s                 ; 4.47e-10 s                 ; Yes                       ; Yes                       ;
; HEX7[1]       ; 2.5 V        ; 0 s                 ; 0 s                 ; 2.32 V                       ; 6.92e-07 V                   ; 2.35 V              ; -0.00996 V          ; 0.121 V                              ; 0.03 V                               ; 4.64e-10 s                  ; 4.47e-10 s                  ; Yes                        ; Yes                        ; 2.32 V                      ; 6.92e-07 V                  ; 2.35 V             ; -0.00996 V         ; 0.121 V                             ; 0.03 V                              ; 4.64e-10 s                 ; 4.47e-10 s                 ; Yes                       ; Yes                       ;
; HEX7[0]       ; 2.5 V        ; 0 s                 ; 0 s                 ; 2.32 V                       ; 6.92e-07 V                   ; 2.35 V              ; -0.00996 V          ; 0.121 V                              ; 0.03 V                               ; 4.64e-10 s                  ; 4.47e-10 s                  ; Yes                        ; Yes                        ; 2.32 V                      ; 6.92e-07 V                  ; 2.35 V             ; -0.00996 V         ; 0.121 V                             ; 0.03 V                              ; 4.64e-10 s                 ; 4.47e-10 s                 ; Yes                       ; Yes                       ;
; LEDG[0]       ; 2.5 V        ; 0 s                 ; 0 s                 ; 2.32 V                       ; 4.67e-07 V                   ; 2.35 V              ; -0.00942 V          ; 0.116 V                              ; 0.033 V                              ; 6.66e-10 s                  ; 6.27e-10 s                  ; Yes                        ; Yes                        ; 2.32 V                      ; 4.67e-07 V                  ; 2.35 V             ; -0.00942 V         ; 0.116 V                             ; 0.033 V                             ; 6.66e-10 s                 ; 6.27e-10 s                 ; Yes                       ; Yes                       ;
; LEDG[1]       ; 2.5 V        ; 0 s                 ; 0 s                 ; 2.32 V                       ; 4.67e-07 V                   ; 2.35 V              ; -0.00942 V          ; 0.116 V                              ; 0.033 V                              ; 6.66e-10 s                  ; 6.27e-10 s                  ; Yes                        ; Yes                        ; 2.32 V                      ; 4.67e-07 V                  ; 2.35 V             ; -0.00942 V         ; 0.116 V                             ; 0.033 V                             ; 6.66e-10 s                 ; 6.27e-10 s                 ; Yes                       ; Yes                       ;
; LEDG[2]       ; 2.5 V        ; 0 s                 ; 0 s                 ; 2.32 V                       ; 4.67e-07 V                   ; 2.35 V              ; -0.00942 V          ; 0.116 V                              ; 0.033 V                              ; 6.66e-10 s                  ; 6.27e-10 s                  ; Yes                        ; Yes                        ; 2.32 V                      ; 4.67e-07 V                  ; 2.35 V             ; -0.00942 V         ; 0.116 V                             ; 0.033 V                             ; 6.66e-10 s                 ; 6.27e-10 s                 ; Yes                       ; Yes                       ;
; LEDG[3]       ; 2.5 V        ; 0 s                 ; 0 s                 ; 2.32 V                       ; 4.67e-07 V                   ; 2.35 V              ; -0.00942 V          ; 0.116 V                              ; 0.033 V                              ; 6.66e-10 s                  ; 6.27e-10 s                  ; Yes                        ; Yes                        ; 2.32 V                      ; 4.67e-07 V                  ; 2.35 V             ; -0.00942 V         ; 0.116 V                             ; 0.033 V                             ; 6.66e-10 s                 ; 6.27e-10 s                 ; Yes                       ; Yes                       ;
; LEDG[4]       ; 2.5 V        ; 0 s                 ; 0 s                 ; 2.32 V                       ; 4.67e-07 V                   ; 2.35 V              ; -0.00942 V          ; 0.116 V                              ; 0.033 V                              ; 6.66e-10 s                  ; 6.27e-10 s                  ; Yes                        ; Yes                        ; 2.32 V                      ; 4.67e-07 V                  ; 2.35 V             ; -0.00942 V         ; 0.116 V                             ; 0.033 V                             ; 6.66e-10 s                 ; 6.27e-10 s                 ; Yes                       ; Yes                       ;
; LEDG[5]       ; 2.5 V        ; 0 s                 ; 0 s                 ; 2.32 V                       ; 4.67e-07 V                   ; 2.35 V              ; -0.00942 V          ; 0.116 V                              ; 0.033 V                              ; 6.66e-10 s                  ; 6.27e-10 s                  ; Yes                        ; Yes                        ; 2.32 V                      ; 4.67e-07 V                  ; 2.35 V             ; -0.00942 V         ; 0.116 V                             ; 0.033 V                             ; 6.66e-10 s                 ; 6.27e-10 s                 ; Yes                       ; Yes                       ;
; LEDG[6]       ; 2.5 V        ; 0 s                 ; 0 s                 ; 2.32 V                       ; 4.67e-07 V                   ; 2.36 V              ; -0.00552 V          ; 0.11 V                               ; 0.007 V                              ; 4.54e-10 s                  ; 4.35e-10 s                  ; Yes                        ; Yes                        ; 2.32 V                      ; 4.67e-07 V                  ; 2.36 V             ; -0.00552 V         ; 0.11 V                              ; 0.007 V                             ; 4.54e-10 s                 ; 4.35e-10 s                 ; Yes                       ; Yes                       ;
; LEDG[7]       ; 2.5 V        ; 0 s                 ; 0 s                 ; 2.32 V                       ; 4.67e-07 V                   ; 2.35 V              ; -0.00942 V          ; 0.116 V                              ; 0.033 V                              ; 6.66e-10 s                  ; 6.27e-10 s                  ; Yes                        ; Yes                        ; 2.32 V                      ; 4.67e-07 V                  ; 2.35 V             ; -0.00942 V         ; 0.116 V                             ; 0.033 V                             ; 6.66e-10 s                 ; 6.27e-10 s                 ; Yes                       ; Yes                       ;
; LEDG[8]       ; 2.5 V        ; 0 s                 ; 0 s                 ; 2.32 V                       ; 4.67e-07 V                   ; 2.35 V              ; -0.00942 V          ; 0.116 V                              ; 0.033 V                              ; 6.66e-10 s                  ; 6.27e-10 s                  ; Yes                        ; Yes                        ; 2.32 V                      ; 4.67e-07 V                  ; 2.35 V             ; -0.00942 V         ; 0.116 V                             ; 0.033 V                             ; 6.66e-10 s                 ; 6.27e-10 s                 ; Yes                       ; Yes                       ;
; LEDR[0]       ; 2.5 V        ; 0 s                 ; 0 s                 ; 2.32 V                       ; 4.67e-07 V                   ; 2.35 V              ; -0.00942 V          ; 0.116 V                              ; 0.033 V                              ; 6.66e-10 s                  ; 6.27e-10 s                  ; Yes                        ; Yes                        ; 2.32 V                      ; 4.67e-07 V                  ; 2.35 V             ; -0.00942 V         ; 0.116 V                             ; 0.033 V                             ; 6.66e-10 s                 ; 6.27e-10 s                 ; Yes                       ; Yes                       ;
; LEDR[1]       ; 2.5 V        ; 0 s                 ; 0 s                 ; 2.32 V                       ; 4.67e-07 V                   ; 2.35 V              ; -0.00942 V          ; 0.116 V                              ; 0.033 V                              ; 6.66e-10 s                  ; 6.27e-10 s                  ; Yes                        ; Yes                        ; 2.32 V                      ; 4.67e-07 V                  ; 2.35 V             ; -0.00942 V         ; 0.116 V                             ; 0.033 V                             ; 6.66e-10 s                 ; 6.27e-10 s                 ; Yes                       ; Yes                       ;
; LEDR[2]       ; 2.5 V        ; 0 s                 ; 0 s                 ; 2.32 V                       ; 4.67e-07 V                   ; 2.35 V              ; -0.00942 V          ; 0.116 V                              ; 0.033 V                              ; 6.66e-10 s                  ; 6.27e-10 s                  ; Yes                        ; Yes                        ; 2.32 V                      ; 4.67e-07 V                  ; 2.35 V             ; -0.00942 V         ; 0.116 V                             ; 0.033 V                             ; 6.66e-10 s                 ; 6.27e-10 s                 ; Yes                       ; Yes                       ;
; LEDR[3]       ; 2.5 V        ; 0 s                 ; 0 s                 ; 2.32 V                       ; 4.67e-07 V                   ; 2.35 V              ; -0.00942 V          ; 0.116 V                              ; 0.033 V                              ; 6.66e-10 s                  ; 6.27e-10 s                  ; Yes                        ; Yes                        ; 2.32 V                      ; 4.67e-07 V                  ; 2.35 V             ; -0.00942 V         ; 0.116 V                             ; 0.033 V                             ; 6.66e-10 s                 ; 6.27e-10 s                 ; Yes                       ; Yes                       ;
; LEDR[4]       ; 2.5 V        ; 0 s                 ; 0 s                 ; 2.32 V                       ; 4.67e-07 V                   ; 2.35 V              ; -0.00942 V          ; 0.116 V                              ; 0.033 V                              ; 6.66e-10 s                  ; 6.27e-10 s                  ; Yes                        ; Yes                        ; 2.32 V                      ; 4.67e-07 V                  ; 2.35 V             ; -0.00942 V         ; 0.116 V                             ; 0.033 V                             ; 6.66e-10 s                 ; 6.27e-10 s                 ; Yes                       ; Yes                       ;
; LEDR[5]       ; 2.5 V        ; 0 s                 ; 0 s                 ; 2.32 V                       ; 4.67e-07 V                   ; 2.35 V              ; -0.00942 V          ; 0.116 V                              ; 0.033 V                              ; 6.66e-10 s                  ; 6.27e-10 s                  ; Yes                        ; Yes                        ; 2.32 V                      ; 4.67e-07 V                  ; 2.35 V             ; -0.00942 V         ; 0.116 V                             ; 0.033 V                             ; 6.66e-10 s                 ; 6.27e-10 s                 ; Yes                       ; Yes                       ;
; LEDR[6]       ; 2.5 V        ; 0 s                 ; 0 s                 ; 2.32 V                       ; 4.67e-07 V                   ; 2.35 V              ; -0.00942 V          ; 0.116 V                              ; 0.033 V                              ; 6.66e-10 s                  ; 6.27e-10 s                  ; Yes                        ; Yes                        ; 2.32 V                      ; 4.67e-07 V                  ; 2.35 V             ; -0.00942 V         ; 0.116 V                             ; 0.033 V                             ; 6.66e-10 s                 ; 6.27e-10 s                 ; Yes                       ; Yes                       ;
; LEDR[7]       ; 2.5 V        ; 0 s                 ; 0 s                 ; 2.32 V                       ; 4.67e-07 V                   ; 2.35 V              ; -0.00942 V          ; 0.116 V                              ; 0.033 V                              ; 6.66e-10 s                  ; 6.27e-10 s                  ; Yes                        ; Yes                        ; 2.32 V                      ; 4.67e-07 V                  ; 2.35 V             ; -0.00942 V         ; 0.116 V                             ; 0.033 V                             ; 6.66e-10 s                 ; 6.27e-10 s                 ; Yes                       ; Yes                       ;
; LEDR[8]       ; 2.5 V        ; 0 s                 ; 0 s                 ; 2.32 V                       ; 4.67e-07 V                   ; 2.35 V              ; -0.00942 V          ; 0.116 V                              ; 0.033 V                              ; 6.66e-10 s                  ; 6.27e-10 s                  ; Yes                        ; Yes                        ; 2.32 V                      ; 4.67e-07 V                  ; 2.35 V             ; -0.00942 V         ; 0.116 V                             ; 0.033 V                             ; 6.66e-10 s                 ; 6.27e-10 s                 ; Yes                       ; Yes                       ;
; LEDR[9]       ; 2.5 V        ; 0 s                 ; 0 s                 ; 2.32 V                       ; 4.67e-07 V                   ; 2.35 V              ; -0.00942 V          ; 0.116 V                              ; 0.033 V                              ; 6.66e-10 s                  ; 6.27e-10 s                  ; Yes                        ; Yes                        ; 2.32 V                      ; 4.67e-07 V                  ; 2.35 V             ; -0.00942 V         ; 0.116 V                             ; 0.033 V                             ; 6.66e-10 s                 ; 6.27e-10 s                 ; Yes                       ; Yes                       ;
; LEDR[10]      ; 2.5 V        ; 0 s                 ; 0 s                 ; 2.32 V                       ; 4.67e-07 V                   ; 2.35 V              ; -0.00942 V          ; 0.116 V                              ; 0.033 V                              ; 6.66e-10 s                  ; 6.27e-10 s                  ; Yes                        ; Yes                        ; 2.32 V                      ; 4.67e-07 V                  ; 2.35 V             ; -0.00942 V         ; 0.116 V                             ; 0.033 V                             ; 6.66e-10 s                 ; 6.27e-10 s                 ; Yes                       ; Yes                       ;
; LEDR[11]      ; 2.5 V        ; 0 s                 ; 0 s                 ; 2.32 V                       ; 4.67e-07 V                   ; 2.35 V              ; -0.00942 V          ; 0.116 V                              ; 0.033 V                              ; 6.66e-10 s                  ; 6.27e-10 s                  ; Yes                        ; Yes                        ; 2.32 V                      ; 4.67e-07 V                  ; 2.35 V             ; -0.00942 V         ; 0.116 V                             ; 0.033 V                             ; 6.66e-10 s                 ; 6.27e-10 s                 ; Yes                       ; Yes                       ;
; LEDR[12]      ; 2.5 V        ; 0 s                 ; 0 s                 ; 2.32 V                       ; 4.67e-07 V                   ; 2.35 V              ; -0.00942 V          ; 0.116 V                              ; 0.033 V                              ; 6.66e-10 s                  ; 6.27e-10 s                  ; Yes                        ; Yes                        ; 2.32 V                      ; 4.67e-07 V                  ; 2.35 V             ; -0.00942 V         ; 0.116 V                             ; 0.033 V                             ; 6.66e-10 s                 ; 6.27e-10 s                 ; Yes                       ; Yes                       ;
; LEDR[13]      ; 2.5 V        ; 0 s                 ; 0 s                 ; 2.32 V                       ; 4.67e-07 V                   ; 2.35 V              ; -0.00942 V          ; 0.116 V                              ; 0.033 V                              ; 6.66e-10 s                  ; 6.27e-10 s                  ; Yes                        ; Yes                        ; 2.32 V                      ; 4.67e-07 V                  ; 2.35 V             ; -0.00942 V         ; 0.116 V                             ; 0.033 V                             ; 6.66e-10 s                 ; 6.27e-10 s                 ; Yes                       ; Yes                       ;
; LEDR[14]      ; 2.5 V        ; 0 s                 ; 0 s                 ; 2.32 V                       ; 4.67e-07 V                   ; 2.33 V              ; -0.00269 V          ; 0.13 V                               ; 0.055 V                              ; 3.54e-09 s                  ; 3.29e-09 s                  ; Yes                        ; Yes                        ; 2.32 V                      ; 4.67e-07 V                  ; 2.33 V             ; -0.00269 V         ; 0.13 V                              ; 0.055 V                             ; 3.54e-09 s                 ; 3.29e-09 s                 ; Yes                       ; Yes                       ;
; LEDR[15]      ; 2.5 V        ; 0 s                 ; 0 s                 ; 2.32 V                       ; 4.67e-07 V                   ; 2.33 V              ; -0.00269 V          ; 0.13 V                               ; 0.055 V                              ; 3.54e-09 s                  ; 3.29e-09 s                  ; Yes                        ; Yes                        ; 2.32 V                      ; 4.67e-07 V                  ; 2.33 V             ; -0.00269 V         ; 0.13 V                              ; 0.055 V                             ; 3.54e-09 s                 ; 3.29e-09 s                 ; Yes                       ; Yes                       ;
; LEDR[16]      ; 2.5 V        ; 0 s                 ; 0 s                 ; 2.32 V                       ; 4.67e-07 V                   ; 2.35 V              ; -0.00942 V          ; 0.116 V                              ; 0.033 V                              ; 6.66e-10 s                  ; 6.27e-10 s                  ; Yes                        ; Yes                        ; 2.32 V                      ; 4.67e-07 V                  ; 2.35 V             ; -0.00942 V         ; 0.116 V                             ; 0.033 V                             ; 6.66e-10 s                 ; 6.27e-10 s                 ; Yes                       ; Yes                       ;
; LEDR[17]      ; 2.5 V        ; 0 s                 ; 0 s                 ; 2.32 V                       ; 4.67e-07 V                   ; 2.35 V              ; -0.00942 V          ; 0.116 V                              ; 0.033 V                              ; 6.66e-10 s                  ; 6.27e-10 s                  ; Yes                        ; Yes                        ; 2.32 V                      ; 4.67e-07 V                  ; 2.35 V             ; -0.00942 V         ; 0.116 V                             ; 0.033 V                             ; 6.66e-10 s                 ; 6.27e-10 s                 ; Yes                       ; Yes                       ;
; GPIO[7]       ; 3.3-V LVTTL  ; 0 s                 ; 0 s                 ; 3.08 V                       ; 1.9e-06 V                    ; 3.11 V              ; -0.0625 V           ; 0.224 V                              ; 0.17 V                               ; 6.86e-10 s                  ; 6.31e-10 s                  ; Yes                        ; No                         ; 3.08 V                      ; 1.9e-06 V                   ; 3.11 V             ; -0.0625 V          ; 0.224 V                             ; 0.17 V                              ; 6.86e-10 s                 ; 6.31e-10 s                 ; Yes                       ; No                        ;
; GPIO[8]       ; 3.3-V LVTTL  ; 0 s                 ; 0 s                 ; 3.08 V                       ; 1.9e-06 V                    ; 3.11 V              ; -0.0625 V           ; 0.224 V                              ; 0.17 V                               ; 6.86e-10 s                  ; 6.31e-10 s                  ; Yes                        ; No                         ; 3.08 V                      ; 1.9e-06 V                   ; 3.11 V             ; -0.0625 V          ; 0.224 V                             ; 0.17 V                              ; 6.86e-10 s                 ; 6.31e-10 s                 ; Yes                       ; No                        ;
; GPIO[9]       ; 3.3-V LVTTL  ; 0 s                 ; 0 s                 ; 3.08 V                       ; 1.9e-06 V                    ; 3.08 V              ; -0.00581 V          ; 0.138 V                              ; 0.22 V                               ; 5.55e-09 s                  ; 4.38e-09 s                  ; Yes                        ; Yes                        ; 3.08 V                      ; 1.9e-06 V                   ; 3.08 V             ; -0.00581 V         ; 0.138 V                             ; 0.22 V                              ; 5.55e-09 s                 ; 4.38e-09 s                 ; Yes                       ; Yes                       ;
; GPIO[10]      ; 3.3-V LVTTL  ; 0 s                 ; 0 s                 ; 3.08 V                       ; 1.9e-06 V                    ; 3.11 V              ; -0.0625 V           ; 0.224 V                              ; 0.17 V                               ; 6.86e-10 s                  ; 6.31e-10 s                  ; Yes                        ; No                         ; 3.08 V                      ; 1.9e-06 V                   ; 3.11 V             ; -0.0625 V          ; 0.224 V                             ; 0.17 V                              ; 6.86e-10 s                 ; 6.31e-10 s                 ; Yes                       ; No                        ;
; GPIO[11]      ; 3.3-V LVTTL  ; 0 s                 ; 0 s                 ; 3.08 V                       ; 1.9e-06 V                    ; 3.11 V              ; -0.0625 V           ; 0.224 V                              ; 0.17 V                               ; 6.86e-10 s                  ; 6.31e-10 s                  ; Yes                        ; No                         ; 3.08 V                      ; 1.9e-06 V                   ; 3.11 V             ; -0.0625 V          ; 0.224 V                             ; 0.17 V                              ; 6.86e-10 s                 ; 6.31e-10 s                 ; Yes                       ; No                        ;
; GPIO[12]      ; 3.3-V LVTTL  ; 0 s                 ; 0 s                 ; 3.08 V                       ; 1.9e-06 V                    ; 3.11 V              ; -0.0625 V           ; 0.224 V                              ; 0.17 V                               ; 6.86e-10 s                  ; 6.31e-10 s                  ; Yes                        ; No                         ; 3.08 V                      ; 1.9e-06 V                   ; 3.11 V             ; -0.0625 V          ; 0.224 V                             ; 0.17 V                              ; 6.86e-10 s                 ; 6.31e-10 s                 ; Yes                       ; No                        ;
; GPIO[13]      ; 3.3-V LVTTL  ; 0 s                 ; 0 s                 ; 3.08 V                       ; 1.9e-06 V                    ; 3.11 V              ; -0.0625 V           ; 0.224 V                              ; 0.17 V                               ; 6.86e-10 s                  ; 6.31e-10 s                  ; Yes                        ; No                         ; 3.08 V                      ; 1.9e-06 V                   ; 3.11 V             ; -0.0625 V          ; 0.224 V                             ; 0.17 V                              ; 6.86e-10 s                 ; 6.31e-10 s                 ; Yes                       ; No                        ;
; GPIO[14]      ; 3.3-V LVTTL  ; 0 s                 ; 0 s                 ; 3.08 V                       ; 1.9e-06 V                    ; 3.11 V              ; -0.0625 V           ; 0.224 V                              ; 0.17 V                               ; 6.86e-10 s                  ; 6.31e-10 s                  ; Yes                        ; No                         ; 3.08 V                      ; 1.9e-06 V                   ; 3.11 V             ; -0.0625 V          ; 0.224 V                             ; 0.17 V                              ; 6.86e-10 s                 ; 6.31e-10 s                 ; Yes                       ; No                        ;
; GPIO[15]      ; 3.3-V LVTTL  ; 0 s                 ; 0 s                 ; 3.08 V                       ; 1.9e-06 V                    ; 3.11 V              ; -0.0625 V           ; 0.224 V                              ; 0.17 V                               ; 6.86e-10 s                  ; 6.31e-10 s                  ; Yes                        ; No                         ; 3.08 V                      ; 1.9e-06 V                   ; 3.11 V             ; -0.0625 V          ; 0.224 V                             ; 0.17 V                              ; 6.86e-10 s                 ; 6.31e-10 s                 ; Yes                       ; No                        ;
; GPIO[16]      ; 3.3-V LVTTL  ; 0 s                 ; 0 s                 ; 3.08 V                       ; 1.9e-06 V                    ; 3.11 V              ; -0.0625 V           ; 0.224 V                              ; 0.17 V                               ; 6.86e-10 s                  ; 6.31e-10 s                  ; Yes                        ; No                         ; 3.08 V                      ; 1.9e-06 V                   ; 3.11 V             ; -0.0625 V          ; 0.224 V                             ; 0.17 V                              ; 6.86e-10 s                 ; 6.31e-10 s                 ; Yes                       ; No                        ;
; GPIO[17]      ; 3.3-V LVTTL  ; 0 s                 ; 0 s                 ; 3.08 V                       ; 1.9e-06 V                    ; 3.11 V              ; -0.0625 V           ; 0.224 V                              ; 0.17 V                               ; 6.86e-10 s                  ; 6.31e-10 s                  ; Yes                        ; No                         ; 3.08 V                      ; 1.9e-06 V                   ; 3.11 V             ; -0.0625 V          ; 0.224 V                             ; 0.17 V                              ; 6.86e-10 s                 ; 6.31e-10 s                 ; Yes                       ; No                        ;
; GPIO[18]      ; 3.3-V LVTTL  ; 0 s                 ; 0 s                 ; 3.08 V                       ; 1.9e-06 V                    ; 3.11 V              ; -0.0625 V           ; 0.224 V                              ; 0.17 V                               ; 6.86e-10 s                  ; 6.31e-10 s                  ; Yes                        ; No                         ; 3.08 V                      ; 1.9e-06 V                   ; 3.11 V             ; -0.0625 V          ; 0.224 V                             ; 0.17 V                              ; 6.86e-10 s                 ; 6.31e-10 s                 ; Yes                       ; No                        ;
; GPIO[19]      ; 3.3-V LVTTL  ; 0 s                 ; 0 s                 ; 3.08 V                       ; 1.9e-06 V                    ; 3.11 V              ; -0.0625 V           ; 0.224 V                              ; 0.17 V                               ; 6.86e-10 s                  ; 6.31e-10 s                  ; Yes                        ; No                         ; 3.08 V                      ; 1.9e-06 V                   ; 3.11 V             ; -0.0625 V          ; 0.224 V                             ; 0.17 V                              ; 6.86e-10 s                 ; 6.31e-10 s                 ; Yes                       ; No                        ;
; GPIO[20]      ; 3.3-V LVTTL  ; 0 s                 ; 0 s                 ; 3.08 V                       ; 1.9e-06 V                    ; 3.11 V              ; -0.0625 V           ; 0.224 V                              ; 0.17 V                               ; 6.86e-10 s                  ; 6.31e-10 s                  ; Yes                        ; No                         ; 3.08 V                      ; 1.9e-06 V                   ; 3.11 V             ; -0.0625 V          ; 0.224 V                             ; 0.17 V                              ; 6.86e-10 s                 ; 6.31e-10 s                 ; Yes                       ; No                        ;
; GPIO[21]      ; 3.3-V LVTTL  ; 0 s                 ; 0 s                 ; 3.08 V                       ; 1.9e-06 V                    ; 3.11 V              ; -0.0625 V           ; 0.224 V                              ; 0.17 V                               ; 6.86e-10 s                  ; 6.31e-10 s                  ; Yes                        ; No                         ; 3.08 V                      ; 1.9e-06 V                   ; 3.11 V             ; -0.0625 V          ; 0.224 V                             ; 0.17 V                              ; 6.86e-10 s                 ; 6.31e-10 s                 ; Yes                       ; No                        ;
; GPIO[22]      ; 3.3-V LVTTL  ; 0 s                 ; 0 s                 ; 3.08 V                       ; 1.9e-06 V                    ; 3.11 V              ; -0.0625 V           ; 0.224 V                              ; 0.17 V                               ; 6.86e-10 s                  ; 6.31e-10 s                  ; Yes                        ; No                         ; 3.08 V                      ; 1.9e-06 V                   ; 3.11 V             ; -0.0625 V          ; 0.224 V                             ; 0.17 V                              ; 6.86e-10 s                 ; 6.31e-10 s                 ; Yes                       ; No                        ;
; GPIO[23]      ; 3.3-V LVTTL  ; 0 s                 ; 0 s                 ; 3.08 V                       ; 1.9e-06 V                    ; 3.11 V              ; -0.0625 V           ; 0.224 V                              ; 0.17 V                               ; 6.86e-10 s                  ; 6.31e-10 s                  ; Yes                        ; No                         ; 3.08 V                      ; 1.9e-06 V                   ; 3.11 V             ; -0.0625 V          ; 0.224 V                             ; 0.17 V                              ; 6.86e-10 s                 ; 6.31e-10 s                 ; Yes                       ; No                        ;
; GPIO[24]      ; 3.3-V LVTTL  ; 0 s                 ; 0 s                 ; 3.08 V                       ; 1.9e-06 V                    ; 3.11 V              ; -0.0625 V           ; 0.224 V                              ; 0.17 V                               ; 6.86e-10 s                  ; 6.31e-10 s                  ; Yes                        ; No                         ; 3.08 V                      ; 1.9e-06 V                   ; 3.11 V             ; -0.0625 V          ; 0.224 V                             ; 0.17 V                              ; 6.86e-10 s                 ; 6.31e-10 s                 ; Yes                       ; No                        ;
; GPIO[25]      ; 3.3-V LVTTL  ; 0 s                 ; 0 s                 ; 3.08 V                       ; 1.9e-06 V                    ; 3.11 V              ; -0.0625 V           ; 0.224 V                              ; 0.17 V                               ; 6.86e-10 s                  ; 6.31e-10 s                  ; Yes                        ; No                         ; 3.08 V                      ; 1.9e-06 V                   ; 3.11 V             ; -0.0625 V          ; 0.224 V                             ; 0.17 V                              ; 6.86e-10 s                 ; 6.31e-10 s                 ; Yes                       ; No                        ;
; GPIO[26]      ; 3.3-V LVTTL  ; 0 s                 ; 0 s                 ; 3.08 V                       ; 1.9e-06 V                    ; 3.11 V              ; -0.0625 V           ; 0.224 V                              ; 0.17 V                               ; 6.86e-10 s                  ; 6.31e-10 s                  ; Yes                        ; No                         ; 3.08 V                      ; 1.9e-06 V                   ; 3.11 V             ; -0.0625 V          ; 0.224 V                             ; 0.17 V                              ; 6.86e-10 s                 ; 6.31e-10 s                 ; Yes                       ; No                        ;
; GPIO[27]      ; 3.3-V LVTTL  ; 0 s                 ; 0 s                 ; 3.08 V                       ; 1.9e-06 V                    ; 3.11 V              ; -0.0625 V           ; 0.224 V                              ; 0.17 V                               ; 6.86e-10 s                  ; 6.31e-10 s                  ; Yes                        ; No                         ; 3.08 V                      ; 1.9e-06 V                   ; 3.11 V             ; -0.0625 V          ; 0.224 V                             ; 0.17 V                              ; 6.86e-10 s                 ; 6.31e-10 s                 ; Yes                       ; No                        ;
; GPIO[28]      ; 3.3-V LVTTL  ; 0 s                 ; 0 s                 ; 3.08 V                       ; 1.9e-06 V                    ; 3.11 V              ; -0.0625 V           ; 0.224 V                              ; 0.17 V                               ; 6.86e-10 s                  ; 6.31e-10 s                  ; Yes                        ; No                         ; 3.08 V                      ; 1.9e-06 V                   ; 3.11 V             ; -0.0625 V          ; 0.224 V                             ; 0.17 V                              ; 6.86e-10 s                 ; 6.31e-10 s                 ; Yes                       ; No                        ;
; GPIO[29]      ; 3.3-V LVTTL  ; 0 s                 ; 0 s                 ; 3.08 V                       ; 1.9e-06 V                    ; 3.11 V              ; -0.0625 V           ; 0.224 V                              ; 0.17 V                               ; 6.86e-10 s                  ; 6.31e-10 s                  ; Yes                        ; No                         ; 3.08 V                      ; 1.9e-06 V                   ; 3.11 V             ; -0.0625 V          ; 0.224 V                             ; 0.17 V                              ; 6.86e-10 s                 ; 6.31e-10 s                 ; Yes                       ; No                        ;
; GPIO[30]      ; 3.3-V LVTTL  ; 0 s                 ; 0 s                 ; 3.08 V                       ; 1.9e-06 V                    ; 3.11 V              ; -0.0625 V           ; 0.224 V                              ; 0.17 V                               ; 6.86e-10 s                  ; 6.31e-10 s                  ; Yes                        ; No                         ; 3.08 V                      ; 1.9e-06 V                   ; 3.11 V             ; -0.0625 V          ; 0.224 V                             ; 0.17 V                              ; 6.86e-10 s                 ; 6.31e-10 s                 ; Yes                       ; No                        ;
; GPIO[31]      ; 3.3-V LVTTL  ; 0 s                 ; 0 s                 ; 3.08 V                       ; 1.9e-06 V                    ; 3.11 V              ; -0.0625 V           ; 0.224 V                              ; 0.17 V                               ; 6.86e-10 s                  ; 6.31e-10 s                  ; Yes                        ; No                         ; 3.08 V                      ; 1.9e-06 V                   ; 3.11 V             ; -0.0625 V          ; 0.224 V                             ; 0.17 V                              ; 6.86e-10 s                 ; 6.31e-10 s                 ; Yes                       ; No                        ;
; GPIO[32]      ; 3.3-V LVTTL  ; 0 s                 ; 0 s                 ; 3.08 V                       ; 1.9e-06 V                    ; 3.11 V              ; -0.0625 V           ; 0.224 V                              ; 0.17 V                               ; 6.86e-10 s                  ; 6.31e-10 s                  ; Yes                        ; No                         ; 3.08 V                      ; 1.9e-06 V                   ; 3.11 V             ; -0.0625 V          ; 0.224 V                             ; 0.17 V                              ; 6.86e-10 s                 ; 6.31e-10 s                 ; Yes                       ; No                        ;
; GPIO[33]      ; 3.3-V LVTTL  ; 0 s                 ; 0 s                 ; 3.08 V                       ; 1.9e-06 V                    ; 3.11 V              ; -0.0625 V           ; 0.224 V                              ; 0.17 V                               ; 6.86e-10 s                  ; 6.31e-10 s                  ; Yes                        ; No                         ; 3.08 V                      ; 1.9e-06 V                   ; 3.11 V             ; -0.0625 V          ; 0.224 V                             ; 0.17 V                              ; 6.86e-10 s                 ; 6.31e-10 s                 ; Yes                       ; No                        ;
; GPIO[34]      ; 3.3-V LVTTL  ; 0 s                 ; 0 s                 ; 3.08 V                       ; 1.9e-06 V                    ; 3.11 V              ; -0.0625 V           ; 0.224 V                              ; 0.17 V                               ; 6.86e-10 s                  ; 6.31e-10 s                  ; Yes                        ; No                         ; 3.08 V                      ; 1.9e-06 V                   ; 3.11 V             ; -0.0625 V          ; 0.224 V                             ; 0.17 V                              ; 6.86e-10 s                 ; 6.31e-10 s                 ; Yes                       ; No                        ;
; GPIO[35]      ; 3.3-V LVTTL  ; 0 s                 ; 0 s                 ; 3.08 V                       ; 1.9e-06 V                    ; 3.11 V              ; -0.0625 V           ; 0.224 V                              ; 0.17 V                               ; 6.86e-10 s                  ; 6.31e-10 s                  ; Yes                        ; No                         ; 3.08 V                      ; 1.9e-06 V                   ; 3.11 V             ; -0.0625 V          ; 0.224 V                             ; 0.17 V                              ; 6.86e-10 s                 ; 6.31e-10 s                 ; Yes                       ; No                        ;
; GPIO[0]       ; 3.3-V LVTTL  ; 0 s                 ; 0 s                 ; 3.08 V                       ; 1.9e-06 V                    ; 3.08 V              ; -0.00581 V          ; 0.138 V                              ; 0.22 V                               ; 5.55e-09 s                  ; 4.38e-09 s                  ; Yes                        ; Yes                        ; 3.08 V                      ; 1.9e-06 V                   ; 3.08 V             ; -0.00581 V         ; 0.138 V                             ; 0.22 V                              ; 5.55e-09 s                 ; 4.38e-09 s                 ; Yes                       ; Yes                       ;
; GPIO[1]       ; 3.3-V LVTTL  ; 0 s                 ; 0 s                 ; 3.08 V                       ; 1.9e-06 V                    ; 3.11 V              ; -0.0625 V           ; 0.224 V                              ; 0.17 V                               ; 6.86e-10 s                  ; 6.31e-10 s                  ; Yes                        ; No                         ; 3.08 V                      ; 1.9e-06 V                   ; 3.11 V             ; -0.0625 V          ; 0.224 V                             ; 0.17 V                              ; 6.86e-10 s                 ; 6.31e-10 s                 ; Yes                       ; No                        ;
; GPIO[2]       ; 3.3-V LVTTL  ; 0 s                 ; 0 s                 ; 3.08 V                       ; 1.9e-06 V                    ; 3.11 V              ; -0.0625 V           ; 0.224 V                              ; 0.17 V                               ; 6.86e-10 s                  ; 6.31e-10 s                  ; Yes                        ; No                         ; 3.08 V                      ; 1.9e-06 V                   ; 3.11 V             ; -0.0625 V          ; 0.224 V                             ; 0.17 V                              ; 6.86e-10 s                 ; 6.31e-10 s                 ; Yes                       ; No                        ;
; GPIO[3]       ; 3.3-V LVTTL  ; 0 s                 ; 0 s                 ; 3.08 V                       ; 1.9e-06 V                    ; 3.11 V              ; -0.0625 V           ; 0.224 V                              ; 0.17 V                               ; 6.86e-10 s                  ; 6.31e-10 s                  ; Yes                        ; No                         ; 3.08 V                      ; 1.9e-06 V                   ; 3.11 V             ; -0.0625 V          ; 0.224 V                             ; 0.17 V                              ; 6.86e-10 s                 ; 6.31e-10 s                 ; Yes                       ; No                        ;
; GPIO[4]       ; 3.3-V LVTTL  ; 0 s                 ; 0 s                 ; 3.08 V                       ; 1.9e-06 V                    ; 3.11 V              ; -0.0625 V           ; 0.224 V                              ; 0.17 V                               ; 6.86e-10 s                  ; 6.31e-10 s                  ; Yes                        ; No                         ; 3.08 V                      ; 1.9e-06 V                   ; 3.11 V             ; -0.0625 V          ; 0.224 V                             ; 0.17 V                              ; 6.86e-10 s                 ; 6.31e-10 s                 ; Yes                       ; No                        ;
; GPIO[5]       ; 3.3-V LVTTL  ; 0 s                 ; 0 s                 ; 3.08 V                       ; 1.9e-06 V                    ; 3.11 V              ; -0.0625 V           ; 0.224 V                              ; 0.17 V                               ; 6.86e-10 s                  ; 6.31e-10 s                  ; Yes                        ; No                         ; 3.08 V                      ; 1.9e-06 V                   ; 3.11 V             ; -0.0625 V          ; 0.224 V                             ; 0.17 V                              ; 6.86e-10 s                 ; 6.31e-10 s                 ; Yes                       ; No                        ;
; GPIO[6]       ; 3.3-V LVTTL  ; 0 s                 ; 0 s                 ; 3.08 V                       ; 1.9e-06 V                    ; 3.11 V              ; -0.0625 V           ; 0.224 V                              ; 0.17 V                               ; 6.86e-10 s                  ; 6.31e-10 s                  ; Yes                        ; No                         ; 3.08 V                      ; 1.9e-06 V                   ; 3.11 V             ; -0.0625 V          ; 0.224 V                             ; 0.17 V                              ; 6.86e-10 s                 ; 6.31e-10 s                 ; Yes                       ; No                        ;
; FAN_CTRL      ; 2.5 V        ; 0 s                 ; 0 s                 ; 2.32 V                       ; 4.67e-07 V                   ; 2.35 V              ; -0.00942 V          ; 0.116 V                              ; 0.033 V                              ; 6.66e-10 s                  ; 6.27e-10 s                  ; Yes                        ; Yes                        ; 2.32 V                      ; 4.67e-07 V                  ; 2.35 V             ; -0.00942 V         ; 0.116 V                             ; 0.033 V                             ; 6.66e-10 s                 ; 6.27e-10 s                 ; Yes                       ; Yes                       ;
; ~ALTERA_NCEO~ ; 2.5 V        ; 0 s                 ; 0 s                 ; 2.32 V                       ; 4.56e-07 V                   ; 2.36 V              ; -0.0218 V           ; 0.05 V                               ; 0.038 V                              ; 2.27e-10 s                  ; 3.26e-10 s                  ; Yes                        ; Yes                        ; 2.32 V                      ; 4.56e-07 V                  ; 2.36 V             ; -0.0218 V          ; 0.05 V                              ; 0.038 V                             ; 2.27e-10 s                 ; 3.26e-10 s                 ; Yes                       ; Yes                       ;
; ~ALTERA_DCLK~ ; 2.5 V        ; 0 s                 ; 0 s                 ; 2.32 V                       ; 5.55e-07 V                   ; 2.35 V              ; -0.00881 V          ; 0.093 V                              ; 0.011 V                              ; 4.44e-10 s                  ; 3.77e-10 s                  ; Yes                        ; Yes                        ; 2.32 V                      ; 5.55e-07 V                  ; 2.35 V             ; -0.00881 V         ; 0.093 V                             ; 0.011 V                             ; 4.44e-10 s                 ; 3.77e-10 s                 ; Yes                       ; Yes                       ;
+---------------+--------------+---------------------+---------------------+------------------------------+------------------------------+---------------------+---------------------+--------------------------------------+--------------------------------------+-----------------------------+-----------------------------+----------------------------+----------------------------+-----------------------------+-----------------------------+--------------------+--------------------+-------------------------------------+-------------------------------------+----------------------------+----------------------------+---------------------------+---------------------------+


+--------------------------------------------------------------------------------------------------------------------------------------------------------------------------------------------------------------------------------------------------------------------------------------------------------------------------------------------------------------------------------------------------------------------------------------------------------------------------------------------------------------------------------------------------------------------------------------------------------------------------------------------------------------------------------------------+
; Signal Integrity Metrics (Fast 1200mv 0c Model)                                                                                                                                                                                                                                                                                                                                                                                                                                                                                                                                                                                                                                            ;
+---------------+--------------+---------------------+---------------------+------------------------------+------------------------------+---------------------+---------------------+--------------------------------------+--------------------------------------+-----------------------------+-----------------------------+----------------------------+----------------------------+-----------------------------+-----------------------------+--------------------+--------------------+-------------------------------------+-------------------------------------+----------------------------+----------------------------+---------------------------+---------------------------+
; Pin           ; I/O Standard ; Board Delay on Rise ; Board Delay on Fall ; Steady State Voh at FPGA Pin ; Steady State Vol at FPGA Pin ; Voh Max at FPGA Pin ; Vol Min at FPGA Pin ; Ringback Voltage on Rise at FPGA Pin ; Ringback Voltage on Fall at FPGA Pin ; 10-90 Rise Time at FPGA Pin ; 90-10 Fall Time at FPGA Pin ; Monotonic Rise at FPGA Pin ; Monotonic Fall at FPGA Pin ; Steady State Voh at Far-end ; Steady State Vol at Far-end ; Voh Max at Far-end ; Vol Min at Far-end ; Ringback Voltage on Rise at Far-end ; Ringback Voltage on Fall at Far-end ; 10-90 Rise Time at Far-end ; 90-10 Fall Time at Far-end ; Monotonic Rise at Far-end ; Monotonic Fall at Far-end ;
+---------------+--------------+---------------------+---------------------+------------------------------+------------------------------+---------------------+---------------------+--------------------------------------+--------------------------------------+-----------------------------+-----------------------------+----------------------------+----------------------------+-----------------------------+-----------------------------+--------------------+--------------------+-------------------------------------+-------------------------------------+----------------------------+----------------------------+---------------------------+---------------------------+
; HEX0[6]       ; 2.5 V        ; 0 s                 ; 0 s                 ; 2.62 V                       ; 4.05e-08 V                   ; 2.72 V              ; -0.0349 V           ; 0.173 V                              ; 0.1 V                                ; 2.72e-10 s                  ; 2.69e-10 s                  ; Yes                        ; Yes                        ; 2.62 V                      ; 4.05e-08 V                  ; 2.72 V             ; -0.0349 V          ; 0.173 V                             ; 0.1 V                               ; 2.72e-10 s                 ; 2.69e-10 s                 ; Yes                       ; Yes                       ;
; HEX0[5]       ; 2.5 V        ; 0 s                 ; 0 s                 ; 2.62 V                       ; 4.05e-08 V                   ; 2.72 V              ; -0.0349 V           ; 0.173 V                              ; 0.1 V                                ; 2.72e-10 s                  ; 2.69e-10 s                  ; Yes                        ; Yes                        ; 2.62 V                      ; 4.05e-08 V                  ; 2.72 V             ; -0.0349 V          ; 0.173 V                             ; 0.1 V                               ; 2.72e-10 s                 ; 2.69e-10 s                 ; Yes                       ; Yes                       ;
; HEX0[4]       ; 2.5 V        ; 0 s                 ; 0 s                 ; 2.62 V                       ; 4.05e-08 V                   ; 2.72 V              ; -0.0349 V           ; 0.173 V                              ; 0.1 V                                ; 2.72e-10 s                  ; 2.69e-10 s                  ; Yes                        ; Yes                        ; 2.62 V                      ; 4.05e-08 V                  ; 2.72 V             ; -0.0349 V          ; 0.173 V                             ; 0.1 V                               ; 2.72e-10 s                 ; 2.69e-10 s                 ; Yes                       ; Yes                       ;
; HEX0[3]       ; 2.5 V        ; 0 s                 ; 0 s                 ; 2.62 V                       ; 4.05e-08 V                   ; 2.72 V              ; -0.0349 V           ; 0.173 V                              ; 0.1 V                                ; 2.72e-10 s                  ; 2.69e-10 s                  ; Yes                        ; Yes                        ; 2.62 V                      ; 4.05e-08 V                  ; 2.72 V             ; -0.0349 V          ; 0.173 V                             ; 0.1 V                               ; 2.72e-10 s                 ; 2.69e-10 s                 ; Yes                       ; Yes                       ;
; HEX0[2]       ; 2.5 V        ; 0 s                 ; 0 s                 ; 2.62 V                       ; 4.05e-08 V                   ; 2.64 V              ; -0.0113 V           ; 0.208 V                              ; 0.179 V                              ; 2.38e-09 s                  ; 2.23e-09 s                  ; No                         ; Yes                        ; 2.62 V                      ; 4.05e-08 V                  ; 2.64 V             ; -0.0113 V          ; 0.208 V                             ; 0.179 V                             ; 2.38e-09 s                 ; 2.23e-09 s                 ; No                        ; Yes                       ;
; HEX0[1]       ; 2.5 V        ; 0 s                 ; 0 s                 ; 2.62 V                       ; 4.05e-08 V                   ; 2.72 V              ; -0.0349 V           ; 0.173 V                              ; 0.1 V                                ; 2.72e-10 s                  ; 2.69e-10 s                  ; Yes                        ; Yes                        ; 2.62 V                      ; 4.05e-08 V                  ; 2.72 V             ; -0.0349 V          ; 0.173 V                             ; 0.1 V                               ; 2.72e-10 s                 ; 2.69e-10 s                 ; Yes                       ; Yes                       ;
; HEX0[0]       ; 2.5 V        ; 0 s                 ; 0 s                 ; 2.62 V                       ; 4.05e-08 V                   ; 2.72 V              ; -0.0349 V           ; 0.173 V                              ; 0.1 V                                ; 2.72e-10 s                  ; 2.69e-10 s                  ; Yes                        ; Yes                        ; 2.62 V                      ; 4.05e-08 V                  ; 2.72 V             ; -0.0349 V          ; 0.173 V                             ; 0.1 V                               ; 2.72e-10 s                 ; 2.69e-10 s                 ; Yes                       ; Yes                       ;
; HEX1[6]       ; 2.5 V        ; 0 s                 ; 0 s                 ; 2.62 V                       ; 4.05e-08 V                   ; 2.72 V              ; -0.0349 V           ; 0.173 V                              ; 0.1 V                                ; 2.72e-10 s                  ; 2.69e-10 s                  ; Yes                        ; Yes                        ; 2.62 V                      ; 4.05e-08 V                  ; 2.72 V             ; -0.0349 V          ; 0.173 V                             ; 0.1 V                               ; 2.72e-10 s                 ; 2.69e-10 s                 ; Yes                       ; Yes                       ;
; HEX1[5]       ; 2.5 V        ; 0 s                 ; 0 s                 ; 2.62 V                       ; 4.05e-08 V                   ; 2.72 V              ; -0.0349 V           ; 0.173 V                              ; 0.1 V                                ; 2.72e-10 s                  ; 2.69e-10 s                  ; Yes                        ; Yes                        ; 2.62 V                      ; 4.05e-08 V                  ; 2.72 V             ; -0.0349 V          ; 0.173 V                             ; 0.1 V                               ; 2.72e-10 s                 ; 2.69e-10 s                 ; Yes                       ; Yes                       ;
; HEX1[4]       ; 2.5 V        ; 0 s                 ; 0 s                 ; 2.62 V                       ; 4.05e-08 V                   ; 2.72 V              ; -0.0349 V           ; 0.173 V                              ; 0.1 V                                ; 2.72e-10 s                  ; 2.69e-10 s                  ; Yes                        ; Yes                        ; 2.62 V                      ; 4.05e-08 V                  ; 2.72 V             ; -0.0349 V          ; 0.173 V                             ; 0.1 V                               ; 2.72e-10 s                 ; 2.69e-10 s                 ; Yes                       ; Yes                       ;
; HEX1[3]       ; 2.5 V        ; 0 s                 ; 0 s                 ; 2.62 V                       ; 4.05e-08 V                   ; 2.72 V              ; -0.0349 V           ; 0.173 V                              ; 0.1 V                                ; 2.72e-10 s                  ; 2.69e-10 s                  ; Yes                        ; Yes                        ; 2.62 V                      ; 4.05e-08 V                  ; 2.72 V             ; -0.0349 V          ; 0.173 V                             ; 0.1 V                               ; 2.72e-10 s                 ; 2.69e-10 s                 ; Yes                       ; Yes                       ;
; HEX1[2]       ; 2.5 V        ; 0 s                 ; 0 s                 ; 2.62 V                       ; 4.05e-08 V                   ; 2.72 V              ; -0.0349 V           ; 0.173 V                              ; 0.1 V                                ; 2.72e-10 s                  ; 2.69e-10 s                  ; Yes                        ; Yes                        ; 2.62 V                      ; 4.05e-08 V                  ; 2.72 V             ; -0.0349 V          ; 0.173 V                             ; 0.1 V                               ; 2.72e-10 s                 ; 2.69e-10 s                 ; Yes                       ; Yes                       ;
; HEX1[1]       ; 2.5 V        ; 0 s                 ; 0 s                 ; 2.62 V                       ; 4.05e-08 V                   ; 2.64 V              ; -0.0113 V           ; 0.208 V                              ; 0.179 V                              ; 2.38e-09 s                  ; 2.23e-09 s                  ; No                         ; Yes                        ; 2.62 V                      ; 4.05e-08 V                  ; 2.64 V             ; -0.0113 V          ; 0.208 V                             ; 0.179 V                             ; 2.38e-09 s                 ; 2.23e-09 s                 ; No                        ; Yes                       ;
; HEX1[0]       ; 2.5 V        ; 0 s                 ; 0 s                 ; 2.62 V                       ; 4.05e-08 V                   ; 2.72 V              ; -0.0349 V           ; 0.173 V                              ; 0.1 V                                ; 2.72e-10 s                  ; 2.69e-10 s                  ; Yes                        ; Yes                        ; 2.62 V                      ; 4.05e-08 V                  ; 2.72 V             ; -0.0349 V          ; 0.173 V                             ; 0.1 V                               ; 2.72e-10 s                 ; 2.69e-10 s                 ; Yes                       ; Yes                       ;
; HEX2[6]       ; 2.5 V        ; 0 s                 ; 0 s                 ; 2.62 V                       ; 4.05e-08 V                   ; 2.72 V              ; -0.0349 V           ; 0.173 V                              ; 0.1 V                                ; 2.72e-10 s                  ; 2.69e-10 s                  ; Yes                        ; Yes                        ; 2.62 V                      ; 4.05e-08 V                  ; 2.72 V             ; -0.0349 V          ; 0.173 V                             ; 0.1 V                               ; 2.72e-10 s                 ; 2.69e-10 s                 ; Yes                       ; Yes                       ;
; HEX2[5]       ; 2.5 V        ; 0 s                 ; 0 s                 ; 2.62 V                       ; 4.05e-08 V                   ; 2.72 V              ; -0.0349 V           ; 0.173 V                              ; 0.1 V                                ; 2.72e-10 s                  ; 2.69e-10 s                  ; Yes                        ; Yes                        ; 2.62 V                      ; 4.05e-08 V                  ; 2.72 V             ; -0.0349 V          ; 0.173 V                             ; 0.1 V                               ; 2.72e-10 s                 ; 2.69e-10 s                 ; Yes                       ; Yes                       ;
; HEX2[4]       ; 2.5 V        ; 0 s                 ; 0 s                 ; 2.62 V                       ; 4.05e-08 V                   ; 2.72 V              ; -0.0349 V           ; 0.173 V                              ; 0.1 V                                ; 2.72e-10 s                  ; 2.69e-10 s                  ; Yes                        ; Yes                        ; 2.62 V                      ; 4.05e-08 V                  ; 2.72 V             ; -0.0349 V          ; 0.173 V                             ; 0.1 V                               ; 2.72e-10 s                 ; 2.69e-10 s                 ; Yes                       ; Yes                       ;
; HEX2[3]       ; 2.5 V        ; 0 s                 ; 0 s                 ; 2.62 V                       ; 2.74e-08 V                   ; 2.71 V              ; -0.0317 V           ; 0.148 V                              ; 0.064 V                              ; 4.51e-10 s                  ; 4.15e-10 s                  ; No                         ; Yes                        ; 2.62 V                      ; 2.74e-08 V                  ; 2.71 V             ; -0.0317 V          ; 0.148 V                             ; 0.064 V                             ; 4.51e-10 s                 ; 4.15e-10 s                 ; No                        ; Yes                       ;
; HEX2[2]       ; 2.5 V        ; 0 s                 ; 0 s                 ; 2.62 V                       ; 4.05e-08 V                   ; 2.72 V              ; -0.0349 V           ; 0.173 V                              ; 0.1 V                                ; 2.72e-10 s                  ; 2.69e-10 s                  ; Yes                        ; Yes                        ; 2.62 V                      ; 4.05e-08 V                  ; 2.72 V             ; -0.0349 V          ; 0.173 V                             ; 0.1 V                               ; 2.72e-10 s                 ; 2.69e-10 s                 ; Yes                       ; Yes                       ;
; HEX2[1]       ; 2.5 V        ; 0 s                 ; 0 s                 ; 2.62 V                       ; 4.05e-08 V                   ; 2.72 V              ; -0.0349 V           ; 0.173 V                              ; 0.1 V                                ; 2.72e-10 s                  ; 2.69e-10 s                  ; Yes                        ; Yes                        ; 2.62 V                      ; 4.05e-08 V                  ; 2.72 V             ; -0.0349 V          ; 0.173 V                             ; 0.1 V                               ; 2.72e-10 s                 ; 2.69e-10 s                 ; Yes                       ; Yes                       ;
; HEX2[0]       ; 2.5 V        ; 0 s                 ; 0 s                 ; 2.62 V                       ; 4.05e-08 V                   ; 2.72 V              ; -0.0349 V           ; 0.173 V                              ; 0.1 V                                ; 2.72e-10 s                  ; 2.69e-10 s                  ; Yes                        ; Yes                        ; 2.62 V                      ; 4.05e-08 V                  ; 2.72 V             ; -0.0349 V          ; 0.173 V                             ; 0.1 V                               ; 2.72e-10 s                 ; 2.69e-10 s                 ; Yes                       ; Yes                       ;
; HEX3[6]       ; 2.5 V        ; 0 s                 ; 0 s                 ; 2.62 V                       ; 4.05e-08 V                   ; 2.72 V              ; -0.0349 V           ; 0.173 V                              ; 0.1 V                                ; 2.72e-10 s                  ; 2.69e-10 s                  ; Yes                        ; Yes                        ; 2.62 V                      ; 4.05e-08 V                  ; 2.72 V             ; -0.0349 V          ; 0.173 V                             ; 0.1 V                               ; 2.72e-10 s                 ; 2.69e-10 s                 ; Yes                       ; Yes                       ;
; HEX3[5]       ; 2.5 V        ; 0 s                 ; 0 s                 ; 2.62 V                       ; 4.05e-08 V                   ; 2.72 V              ; -0.0349 V           ; 0.173 V                              ; 0.1 V                                ; 2.72e-10 s                  ; 2.69e-10 s                  ; Yes                        ; Yes                        ; 2.62 V                      ; 4.05e-08 V                  ; 2.72 V             ; -0.0349 V          ; 0.173 V                             ; 0.1 V                               ; 2.72e-10 s                 ; 2.69e-10 s                 ; Yes                       ; Yes                       ;
; HEX3[4]       ; 2.5 V        ; 0 s                 ; 0 s                 ; 2.62 V                       ; 4.05e-08 V                   ; 2.72 V              ; -0.0349 V           ; 0.173 V                              ; 0.1 V                                ; 2.72e-10 s                  ; 2.69e-10 s                  ; Yes                        ; Yes                        ; 2.62 V                      ; 4.05e-08 V                  ; 2.72 V             ; -0.0349 V          ; 0.173 V                             ; 0.1 V                               ; 2.72e-10 s                 ; 2.69e-10 s                 ; Yes                       ; Yes                       ;
; HEX3[3]       ; 2.5 V        ; 0 s                 ; 0 s                 ; 2.62 V                       ; 4.05e-08 V                   ; 2.72 V              ; -0.0349 V           ; 0.173 V                              ; 0.1 V                                ; 2.72e-10 s                  ; 2.69e-10 s                  ; Yes                        ; Yes                        ; 2.62 V                      ; 4.05e-08 V                  ; 2.72 V             ; -0.0349 V          ; 0.173 V                             ; 0.1 V                               ; 2.72e-10 s                 ; 2.69e-10 s                 ; Yes                       ; Yes                       ;
; HEX3[2]       ; 2.5 V        ; 0 s                 ; 0 s                 ; 2.62 V                       ; 4.05e-08 V                   ; 2.72 V              ; -0.0349 V           ; 0.173 V                              ; 0.1 V                                ; 2.72e-10 s                  ; 2.69e-10 s                  ; Yes                        ; Yes                        ; 2.62 V                      ; 4.05e-08 V                  ; 2.72 V             ; -0.0349 V          ; 0.173 V                             ; 0.1 V                               ; 2.72e-10 s                 ; 2.69e-10 s                 ; Yes                       ; Yes                       ;
; HEX3[1]       ; 2.5 V        ; 0 s                 ; 0 s                 ; 2.62 V                       ; 4.05e-08 V                   ; 2.72 V              ; -0.0349 V           ; 0.173 V                              ; 0.1 V                                ; 2.72e-10 s                  ; 2.69e-10 s                  ; Yes                        ; Yes                        ; 2.62 V                      ; 4.05e-08 V                  ; 2.72 V             ; -0.0349 V          ; 0.173 V                             ; 0.1 V                               ; 2.72e-10 s                 ; 2.69e-10 s                 ; Yes                       ; Yes                       ;
; HEX3[0]       ; 2.5 V        ; 0 s                 ; 0 s                 ; 2.62 V                       ; 4.05e-08 V                   ; 2.72 V              ; -0.0349 V           ; 0.173 V                              ; 0.1 V                                ; 2.72e-10 s                  ; 2.69e-10 s                  ; Yes                        ; Yes                        ; 2.62 V                      ; 4.05e-08 V                  ; 2.72 V             ; -0.0349 V          ; 0.173 V                             ; 0.1 V                               ; 2.72e-10 s                 ; 2.69e-10 s                 ; Yes                       ; Yes                       ;
; HEX4[6]       ; 2.5 V        ; 0 s                 ; 0 s                 ; 2.62 V                       ; 4.05e-08 V                   ; 2.72 V              ; -0.0349 V           ; 0.173 V                              ; 0.1 V                                ; 2.72e-10 s                  ; 2.69e-10 s                  ; Yes                        ; Yes                        ; 2.62 V                      ; 4.05e-08 V                  ; 2.72 V             ; -0.0349 V          ; 0.173 V                             ; 0.1 V                               ; 2.72e-10 s                 ; 2.69e-10 s                 ; Yes                       ; Yes                       ;
; HEX4[5]       ; 2.5 V        ; 0 s                 ; 0 s                 ; 2.62 V                       ; 4.05e-08 V                   ; 2.72 V              ; -0.0349 V           ; 0.173 V                              ; 0.1 V                                ; 2.72e-10 s                  ; 2.69e-10 s                  ; Yes                        ; Yes                        ; 2.62 V                      ; 4.05e-08 V                  ; 2.72 V             ; -0.0349 V          ; 0.173 V                             ; 0.1 V                               ; 2.72e-10 s                 ; 2.69e-10 s                 ; Yes                       ; Yes                       ;
; HEX4[4]       ; 2.5 V        ; 0 s                 ; 0 s                 ; 2.62 V                       ; 4.05e-08 V                   ; 2.72 V              ; -0.0349 V           ; 0.173 V                              ; 0.1 V                                ; 2.72e-10 s                  ; 2.69e-10 s                  ; Yes                        ; Yes                        ; 2.62 V                      ; 4.05e-08 V                  ; 2.72 V             ; -0.0349 V          ; 0.173 V                             ; 0.1 V                               ; 2.72e-10 s                 ; 2.69e-10 s                 ; Yes                       ; Yes                       ;
; HEX4[3]       ; 2.5 V        ; 0 s                 ; 0 s                 ; 2.62 V                       ; 4.05e-08 V                   ; 2.72 V              ; -0.0349 V           ; 0.173 V                              ; 0.1 V                                ; 2.72e-10 s                  ; 2.69e-10 s                  ; Yes                        ; Yes                        ; 2.62 V                      ; 4.05e-08 V                  ; 2.72 V             ; -0.0349 V          ; 0.173 V                             ; 0.1 V                               ; 2.72e-10 s                 ; 2.69e-10 s                 ; Yes                       ; Yes                       ;
; HEX4[2]       ; 2.5 V        ; 0 s                 ; 0 s                 ; 2.62 V                       ; 4.05e-08 V                   ; 2.72 V              ; -0.0349 V           ; 0.173 V                              ; 0.1 V                                ; 2.72e-10 s                  ; 2.69e-10 s                  ; Yes                        ; Yes                        ; 2.62 V                      ; 4.05e-08 V                  ; 2.72 V             ; -0.0349 V          ; 0.173 V                             ; 0.1 V                               ; 2.72e-10 s                 ; 2.69e-10 s                 ; Yes                       ; Yes                       ;
; HEX4[1]       ; 2.5 V        ; 0 s                 ; 0 s                 ; 2.62 V                       ; 4.05e-08 V                   ; 2.72 V              ; -0.0349 V           ; 0.173 V                              ; 0.1 V                                ; 2.72e-10 s                  ; 2.69e-10 s                  ; Yes                        ; Yes                        ; 2.62 V                      ; 4.05e-08 V                  ; 2.72 V             ; -0.0349 V          ; 0.173 V                             ; 0.1 V                               ; 2.72e-10 s                 ; 2.69e-10 s                 ; Yes                       ; Yes                       ;
; HEX4[0]       ; 2.5 V        ; 0 s                 ; 0 s                 ; 2.62 V                       ; 4.05e-08 V                   ; 2.72 V              ; -0.0349 V           ; 0.173 V                              ; 0.1 V                                ; 2.72e-10 s                  ; 2.69e-10 s                  ; Yes                        ; Yes                        ; 2.62 V                      ; 4.05e-08 V                  ; 2.72 V             ; -0.0349 V          ; 0.173 V                             ; 0.1 V                               ; 2.72e-10 s                 ; 2.69e-10 s                 ; Yes                       ; Yes                       ;
; HEX5[6]       ; 2.5 V        ; 0 s                 ; 0 s                 ; 2.62 V                       ; 4.05e-08 V                   ; 2.72 V              ; -0.0349 V           ; 0.173 V                              ; 0.1 V                                ; 2.72e-10 s                  ; 2.69e-10 s                  ; Yes                        ; Yes                        ; 2.62 V                      ; 4.05e-08 V                  ; 2.72 V             ; -0.0349 V          ; 0.173 V                             ; 0.1 V                               ; 2.72e-10 s                 ; 2.69e-10 s                 ; Yes                       ; Yes                       ;
; HEX5[5]       ; 2.5 V        ; 0 s                 ; 0 s                 ; 2.62 V                       ; 4.05e-08 V                   ; 2.72 V              ; -0.0349 V           ; 0.173 V                              ; 0.1 V                                ; 2.72e-10 s                  ; 2.69e-10 s                  ; Yes                        ; Yes                        ; 2.62 V                      ; 4.05e-08 V                  ; 2.72 V             ; -0.0349 V          ; 0.173 V                             ; 0.1 V                               ; 2.72e-10 s                 ; 2.69e-10 s                 ; Yes                       ; Yes                       ;
; HEX5[4]       ; 2.5 V        ; 0 s                 ; 0 s                 ; 2.62 V                       ; 4.05e-08 V                   ; 2.72 V              ; -0.0349 V           ; 0.173 V                              ; 0.1 V                                ; 2.72e-10 s                  ; 2.69e-10 s                  ; Yes                        ; Yes                        ; 2.62 V                      ; 4.05e-08 V                  ; 2.72 V             ; -0.0349 V          ; 0.173 V                             ; 0.1 V                               ; 2.72e-10 s                 ; 2.69e-10 s                 ; Yes                       ; Yes                       ;
; HEX5[3]       ; 2.5 V        ; 0 s                 ; 0 s                 ; 2.62 V                       ; 4.05e-08 V                   ; 2.72 V              ; -0.0349 V           ; 0.173 V                              ; 0.1 V                                ; 2.72e-10 s                  ; 2.69e-10 s                  ; Yes                        ; Yes                        ; 2.62 V                      ; 4.05e-08 V                  ; 2.72 V             ; -0.0349 V          ; 0.173 V                             ; 0.1 V                               ; 2.72e-10 s                 ; 2.69e-10 s                 ; Yes                       ; Yes                       ;
; HEX5[2]       ; 2.5 V        ; 0 s                 ; 0 s                 ; 2.62 V                       ; 4.05e-08 V                   ; 2.72 V              ; -0.0349 V           ; 0.173 V                              ; 0.1 V                                ; 2.72e-10 s                  ; 2.69e-10 s                  ; Yes                        ; Yes                        ; 2.62 V                      ; 4.05e-08 V                  ; 2.72 V             ; -0.0349 V          ; 0.173 V                             ; 0.1 V                               ; 2.72e-10 s                 ; 2.69e-10 s                 ; Yes                       ; Yes                       ;
; HEX5[1]       ; 2.5 V        ; 0 s                 ; 0 s                 ; 2.62 V                       ; 4.05e-08 V                   ; 2.72 V              ; -0.0349 V           ; 0.173 V                              ; 0.1 V                                ; 2.72e-10 s                  ; 2.69e-10 s                  ; Yes                        ; Yes                        ; 2.62 V                      ; 4.05e-08 V                  ; 2.72 V             ; -0.0349 V          ; 0.173 V                             ; 0.1 V                               ; 2.72e-10 s                 ; 2.69e-10 s                 ; Yes                       ; Yes                       ;
; HEX5[0]       ; 2.5 V        ; 0 s                 ; 0 s                 ; 2.62 V                       ; 4.05e-08 V                   ; 2.72 V              ; -0.0349 V           ; 0.173 V                              ; 0.1 V                                ; 2.72e-10 s                  ; 2.69e-10 s                  ; Yes                        ; Yes                        ; 2.62 V                      ; 4.05e-08 V                  ; 2.72 V             ; -0.0349 V          ; 0.173 V                             ; 0.1 V                               ; 2.72e-10 s                 ; 2.69e-10 s                 ; Yes                       ; Yes                       ;
; HEX7[6]       ; 2.5 V        ; 0 s                 ; 0 s                 ; 2.62 V                       ; 4.05e-08 V                   ; 2.72 V              ; -0.0349 V           ; 0.173 V                              ; 0.1 V                                ; 2.72e-10 s                  ; 2.69e-10 s                  ; Yes                        ; Yes                        ; 2.62 V                      ; 4.05e-08 V                  ; 2.72 V             ; -0.0349 V          ; 0.173 V                             ; 0.1 V                               ; 2.72e-10 s                 ; 2.69e-10 s                 ; Yes                       ; Yes                       ;
; HEX7[5]       ; 2.5 V        ; 0 s                 ; 0 s                 ; 2.62 V                       ; 4.05e-08 V                   ; 2.72 V              ; -0.0349 V           ; 0.173 V                              ; 0.1 V                                ; 2.72e-10 s                  ; 2.69e-10 s                  ; Yes                        ; Yes                        ; 2.62 V                      ; 4.05e-08 V                  ; 2.72 V             ; -0.0349 V          ; 0.173 V                             ; 0.1 V                               ; 2.72e-10 s                 ; 2.69e-10 s                 ; Yes                       ; Yes                       ;
; HEX7[4]       ; 2.5 V        ; 0 s                 ; 0 s                 ; 2.62 V                       ; 4.05e-08 V                   ; 2.72 V              ; -0.0349 V           ; 0.173 V                              ; 0.1 V                                ; 2.72e-10 s                  ; 2.69e-10 s                  ; Yes                        ; Yes                        ; 2.62 V                      ; 4.05e-08 V                  ; 2.72 V             ; -0.0349 V          ; 0.173 V                             ; 0.1 V                               ; 2.72e-10 s                 ; 2.69e-10 s                 ; Yes                       ; Yes                       ;
; HEX7[3]       ; 2.5 V        ; 0 s                 ; 0 s                 ; 2.62 V                       ; 4.05e-08 V                   ; 2.72 V              ; -0.0349 V           ; 0.173 V                              ; 0.1 V                                ; 2.72e-10 s                  ; 2.69e-10 s                  ; Yes                        ; Yes                        ; 2.62 V                      ; 4.05e-08 V                  ; 2.72 V             ; -0.0349 V          ; 0.173 V                             ; 0.1 V                               ; 2.72e-10 s                 ; 2.69e-10 s                 ; Yes                       ; Yes                       ;
; HEX7[2]       ; 2.5 V        ; 0 s                 ; 0 s                 ; 2.62 V                       ; 4.05e-08 V                   ; 2.72 V              ; -0.0349 V           ; 0.173 V                              ; 0.1 V                                ; 2.72e-10 s                  ; 2.69e-10 s                  ; Yes                        ; Yes                        ; 2.62 V                      ; 4.05e-08 V                  ; 2.72 V             ; -0.0349 V          ; 0.173 V                             ; 0.1 V                               ; 2.72e-10 s                 ; 2.69e-10 s                 ; Yes                       ; Yes                       ;
; HEX7[1]       ; 2.5 V        ; 0 s                 ; 0 s                 ; 2.62 V                       ; 4.05e-08 V                   ; 2.72 V              ; -0.0349 V           ; 0.173 V                              ; 0.1 V                                ; 2.72e-10 s                  ; 2.69e-10 s                  ; Yes                        ; Yes                        ; 2.62 V                      ; 4.05e-08 V                  ; 2.72 V             ; -0.0349 V          ; 0.173 V                             ; 0.1 V                               ; 2.72e-10 s                 ; 2.69e-10 s                 ; Yes                       ; Yes                       ;
; HEX7[0]       ; 2.5 V        ; 0 s                 ; 0 s                 ; 2.62 V                       ; 4.05e-08 V                   ; 2.72 V              ; -0.0349 V           ; 0.173 V                              ; 0.1 V                                ; 2.72e-10 s                  ; 2.69e-10 s                  ; Yes                        ; Yes                        ; 2.62 V                      ; 4.05e-08 V                  ; 2.72 V             ; -0.0349 V          ; 0.173 V                             ; 0.1 V                               ; 2.72e-10 s                 ; 2.69e-10 s                 ; Yes                       ; Yes                       ;
; LEDG[0]       ; 2.5 V        ; 0 s                 ; 0 s                 ; 2.62 V                       ; 2.74e-08 V                   ; 2.71 V              ; -0.0317 V           ; 0.148 V                              ; 0.064 V                              ; 4.51e-10 s                  ; 4.15e-10 s                  ; No                         ; Yes                        ; 2.62 V                      ; 2.74e-08 V                  ; 2.71 V             ; -0.0317 V          ; 0.148 V                             ; 0.064 V                             ; 4.51e-10 s                 ; 4.15e-10 s                 ; No                        ; Yes                       ;
; LEDG[1]       ; 2.5 V        ; 0 s                 ; 0 s                 ; 2.62 V                       ; 2.74e-08 V                   ; 2.71 V              ; -0.0317 V           ; 0.148 V                              ; 0.064 V                              ; 4.51e-10 s                  ; 4.15e-10 s                  ; No                         ; Yes                        ; 2.62 V                      ; 2.74e-08 V                  ; 2.71 V             ; -0.0317 V          ; 0.148 V                             ; 0.064 V                             ; 4.51e-10 s                 ; 4.15e-10 s                 ; No                        ; Yes                       ;
; LEDG[2]       ; 2.5 V        ; 0 s                 ; 0 s                 ; 2.62 V                       ; 2.74e-08 V                   ; 2.71 V              ; -0.0317 V           ; 0.148 V                              ; 0.064 V                              ; 4.51e-10 s                  ; 4.15e-10 s                  ; No                         ; Yes                        ; 2.62 V                      ; 2.74e-08 V                  ; 2.71 V             ; -0.0317 V          ; 0.148 V                             ; 0.064 V                             ; 4.51e-10 s                 ; 4.15e-10 s                 ; No                        ; Yes                       ;
; LEDG[3]       ; 2.5 V        ; 0 s                 ; 0 s                 ; 2.62 V                       ; 2.74e-08 V                   ; 2.71 V              ; -0.0317 V           ; 0.148 V                              ; 0.064 V                              ; 4.51e-10 s                  ; 4.15e-10 s                  ; No                         ; Yes                        ; 2.62 V                      ; 2.74e-08 V                  ; 2.71 V             ; -0.0317 V          ; 0.148 V                             ; 0.064 V                             ; 4.51e-10 s                 ; 4.15e-10 s                 ; No                        ; Yes                       ;
; LEDG[4]       ; 2.5 V        ; 0 s                 ; 0 s                 ; 2.62 V                       ; 2.74e-08 V                   ; 2.71 V              ; -0.0317 V           ; 0.148 V                              ; 0.064 V                              ; 4.51e-10 s                  ; 4.15e-10 s                  ; No                         ; Yes                        ; 2.62 V                      ; 2.74e-08 V                  ; 2.71 V             ; -0.0317 V          ; 0.148 V                             ; 0.064 V                             ; 4.51e-10 s                 ; 4.15e-10 s                 ; No                        ; Yes                       ;
; LEDG[5]       ; 2.5 V        ; 0 s                 ; 0 s                 ; 2.62 V                       ; 2.74e-08 V                   ; 2.71 V              ; -0.0317 V           ; 0.148 V                              ; 0.064 V                              ; 4.51e-10 s                  ; 4.15e-10 s                  ; No                         ; Yes                        ; 2.62 V                      ; 2.74e-08 V                  ; 2.71 V             ; -0.0317 V          ; 0.148 V                             ; 0.064 V                             ; 4.51e-10 s                 ; 4.15e-10 s                 ; No                        ; Yes                       ;
; LEDG[6]       ; 2.5 V        ; 0 s                 ; 0 s                 ; 2.62 V                       ; 2.74e-08 V                   ; 2.73 V              ; -0.0384 V           ; 0.169 V                              ; 0.089 V                              ; 2.7e-10 s                   ; 2.62e-10 s                  ; Yes                        ; Yes                        ; 2.62 V                      ; 2.74e-08 V                  ; 2.73 V             ; -0.0384 V          ; 0.169 V                             ; 0.089 V                             ; 2.7e-10 s                  ; 2.62e-10 s                 ; Yes                       ; Yes                       ;
; LEDG[7]       ; 2.5 V        ; 0 s                 ; 0 s                 ; 2.62 V                       ; 2.74e-08 V                   ; 2.71 V              ; -0.0317 V           ; 0.148 V                              ; 0.064 V                              ; 4.51e-10 s                  ; 4.15e-10 s                  ; No                         ; Yes                        ; 2.62 V                      ; 2.74e-08 V                  ; 2.71 V             ; -0.0317 V          ; 0.148 V                             ; 0.064 V                             ; 4.51e-10 s                 ; 4.15e-10 s                 ; No                        ; Yes                       ;
; LEDG[8]       ; 2.5 V        ; 0 s                 ; 0 s                 ; 2.62 V                       ; 2.74e-08 V                   ; 2.71 V              ; -0.0317 V           ; 0.148 V                              ; 0.064 V                              ; 4.51e-10 s                  ; 4.15e-10 s                  ; No                         ; Yes                        ; 2.62 V                      ; 2.74e-08 V                  ; 2.71 V             ; -0.0317 V          ; 0.148 V                             ; 0.064 V                             ; 4.51e-10 s                 ; 4.15e-10 s                 ; No                        ; Yes                       ;
; LEDR[0]       ; 2.5 V        ; 0 s                 ; 0 s                 ; 2.62 V                       ; 2.74e-08 V                   ; 2.71 V              ; -0.0317 V           ; 0.148 V                              ; 0.064 V                              ; 4.51e-10 s                  ; 4.15e-10 s                  ; No                         ; Yes                        ; 2.62 V                      ; 2.74e-08 V                  ; 2.71 V             ; -0.0317 V          ; 0.148 V                             ; 0.064 V                             ; 4.51e-10 s                 ; 4.15e-10 s                 ; No                        ; Yes                       ;
; LEDR[1]       ; 2.5 V        ; 0 s                 ; 0 s                 ; 2.62 V                       ; 2.74e-08 V                   ; 2.71 V              ; -0.0317 V           ; 0.148 V                              ; 0.064 V                              ; 4.51e-10 s                  ; 4.15e-10 s                  ; No                         ; Yes                        ; 2.62 V                      ; 2.74e-08 V                  ; 2.71 V             ; -0.0317 V          ; 0.148 V                             ; 0.064 V                             ; 4.51e-10 s                 ; 4.15e-10 s                 ; No                        ; Yes                       ;
; LEDR[2]       ; 2.5 V        ; 0 s                 ; 0 s                 ; 2.62 V                       ; 2.74e-08 V                   ; 2.71 V              ; -0.0317 V           ; 0.148 V                              ; 0.064 V                              ; 4.51e-10 s                  ; 4.15e-10 s                  ; No                         ; Yes                        ; 2.62 V                      ; 2.74e-08 V                  ; 2.71 V             ; -0.0317 V          ; 0.148 V                             ; 0.064 V                             ; 4.51e-10 s                 ; 4.15e-10 s                 ; No                        ; Yes                       ;
; LEDR[3]       ; 2.5 V        ; 0 s                 ; 0 s                 ; 2.62 V                       ; 2.74e-08 V                   ; 2.71 V              ; -0.0317 V           ; 0.148 V                              ; 0.064 V                              ; 4.51e-10 s                  ; 4.15e-10 s                  ; No                         ; Yes                        ; 2.62 V                      ; 2.74e-08 V                  ; 2.71 V             ; -0.0317 V          ; 0.148 V                             ; 0.064 V                             ; 4.51e-10 s                 ; 4.15e-10 s                 ; No                        ; Yes                       ;
; LEDR[4]       ; 2.5 V        ; 0 s                 ; 0 s                 ; 2.62 V                       ; 2.74e-08 V                   ; 2.71 V              ; -0.0317 V           ; 0.148 V                              ; 0.064 V                              ; 4.51e-10 s                  ; 4.15e-10 s                  ; No                         ; Yes                        ; 2.62 V                      ; 2.74e-08 V                  ; 2.71 V             ; -0.0317 V          ; 0.148 V                             ; 0.064 V                             ; 4.51e-10 s                 ; 4.15e-10 s                 ; No                        ; Yes                       ;
; LEDR[5]       ; 2.5 V        ; 0 s                 ; 0 s                 ; 2.62 V                       ; 2.74e-08 V                   ; 2.71 V              ; -0.0317 V           ; 0.148 V                              ; 0.064 V                              ; 4.51e-10 s                  ; 4.15e-10 s                  ; No                         ; Yes                        ; 2.62 V                      ; 2.74e-08 V                  ; 2.71 V             ; -0.0317 V          ; 0.148 V                             ; 0.064 V                             ; 4.51e-10 s                 ; 4.15e-10 s                 ; No                        ; Yes                       ;
; LEDR[6]       ; 2.5 V        ; 0 s                 ; 0 s                 ; 2.62 V                       ; 2.74e-08 V                   ; 2.71 V              ; -0.0317 V           ; 0.148 V                              ; 0.064 V                              ; 4.51e-10 s                  ; 4.15e-10 s                  ; No                         ; Yes                        ; 2.62 V                      ; 2.74e-08 V                  ; 2.71 V             ; -0.0317 V          ; 0.148 V                             ; 0.064 V                             ; 4.51e-10 s                 ; 4.15e-10 s                 ; No                        ; Yes                       ;
; LEDR[7]       ; 2.5 V        ; 0 s                 ; 0 s                 ; 2.62 V                       ; 2.74e-08 V                   ; 2.71 V              ; -0.0317 V           ; 0.148 V                              ; 0.064 V                              ; 4.51e-10 s                  ; 4.15e-10 s                  ; No                         ; Yes                        ; 2.62 V                      ; 2.74e-08 V                  ; 2.71 V             ; -0.0317 V          ; 0.148 V                             ; 0.064 V                             ; 4.51e-10 s                 ; 4.15e-10 s                 ; No                        ; Yes                       ;
; LEDR[8]       ; 2.5 V        ; 0 s                 ; 0 s                 ; 2.62 V                       ; 2.74e-08 V                   ; 2.71 V              ; -0.0317 V           ; 0.148 V                              ; 0.064 V                              ; 4.51e-10 s                  ; 4.15e-10 s                  ; No                         ; Yes                        ; 2.62 V                      ; 2.74e-08 V                  ; 2.71 V             ; -0.0317 V          ; 0.148 V                             ; 0.064 V                             ; 4.51e-10 s                 ; 4.15e-10 s                 ; No                        ; Yes                       ;
; LEDR[9]       ; 2.5 V        ; 0 s                 ; 0 s                 ; 2.62 V                       ; 2.74e-08 V                   ; 2.71 V              ; -0.0317 V           ; 0.148 V                              ; 0.064 V                              ; 4.51e-10 s                  ; 4.15e-10 s                  ; No                         ; Yes                        ; 2.62 V                      ; 2.74e-08 V                  ; 2.71 V             ; -0.0317 V          ; 0.148 V                             ; 0.064 V                             ; 4.51e-10 s                 ; 4.15e-10 s                 ; No                        ; Yes                       ;
; LEDR[10]      ; 2.5 V        ; 0 s                 ; 0 s                 ; 2.62 V                       ; 2.74e-08 V                   ; 2.71 V              ; -0.0317 V           ; 0.148 V                              ; 0.064 V                              ; 4.51e-10 s                  ; 4.15e-10 s                  ; No                         ; Yes                        ; 2.62 V                      ; 2.74e-08 V                  ; 2.71 V             ; -0.0317 V          ; 0.148 V                             ; 0.064 V                             ; 4.51e-10 s                 ; 4.15e-10 s                 ; No                        ; Yes                       ;
; LEDR[11]      ; 2.5 V        ; 0 s                 ; 0 s                 ; 2.62 V                       ; 2.74e-08 V                   ; 2.71 V              ; -0.0317 V           ; 0.148 V                              ; 0.064 V                              ; 4.51e-10 s                  ; 4.15e-10 s                  ; No                         ; Yes                        ; 2.62 V                      ; 2.74e-08 V                  ; 2.71 V             ; -0.0317 V          ; 0.148 V                             ; 0.064 V                             ; 4.51e-10 s                 ; 4.15e-10 s                 ; No                        ; Yes                       ;
; LEDR[12]      ; 2.5 V        ; 0 s                 ; 0 s                 ; 2.62 V                       ; 2.74e-08 V                   ; 2.71 V              ; -0.0317 V           ; 0.148 V                              ; 0.064 V                              ; 4.51e-10 s                  ; 4.15e-10 s                  ; No                         ; Yes                        ; 2.62 V                      ; 2.74e-08 V                  ; 2.71 V             ; -0.0317 V          ; 0.148 V                             ; 0.064 V                             ; 4.51e-10 s                 ; 4.15e-10 s                 ; No                        ; Yes                       ;
; LEDR[13]      ; 2.5 V        ; 0 s                 ; 0 s                 ; 2.62 V                       ; 2.74e-08 V                   ; 2.71 V              ; -0.0317 V           ; 0.148 V                              ; 0.064 V                              ; 4.51e-10 s                  ; 4.15e-10 s                  ; No                         ; Yes                        ; 2.62 V                      ; 2.74e-08 V                  ; 2.71 V             ; -0.0317 V          ; 0.148 V                             ; 0.064 V                             ; 4.51e-10 s                 ; 4.15e-10 s                 ; No                        ; Yes                       ;
; LEDR[14]      ; 2.5 V        ; 0 s                 ; 0 s                 ; 2.62 V                       ; 2.74e-08 V                   ; 2.64 V              ; -0.0117 V           ; 0.202 V                              ; 0.176 V                              ; 2.38e-09 s                  ; 2.22e-09 s                  ; No                         ; Yes                        ; 2.62 V                      ; 2.74e-08 V                  ; 2.64 V             ; -0.0117 V          ; 0.202 V                             ; 0.176 V                             ; 2.38e-09 s                 ; 2.22e-09 s                 ; No                        ; Yes                       ;
; LEDR[15]      ; 2.5 V        ; 0 s                 ; 0 s                 ; 2.62 V                       ; 2.74e-08 V                   ; 2.64 V              ; -0.0117 V           ; 0.202 V                              ; 0.176 V                              ; 2.38e-09 s                  ; 2.22e-09 s                  ; No                         ; Yes                        ; 2.62 V                      ; 2.74e-08 V                  ; 2.64 V             ; -0.0117 V          ; 0.202 V                             ; 0.176 V                             ; 2.38e-09 s                 ; 2.22e-09 s                 ; No                        ; Yes                       ;
; LEDR[16]      ; 2.5 V        ; 0 s                 ; 0 s                 ; 2.62 V                       ; 2.74e-08 V                   ; 2.71 V              ; -0.0317 V           ; 0.148 V                              ; 0.064 V                              ; 4.51e-10 s                  ; 4.15e-10 s                  ; No                         ; Yes                        ; 2.62 V                      ; 2.74e-08 V                  ; 2.71 V             ; -0.0317 V          ; 0.148 V                             ; 0.064 V                             ; 4.51e-10 s                 ; 4.15e-10 s                 ; No                        ; Yes                       ;
; LEDR[17]      ; 2.5 V        ; 0 s                 ; 0 s                 ; 2.62 V                       ; 2.74e-08 V                   ; 2.71 V              ; -0.0317 V           ; 0.148 V                              ; 0.064 V                              ; 4.51e-10 s                  ; 4.15e-10 s                  ; No                         ; Yes                        ; 2.62 V                      ; 2.74e-08 V                  ; 2.71 V             ; -0.0317 V          ; 0.148 V                             ; 0.064 V                             ; 4.51e-10 s                 ; 4.15e-10 s                 ; No                        ; Yes                       ;
; GPIO[7]       ; 3.3-V LVTTL  ; 0 s                 ; 0 s                 ; 3.46 V                       ; 1.85e-07 V                   ; 3.57 V              ; -0.141 V            ; 0.301 V                              ; 0.239 V                              ; 4.61e-10 s                  ; 4.2e-10 s                   ; No                         ; No                         ; 3.46 V                      ; 1.85e-07 V                  ; 3.57 V             ; -0.141 V           ; 0.301 V                             ; 0.239 V                             ; 4.61e-10 s                 ; 4.2e-10 s                  ; No                        ; No                        ;
; GPIO[8]       ; 3.3-V LVTTL  ; 0 s                 ; 0 s                 ; 3.46 V                       ; 1.85e-07 V                   ; 3.57 V              ; -0.141 V            ; 0.301 V                              ; 0.239 V                              ; 4.61e-10 s                  ; 4.2e-10 s                   ; No                         ; No                         ; 3.46 V                      ; 1.85e-07 V                  ; 3.57 V             ; -0.141 V           ; 0.301 V                             ; 0.239 V                             ; 4.61e-10 s                 ; 4.2e-10 s                  ; No                        ; No                        ;
; GPIO[9]       ; 3.3-V LVTTL  ; 0 s                 ; 0 s                 ; 3.46 V                       ; 1.85e-07 V                   ; 3.48 V              ; -0.0173 V           ; 0.356 V                              ; 0.324 V                              ; 3.89e-09 s                  ; 3.06e-09 s                  ; No                         ; No                         ; 3.46 V                      ; 1.85e-07 V                  ; 3.48 V             ; -0.0173 V          ; 0.356 V                             ; 0.324 V                             ; 3.89e-09 s                 ; 3.06e-09 s                 ; No                        ; No                        ;
; GPIO[10]      ; 3.3-V LVTTL  ; 0 s                 ; 0 s                 ; 3.46 V                       ; 1.85e-07 V                   ; 3.57 V              ; -0.141 V            ; 0.301 V                              ; 0.239 V                              ; 4.61e-10 s                  ; 4.2e-10 s                   ; No                         ; No                         ; 3.46 V                      ; 1.85e-07 V                  ; 3.57 V             ; -0.141 V           ; 0.301 V                             ; 0.239 V                             ; 4.61e-10 s                 ; 4.2e-10 s                  ; No                        ; No                        ;
; GPIO[11]      ; 3.3-V LVTTL  ; 0 s                 ; 0 s                 ; 3.46 V                       ; 1.85e-07 V                   ; 3.57 V              ; -0.141 V            ; 0.301 V                              ; 0.239 V                              ; 4.61e-10 s                  ; 4.2e-10 s                   ; No                         ; No                         ; 3.46 V                      ; 1.85e-07 V                  ; 3.57 V             ; -0.141 V           ; 0.301 V                             ; 0.239 V                             ; 4.61e-10 s                 ; 4.2e-10 s                  ; No                        ; No                        ;
; GPIO[12]      ; 3.3-V LVTTL  ; 0 s                 ; 0 s                 ; 3.46 V                       ; 1.85e-07 V                   ; 3.57 V              ; -0.141 V            ; 0.301 V                              ; 0.239 V                              ; 4.61e-10 s                  ; 4.2e-10 s                   ; No                         ; No                         ; 3.46 V                      ; 1.85e-07 V                  ; 3.57 V             ; -0.141 V           ; 0.301 V                             ; 0.239 V                             ; 4.61e-10 s                 ; 4.2e-10 s                  ; No                        ; No                        ;
; GPIO[13]      ; 3.3-V LVTTL  ; 0 s                 ; 0 s                 ; 3.46 V                       ; 1.85e-07 V                   ; 3.57 V              ; -0.141 V            ; 0.301 V                              ; 0.239 V                              ; 4.61e-10 s                  ; 4.2e-10 s                   ; No                         ; No                         ; 3.46 V                      ; 1.85e-07 V                  ; 3.57 V             ; -0.141 V           ; 0.301 V                             ; 0.239 V                             ; 4.61e-10 s                 ; 4.2e-10 s                  ; No                        ; No                        ;
; GPIO[14]      ; 3.3-V LVTTL  ; 0 s                 ; 0 s                 ; 3.46 V                       ; 1.85e-07 V                   ; 3.57 V              ; -0.141 V            ; 0.301 V                              ; 0.239 V                              ; 4.61e-10 s                  ; 4.2e-10 s                   ; No                         ; No                         ; 3.46 V                      ; 1.85e-07 V                  ; 3.57 V             ; -0.141 V           ; 0.301 V                             ; 0.239 V                             ; 4.61e-10 s                 ; 4.2e-10 s                  ; No                        ; No                        ;
; GPIO[15]      ; 3.3-V LVTTL  ; 0 s                 ; 0 s                 ; 3.46 V                       ; 1.85e-07 V                   ; 3.57 V              ; -0.141 V            ; 0.301 V                              ; 0.239 V                              ; 4.61e-10 s                  ; 4.2e-10 s                   ; No                         ; No                         ; 3.46 V                      ; 1.85e-07 V                  ; 3.57 V             ; -0.141 V           ; 0.301 V                             ; 0.239 V                             ; 4.61e-10 s                 ; 4.2e-10 s                  ; No                        ; No                        ;
; GPIO[16]      ; 3.3-V LVTTL  ; 0 s                 ; 0 s                 ; 3.46 V                       ; 1.85e-07 V                   ; 3.57 V              ; -0.141 V            ; 0.301 V                              ; 0.239 V                              ; 4.61e-10 s                  ; 4.2e-10 s                   ; No                         ; No                         ; 3.46 V                      ; 1.85e-07 V                  ; 3.57 V             ; -0.141 V           ; 0.301 V                             ; 0.239 V                             ; 4.61e-10 s                 ; 4.2e-10 s                  ; No                        ; No                        ;
; GPIO[17]      ; 3.3-V LVTTL  ; 0 s                 ; 0 s                 ; 3.46 V                       ; 1.85e-07 V                   ; 3.57 V              ; -0.141 V            ; 0.301 V                              ; 0.239 V                              ; 4.61e-10 s                  ; 4.2e-10 s                   ; No                         ; No                         ; 3.46 V                      ; 1.85e-07 V                  ; 3.57 V             ; -0.141 V           ; 0.301 V                             ; 0.239 V                             ; 4.61e-10 s                 ; 4.2e-10 s                  ; No                        ; No                        ;
; GPIO[18]      ; 3.3-V LVTTL  ; 0 s                 ; 0 s                 ; 3.46 V                       ; 1.85e-07 V                   ; 3.57 V              ; -0.141 V            ; 0.301 V                              ; 0.239 V                              ; 4.61e-10 s                  ; 4.2e-10 s                   ; No                         ; No                         ; 3.46 V                      ; 1.85e-07 V                  ; 3.57 V             ; -0.141 V           ; 0.301 V                             ; 0.239 V                             ; 4.61e-10 s                 ; 4.2e-10 s                  ; No                        ; No                        ;
; GPIO[19]      ; 3.3-V LVTTL  ; 0 s                 ; 0 s                 ; 3.46 V                       ; 1.85e-07 V                   ; 3.57 V              ; -0.141 V            ; 0.301 V                              ; 0.239 V                              ; 4.61e-10 s                  ; 4.2e-10 s                   ; No                         ; No                         ; 3.46 V                      ; 1.85e-07 V                  ; 3.57 V             ; -0.141 V           ; 0.301 V                             ; 0.239 V                             ; 4.61e-10 s                 ; 4.2e-10 s                  ; No                        ; No                        ;
; GPIO[20]      ; 3.3-V LVTTL  ; 0 s                 ; 0 s                 ; 3.46 V                       ; 1.85e-07 V                   ; 3.57 V              ; -0.141 V            ; 0.301 V                              ; 0.239 V                              ; 4.61e-10 s                  ; 4.2e-10 s                   ; No                         ; No                         ; 3.46 V                      ; 1.85e-07 V                  ; 3.57 V             ; -0.141 V           ; 0.301 V                             ; 0.239 V                             ; 4.61e-10 s                 ; 4.2e-10 s                  ; No                        ; No                        ;
; GPIO[21]      ; 3.3-V LVTTL  ; 0 s                 ; 0 s                 ; 3.46 V                       ; 1.85e-07 V                   ; 3.57 V              ; -0.141 V            ; 0.301 V                              ; 0.239 V                              ; 4.61e-10 s                  ; 4.2e-10 s                   ; No                         ; No                         ; 3.46 V                      ; 1.85e-07 V                  ; 3.57 V             ; -0.141 V           ; 0.301 V                             ; 0.239 V                             ; 4.61e-10 s                 ; 4.2e-10 s                  ; No                        ; No                        ;
; GPIO[22]      ; 3.3-V LVTTL  ; 0 s                 ; 0 s                 ; 3.46 V                       ; 1.85e-07 V                   ; 3.57 V              ; -0.141 V            ; 0.301 V                              ; 0.239 V                              ; 4.61e-10 s                  ; 4.2e-10 s                   ; No                         ; No                         ; 3.46 V                      ; 1.85e-07 V                  ; 3.57 V             ; -0.141 V           ; 0.301 V                             ; 0.239 V                             ; 4.61e-10 s                 ; 4.2e-10 s                  ; No                        ; No                        ;
; GPIO[23]      ; 3.3-V LVTTL  ; 0 s                 ; 0 s                 ; 3.46 V                       ; 1.85e-07 V                   ; 3.57 V              ; -0.141 V            ; 0.301 V                              ; 0.239 V                              ; 4.61e-10 s                  ; 4.2e-10 s                   ; No                         ; No                         ; 3.46 V                      ; 1.85e-07 V                  ; 3.57 V             ; -0.141 V           ; 0.301 V                             ; 0.239 V                             ; 4.61e-10 s                 ; 4.2e-10 s                  ; No                        ; No                        ;
; GPIO[24]      ; 3.3-V LVTTL  ; 0 s                 ; 0 s                 ; 3.46 V                       ; 1.85e-07 V                   ; 3.57 V              ; -0.141 V            ; 0.301 V                              ; 0.239 V                              ; 4.61e-10 s                  ; 4.2e-10 s                   ; No                         ; No                         ; 3.46 V                      ; 1.85e-07 V                  ; 3.57 V             ; -0.141 V           ; 0.301 V                             ; 0.239 V                             ; 4.61e-10 s                 ; 4.2e-10 s                  ; No                        ; No                        ;
; GPIO[25]      ; 3.3-V LVTTL  ; 0 s                 ; 0 s                 ; 3.46 V                       ; 1.85e-07 V                   ; 3.57 V              ; -0.141 V            ; 0.301 V                              ; 0.239 V                              ; 4.61e-10 s                  ; 4.2e-10 s                   ; No                         ; No                         ; 3.46 V                      ; 1.85e-07 V                  ; 3.57 V             ; -0.141 V           ; 0.301 V                             ; 0.239 V                             ; 4.61e-10 s                 ; 4.2e-10 s                  ; No                        ; No                        ;
; GPIO[26]      ; 3.3-V LVTTL  ; 0 s                 ; 0 s                 ; 3.46 V                       ; 1.85e-07 V                   ; 3.57 V              ; -0.141 V            ; 0.301 V                              ; 0.239 V                              ; 4.61e-10 s                  ; 4.2e-10 s                   ; No                         ; No                         ; 3.46 V                      ; 1.85e-07 V                  ; 3.57 V             ; -0.141 V           ; 0.301 V                             ; 0.239 V                             ; 4.61e-10 s                 ; 4.2e-10 s                  ; No                        ; No                        ;
; GPIO[27]      ; 3.3-V LVTTL  ; 0 s                 ; 0 s                 ; 3.46 V                       ; 1.85e-07 V                   ; 3.57 V              ; -0.141 V            ; 0.301 V                              ; 0.239 V                              ; 4.61e-10 s                  ; 4.2e-10 s                   ; No                         ; No                         ; 3.46 V                      ; 1.85e-07 V                  ; 3.57 V             ; -0.141 V           ; 0.301 V                             ; 0.239 V                             ; 4.61e-10 s                 ; 4.2e-10 s                  ; No                        ; No                        ;
; GPIO[28]      ; 3.3-V LVTTL  ; 0 s                 ; 0 s                 ; 3.46 V                       ; 1.85e-07 V                   ; 3.57 V              ; -0.141 V            ; 0.301 V                              ; 0.239 V                              ; 4.61e-10 s                  ; 4.2e-10 s                   ; No                         ; No                         ; 3.46 V                      ; 1.85e-07 V                  ; 3.57 V             ; -0.141 V           ; 0.301 V                             ; 0.239 V                             ; 4.61e-10 s                 ; 4.2e-10 s                  ; No                        ; No                        ;
; GPIO[29]      ; 3.3-V LVTTL  ; 0 s                 ; 0 s                 ; 3.46 V                       ; 1.85e-07 V                   ; 3.57 V              ; -0.141 V            ; 0.301 V                              ; 0.239 V                              ; 4.61e-10 s                  ; 4.2e-10 s                   ; No                         ; No                         ; 3.46 V                      ; 1.85e-07 V                  ; 3.57 V             ; -0.141 V           ; 0.301 V                             ; 0.239 V                             ; 4.61e-10 s                 ; 4.2e-10 s                  ; No                        ; No                        ;
; GPIO[30]      ; 3.3-V LVTTL  ; 0 s                 ; 0 s                 ; 3.46 V                       ; 1.85e-07 V                   ; 3.57 V              ; -0.141 V            ; 0.301 V                              ; 0.239 V                              ; 4.61e-10 s                  ; 4.2e-10 s                   ; No                         ; No                         ; 3.46 V                      ; 1.85e-07 V                  ; 3.57 V             ; -0.141 V           ; 0.301 V                             ; 0.239 V                             ; 4.61e-10 s                 ; 4.2e-10 s                  ; No                        ; No                        ;
; GPIO[31]      ; 3.3-V LVTTL  ; 0 s                 ; 0 s                 ; 3.46 V                       ; 1.85e-07 V                   ; 3.57 V              ; -0.141 V            ; 0.301 V                              ; 0.239 V                              ; 4.61e-10 s                  ; 4.2e-10 s                   ; No                         ; No                         ; 3.46 V                      ; 1.85e-07 V                  ; 3.57 V             ; -0.141 V           ; 0.301 V                             ; 0.239 V                             ; 4.61e-10 s                 ; 4.2e-10 s                  ; No                        ; No                        ;
; GPIO[32]      ; 3.3-V LVTTL  ; 0 s                 ; 0 s                 ; 3.46 V                       ; 1.85e-07 V                   ; 3.57 V              ; -0.141 V            ; 0.301 V                              ; 0.239 V                              ; 4.61e-10 s                  ; 4.2e-10 s                   ; No                         ; No                         ; 3.46 V                      ; 1.85e-07 V                  ; 3.57 V             ; -0.141 V           ; 0.301 V                             ; 0.239 V                             ; 4.61e-10 s                 ; 4.2e-10 s                  ; No                        ; No                        ;
; GPIO[33]      ; 3.3-V LVTTL  ; 0 s                 ; 0 s                 ; 3.46 V                       ; 1.85e-07 V                   ; 3.57 V              ; -0.141 V            ; 0.301 V                              ; 0.239 V                              ; 4.61e-10 s                  ; 4.2e-10 s                   ; No                         ; No                         ; 3.46 V                      ; 1.85e-07 V                  ; 3.57 V             ; -0.141 V           ; 0.301 V                             ; 0.239 V                             ; 4.61e-10 s                 ; 4.2e-10 s                  ; No                        ; No                        ;
; GPIO[34]      ; 3.3-V LVTTL  ; 0 s                 ; 0 s                 ; 3.46 V                       ; 1.85e-07 V                   ; 3.57 V              ; -0.141 V            ; 0.301 V                              ; 0.239 V                              ; 4.61e-10 s                  ; 4.2e-10 s                   ; No                         ; No                         ; 3.46 V                      ; 1.85e-07 V                  ; 3.57 V             ; -0.141 V           ; 0.301 V                             ; 0.239 V                             ; 4.61e-10 s                 ; 4.2e-10 s                  ; No                        ; No                        ;
; GPIO[35]      ; 3.3-V LVTTL  ; 0 s                 ; 0 s                 ; 3.46 V                       ; 1.85e-07 V                   ; 3.57 V              ; -0.141 V            ; 0.301 V                              ; 0.239 V                              ; 4.61e-10 s                  ; 4.2e-10 s                   ; No                         ; No                         ; 3.46 V                      ; 1.85e-07 V                  ; 3.57 V             ; -0.141 V           ; 0.301 V                             ; 0.239 V                             ; 4.61e-10 s                 ; 4.2e-10 s                  ; No                        ; No                        ;
; GPIO[0]       ; 3.3-V LVTTL  ; 0 s                 ; 0 s                 ; 3.46 V                       ; 1.85e-07 V                   ; 3.48 V              ; -0.0173 V           ; 0.356 V                              ; 0.324 V                              ; 3.89e-09 s                  ; 3.06e-09 s                  ; No                         ; No                         ; 3.46 V                      ; 1.85e-07 V                  ; 3.48 V             ; -0.0173 V          ; 0.356 V                             ; 0.324 V                             ; 3.89e-09 s                 ; 3.06e-09 s                 ; No                        ; No                        ;
; GPIO[1]       ; 3.3-V LVTTL  ; 0 s                 ; 0 s                 ; 3.46 V                       ; 1.85e-07 V                   ; 3.57 V              ; -0.141 V            ; 0.301 V                              ; 0.239 V                              ; 4.61e-10 s                  ; 4.2e-10 s                   ; No                         ; No                         ; 3.46 V                      ; 1.85e-07 V                  ; 3.57 V             ; -0.141 V           ; 0.301 V                             ; 0.239 V                             ; 4.61e-10 s                 ; 4.2e-10 s                  ; No                        ; No                        ;
; GPIO[2]       ; 3.3-V LVTTL  ; 0 s                 ; 0 s                 ; 3.46 V                       ; 1.85e-07 V                   ; 3.57 V              ; -0.141 V            ; 0.301 V                              ; 0.239 V                              ; 4.61e-10 s                  ; 4.2e-10 s                   ; No                         ; No                         ; 3.46 V                      ; 1.85e-07 V                  ; 3.57 V             ; -0.141 V           ; 0.301 V                             ; 0.239 V                             ; 4.61e-10 s                 ; 4.2e-10 s                  ; No                        ; No                        ;
; GPIO[3]       ; 3.3-V LVTTL  ; 0 s                 ; 0 s                 ; 3.46 V                       ; 1.85e-07 V                   ; 3.57 V              ; -0.141 V            ; 0.301 V                              ; 0.239 V                              ; 4.61e-10 s                  ; 4.2e-10 s                   ; No                         ; No                         ; 3.46 V                      ; 1.85e-07 V                  ; 3.57 V             ; -0.141 V           ; 0.301 V                             ; 0.239 V                             ; 4.61e-10 s                 ; 4.2e-10 s                  ; No                        ; No                        ;
; GPIO[4]       ; 3.3-V LVTTL  ; 0 s                 ; 0 s                 ; 3.46 V                       ; 1.85e-07 V                   ; 3.57 V              ; -0.141 V            ; 0.301 V                              ; 0.239 V                              ; 4.61e-10 s                  ; 4.2e-10 s                   ; No                         ; No                         ; 3.46 V                      ; 1.85e-07 V                  ; 3.57 V             ; -0.141 V           ; 0.301 V                             ; 0.239 V                             ; 4.61e-10 s                 ; 4.2e-10 s                  ; No                        ; No                        ;
; GPIO[5]       ; 3.3-V LVTTL  ; 0 s                 ; 0 s                 ; 3.46 V                       ; 1.85e-07 V                   ; 3.57 V              ; -0.141 V            ; 0.301 V                              ; 0.239 V                              ; 4.61e-10 s                  ; 4.2e-10 s                   ; No                         ; No                         ; 3.46 V                      ; 1.85e-07 V                  ; 3.57 V             ; -0.141 V           ; 0.301 V                             ; 0.239 V                             ; 4.61e-10 s                 ; 4.2e-10 s                  ; No                        ; No                        ;
; GPIO[6]       ; 3.3-V LVTTL  ; 0 s                 ; 0 s                 ; 3.46 V                       ; 1.85e-07 V                   ; 3.57 V              ; -0.141 V            ; 0.301 V                              ; 0.239 V                              ; 4.61e-10 s                  ; 4.2e-10 s                   ; No                         ; No                         ; 3.46 V                      ; 1.85e-07 V                  ; 3.57 V             ; -0.141 V           ; 0.301 V                             ; 0.239 V                             ; 4.61e-10 s                 ; 4.2e-10 s                  ; No                        ; No                        ;
; FAN_CTRL      ; 2.5 V        ; 0 s                 ; 0 s                 ; 2.62 V                       ; 2.74e-08 V                   ; 2.71 V              ; -0.0317 V           ; 0.148 V                              ; 0.064 V                              ; 4.51e-10 s                  ; 4.15e-10 s                  ; No                         ; Yes                        ; 2.62 V                      ; 2.74e-08 V                  ; 2.71 V             ; -0.0317 V          ; 0.148 V                             ; 0.064 V                             ; 4.51e-10 s                 ; 4.15e-10 s                 ; No                        ; Yes                       ;
; ~ALTERA_NCEO~ ; 2.5 V        ; 0 s                 ; 0 s                 ; 2.62 V                       ; 2.65e-08 V                   ; 3.12 V              ; -0.147 V            ; 0.571 V                              ; 0.186 V                              ; 8.91e-11 s                  ; 1.76e-10 s                  ; No                         ; Yes                        ; 2.62 V                      ; 2.65e-08 V                  ; 3.12 V             ; -0.147 V           ; 0.571 V                             ; 0.186 V                             ; 8.91e-11 s                 ; 1.76e-10 s                 ; No                        ; Yes                       ;
; ~ALTERA_DCLK~ ; 2.5 V        ; 0 s                 ; 0 s                 ; 2.62 V                       ; 3.26e-08 V                   ; 2.73 V              ; -0.0622 V           ; 0.148 V                              ; 0.088 V                              ; 2.68e-10 s                  ; 2.25e-10 s                  ; Yes                        ; Yes                        ; 2.62 V                      ; 3.26e-08 V                  ; 2.73 V             ; -0.0622 V          ; 0.148 V                             ; 0.088 V                             ; 2.68e-10 s                 ; 2.25e-10 s                 ; Yes                       ; Yes                       ;
+---------------+--------------+---------------------+---------------------+------------------------------+------------------------------+---------------------+---------------------+--------------------------------------+--------------------------------------+-----------------------------+-----------------------------+----------------------------+----------------------------+-----------------------------+-----------------------------+--------------------+--------------------+-------------------------------------+-------------------------------------+----------------------------+----------------------------+---------------------------+---------------------------+


+-------------------------------------------------------------------+
; Setup Transfers                                                   ;
+------------+----------+----------+----------+----------+----------+
; From Clock ; To Clock ; RR Paths ; FR Paths ; RF Paths ; FF Paths ;
+------------+----------+----------+----------+----------+----------+
; CLOCK_50   ; CLOCK_50 ; 348708   ; 0        ; 0        ; 0        ;
+------------+----------+----------+----------+----------+----------+
Entries labeled "false path" only account for clock-to-clock false paths and not path-based false paths. As a result, actual path counts may be lower than reported.


+-------------------------------------------------------------------+
; Hold Transfers                                                    ;
+------------+----------+----------+----------+----------+----------+
; From Clock ; To Clock ; RR Paths ; FR Paths ; RF Paths ; FF Paths ;
+------------+----------+----------+----------+----------+----------+
; CLOCK_50   ; CLOCK_50 ; 348708   ; 0        ; 0        ; 0        ;
+------------+----------+----------+----------+----------+----------+
Entries labeled "false path" only account for clock-to-clock false paths and not path-based false paths. As a result, actual path counts may be lower than reported.


+-------------------------------------------------------------------+
; Recovery Transfers                                                ;
+------------+----------+----------+----------+----------+----------+
; From Clock ; To Clock ; RR Paths ; FR Paths ; RF Paths ; FF Paths ;
+------------+----------+----------+----------+----------+----------+
; CLOCK_50   ; CLOCK_50 ; 150      ; 0        ; 0        ; 0        ;
+------------+----------+----------+----------+----------+----------+
Entries labeled "false path" only account for clock-to-clock false paths and not path-based false paths. As a result, actual path counts may be lower than reported.


+-------------------------------------------------------------------+
; Removal Transfers                                                 ;
+------------+----------+----------+----------+----------+----------+
; From Clock ; To Clock ; RR Paths ; FR Paths ; RF Paths ; FF Paths ;
+------------+----------+----------+----------+----------+----------+
; CLOCK_50   ; CLOCK_50 ; 150      ; 0        ; 0        ; 0        ;
+------------+----------+----------+----------+----------+----------+
Entries labeled "false path" only account for clock-to-clock false paths and not path-based false paths. As a result, actual path counts may be lower than reported.


---------------
; Report TCCS ;
---------------
No dedicated SERDES Transmitter circuitry present in device or used in design


---------------
; Report RSKM ;
---------------
No non-DPA dedicated SERDES Receiver circuitry present in device or used in design


+------------------------------------------------+
; Unconstrained Paths Summary                    ;
+---------------------------------+-------+------+
; Property                        ; Setup ; Hold ;
+---------------------------------+-------+------+
; Illegal Clocks                  ; 0     ; 0    ;
; Unconstrained Clocks            ; 0     ; 0    ;
; Unconstrained Input Ports       ; 11    ; 11   ;
; Unconstrained Input Port Paths  ; 353   ; 353  ;
; Unconstrained Output Ports      ; 45    ; 45   ;
; Unconstrained Output Port Paths ; 423   ; 423  ;
+---------------------------------+-------+------+


+------------------------------------------+
; Clock Status Summary                     ;
+----------+----------+------+-------------+
; Target   ; Clock    ; Type ; Status      ;
+----------+----------+------+-------------+
; CLOCK_50 ; CLOCK_50 ; Base ; Constrained ;
+----------+----------+------+-------------+


+---------------------------------------------------------------------------------------------------+
; Unconstrained Input Ports                                                                         ;
+------------+--------------------------------------------------------------------------------------+
; Input Port ; Comment                                                                              ;
+------------+--------------------------------------------------------------------------------------+
; GPIO[5]    ; No input delay, min/max delays, false-path exceptions, or max skew assignments found ;
; GPIO[6]    ; No input delay, min/max delays, false-path exceptions, or max skew assignments found ;
; KEY[0]     ; No input delay, min/max delays, false-path exceptions, or max skew assignments found ;
; KEY[1]     ; No input delay, min/max delays, false-path exceptions, or max skew assignments found ;
; KEY[2]     ; No input delay, min/max delays, false-path exceptions, or max skew assignments found ;
; KEY[3]     ; No input delay, min/max delays, false-path exceptions, or max skew assignments found ;
; SW[0]      ; No input delay, min/max delays, false-path exceptions, or max skew assignments found ;
; SW[1]      ; No input delay, min/max delays, false-path exceptions, or max skew assignments found ;
; SW[2]      ; No input delay, min/max delays, false-path exceptions, or max skew assignments found ;
; SW[3]      ; No input delay, min/max delays, false-path exceptions, or max skew assignments found ;
; SW[4]      ; No input delay, min/max delays, false-path exceptions, or max skew assignments found ;
+------------+--------------------------------------------------------------------------------------+


+-----------------------------------------------------------------------------------------------------+
; Unconstrained Output Ports                                                                          ;
+-------------+---------------------------------------------------------------------------------------+
; Output Port ; Comment                                                                               ;
+-------------+---------------------------------------------------------------------------------------+
; GPIO[0]     ; No output delay, min/max delays, false-path exceptions, or max skew assignments found ;
; GPIO[1]     ; No output delay, min/max delays, false-path exceptions, or max skew assignments found ;
; GPIO[2]     ; No output delay, min/max delays, false-path exceptions, or max skew assignments found ;
; GPIO[3]     ; No output delay, min/max delays, false-path exceptions, or max skew assignments found ;
; GPIO[4]     ; No output delay, min/max delays, false-path exceptions, or max skew assignments found ;
; HEX0[0]     ; No output delay, min/max delays, false-path exceptions, or max skew assignments found ;
; HEX0[1]     ; No output delay, min/max delays, false-path exceptions, or max skew assignments found ;
; HEX0[2]     ; No output delay, min/max delays, false-path exceptions, or max skew assignments found ;
; HEX0[3]     ; No output delay, min/max delays, false-path exceptions, or max skew assignments found ;
; HEX0[4]     ; No output delay, min/max delays, false-path exceptions, or max skew assignments found ;
; HEX0[5]     ; No output delay, min/max delays, false-path exceptions, or max skew assignments found ;
; HEX0[6]     ; No output delay, min/max delays, false-path exceptions, or max skew assignments found ;
; HEX1[0]     ; No output delay, min/max delays, false-path exceptions, or max skew assignments found ;
; HEX1[1]     ; No output delay, min/max delays, false-path exceptions, or max skew assignments found ;
; HEX1[2]     ; No output delay, min/max delays, false-path exceptions, or max skew assignments found ;
; HEX1[3]     ; No output delay, min/max delays, false-path exceptions, or max skew assignments found ;
; HEX1[4]     ; No output delay, min/max delays, false-path exceptions, or max skew assignments found ;
; HEX1[5]     ; No output delay, min/max delays, false-path exceptions, or max skew assignments found ;
; HEX1[6]     ; No output delay, min/max delays, false-path exceptions, or max skew assignments found ;
; HEX2[0]     ; No output delay, min/max delays, false-path exceptions, or max skew assignments found ;
; HEX2[2]     ; No output delay, min/max delays, false-path exceptions, or max skew assignments found ;
; HEX2[3]     ; No output delay, min/max delays, false-path exceptions, or max skew assignments found ;
; HEX2[4]     ; No output delay, min/max delays, false-path exceptions, or max skew assignments found ;
; HEX2[5]     ; No output delay, min/max delays, false-path exceptions, or max skew assignments found ;
; HEX2[6]     ; No output delay, min/max delays, false-path exceptions, or max skew assignments found ;
; HEX3[0]     ; No output delay, min/max delays, false-path exceptions, or max skew assignments found ;
; HEX3[1]     ; No output delay, min/max delays, false-path exceptions, or max skew assignments found ;
; HEX3[2]     ; No output delay, min/max delays, false-path exceptions, or max skew assignments found ;
; HEX3[3]     ; No output delay, min/max delays, false-path exceptions, or max skew assignments found ;
; HEX3[4]     ; No output delay, min/max delays, false-path exceptions, or max skew assignments found ;
; HEX3[5]     ; No output delay, min/max delays, false-path exceptions, or max skew assignments found ;
; HEX3[6]     ; No output delay, min/max delays, false-path exceptions, or max skew assignments found ;
; HEX4[0]     ; No output delay, min/max delays, false-path exceptions, or max skew assignments found ;
; HEX4[1]     ; No output delay, min/max delays, false-path exceptions, or max skew assignments found ;
; HEX4[2]     ; No output delay, min/max delays, false-path exceptions, or max skew assignments found ;
; HEX4[3]     ; No output delay, min/max delays, false-path exceptions, or max skew assignments found ;
; HEX4[4]     ; No output delay, min/max delays, false-path exceptions, or max skew assignments found ;
; HEX4[5]     ; No output delay, min/max delays, false-path exceptions, or max skew assignments found ;
; HEX4[6]     ; No output delay, min/max delays, false-path exceptions, or max skew assignments found ;
; HEX5[0]     ; No output delay, min/max delays, false-path exceptions, or max skew assignments found ;
; HEX5[2]     ; No output delay, min/max delays, false-path exceptions, or max skew assignments found ;
; HEX5[3]     ; No output delay, min/max delays, false-path exceptions, or max skew assignments found ;
; HEX5[4]     ; No output delay, min/max delays, false-path exceptions, or max skew assignments found ;
; HEX5[5]     ; No output delay, min/max delays, false-path exceptions, or max skew assignments found ;
; HEX5[6]     ; No output delay, min/max delays, false-path exceptions, or max skew assignments found ;
+-------------+---------------------------------------------------------------------------------------+


+---------------------------------------------------------------------------------------------------+
; Unconstrained Input Ports                                                                         ;
+------------+--------------------------------------------------------------------------------------+
; Input Port ; Comment                                                                              ;
+------------+--------------------------------------------------------------------------------------+
; GPIO[5]    ; No input delay, min/max delays, false-path exceptions, or max skew assignments found ;
; GPIO[6]    ; No input delay, min/max delays, false-path exceptions, or max skew assignments found ;
; KEY[0]     ; No input delay, min/max delays, false-path exceptions, or max skew assignments found ;
; KEY[1]     ; No input delay, min/max delays, false-path exceptions, or max skew assignments found ;
; KEY[2]     ; No input delay, min/max delays, false-path exceptions, or max skew assignments found ;
; KEY[3]     ; No input delay, min/max delays, false-path exceptions, or max skew assignments found ;
; SW[0]      ; No input delay, min/max delays, false-path exceptions, or max skew assignments found ;
; SW[1]      ; No input delay, min/max delays, false-path exceptions, or max skew assignments found ;
; SW[2]      ; No input delay, min/max delays, false-path exceptions, or max skew assignments found ;
; SW[3]      ; No input delay, min/max delays, false-path exceptions, or max skew assignments found ;
; SW[4]      ; No input delay, min/max delays, false-path exceptions, or max skew assignments found ;
+------------+--------------------------------------------------------------------------------------+


+-----------------------------------------------------------------------------------------------------+
; Unconstrained Output Ports                                                                          ;
+-------------+---------------------------------------------------------------------------------------+
; Output Port ; Comment                                                                               ;
+-------------+---------------------------------------------------------------------------------------+
; GPIO[0]     ; No output delay, min/max delays, false-path exceptions, or max skew assignments found ;
; GPIO[1]     ; No output delay, min/max delays, false-path exceptions, or max skew assignments found ;
; GPIO[2]     ; No output delay, min/max delays, false-path exceptions, or max skew assignments found ;
; GPIO[3]     ; No output delay, min/max delays, false-path exceptions, or max skew assignments found ;
; GPIO[4]     ; No output delay, min/max delays, false-path exceptions, or max skew assignments found ;
; HEX0[0]     ; No output delay, min/max delays, false-path exceptions, or max skew assignments found ;
; HEX0[1]     ; No output delay, min/max delays, false-path exceptions, or max skew assignments found ;
; HEX0[2]     ; No output delay, min/max delays, false-path exceptions, or max skew assignments found ;
; HEX0[3]     ; No output delay, min/max delays, false-path exceptions, or max skew assignments found ;
; HEX0[4]     ; No output delay, min/max delays, false-path exceptions, or max skew assignments found ;
; HEX0[5]     ; No output delay, min/max delays, false-path exceptions, or max skew assignments found ;
; HEX0[6]     ; No output delay, min/max delays, false-path exceptions, or max skew assignments found ;
; HEX1[0]     ; No output delay, min/max delays, false-path exceptions, or max skew assignments found ;
; HEX1[1]     ; No output delay, min/max delays, false-path exceptions, or max skew assignments found ;
; HEX1[2]     ; No output delay, min/max delays, false-path exceptions, or max skew assignments found ;
; HEX1[3]     ; No output delay, min/max delays, false-path exceptions, or max skew assignments found ;
; HEX1[4]     ; No output delay, min/max delays, false-path exceptions, or max skew assignments found ;
; HEX1[5]     ; No output delay, min/max delays, false-path exceptions, or max skew assignments found ;
; HEX1[6]     ; No output delay, min/max delays, false-path exceptions, or max skew assignments found ;
; HEX2[0]     ; No output delay, min/max delays, false-path exceptions, or max skew assignments found ;
; HEX2[2]     ; No output delay, min/max delays, false-path exceptions, or max skew assignments found ;
; HEX2[3]     ; No output delay, min/max delays, false-path exceptions, or max skew assignments found ;
; HEX2[4]     ; No output delay, min/max delays, false-path exceptions, or max skew assignments found ;
; HEX2[5]     ; No output delay, min/max delays, false-path exceptions, or max skew assignments found ;
; HEX2[6]     ; No output delay, min/max delays, false-path exceptions, or max skew assignments found ;
; HEX3[0]     ; No output delay, min/max delays, false-path exceptions, or max skew assignments found ;
; HEX3[1]     ; No output delay, min/max delays, false-path exceptions, or max skew assignments found ;
; HEX3[2]     ; No output delay, min/max delays, false-path exceptions, or max skew assignments found ;
; HEX3[3]     ; No output delay, min/max delays, false-path exceptions, or max skew assignments found ;
; HEX3[4]     ; No output delay, min/max delays, false-path exceptions, or max skew assignments found ;
; HEX3[5]     ; No output delay, min/max delays, false-path exceptions, or max skew assignments found ;
; HEX3[6]     ; No output delay, min/max delays, false-path exceptions, or max skew assignments found ;
; HEX4[0]     ; No output delay, min/max delays, false-path exceptions, or max skew assignments found ;
; HEX4[1]     ; No output delay, min/max delays, false-path exceptions, or max skew assignments found ;
; HEX4[2]     ; No output delay, min/max delays, false-path exceptions, or max skew assignments found ;
; HEX4[3]     ; No output delay, min/max delays, false-path exceptions, or max skew assignments found ;
; HEX4[4]     ; No output delay, min/max delays, false-path exceptions, or max skew assignments found ;
; HEX4[5]     ; No output delay, min/max delays, false-path exceptions, or max skew assignments found ;
; HEX4[6]     ; No output delay, min/max delays, false-path exceptions, or max skew assignments found ;
; HEX5[0]     ; No output delay, min/max delays, false-path exceptions, or max skew assignments found ;
; HEX5[2]     ; No output delay, min/max delays, false-path exceptions, or max skew assignments found ;
; HEX5[3]     ; No output delay, min/max delays, false-path exceptions, or max skew assignments found ;
; HEX5[4]     ; No output delay, min/max delays, false-path exceptions, or max skew assignments found ;
; HEX5[5]     ; No output delay, min/max delays, false-path exceptions, or max skew assignments found ;
; HEX5[6]     ; No output delay, min/max delays, false-path exceptions, or max skew assignments found ;
+-------------+---------------------------------------------------------------------------------------+


+--------------------------+
; Timing Analyzer Messages ;
+--------------------------+
Info: *******************************************************************
Info: Running Quartus Prime Timing Analyzer
    Info: Version 25.1std.0 Build 1129 10/21/2025 SC Lite Edition
    Info: Processing started: Mon Mar  9 21:31:11 2026
Info: Command: quartus_sta HWDP_PR_DE2 -c HWDP_PR_DE2
Info: qsta_default_script.tcl version: #1
Warning (18236): Number of processors has not been specified which may cause overloading on shared machines.  Set the global assignment NUM_PARALLEL_PROCESSORS in your QSF to an appropriate value for best performance.
Info (20030): Parallel compilation is enabled and will use 16 of the 16 processors detected
Info (21077): Low junction temperature is 0 degrees C
Info (21077): High junction temperature is 85 degrees C
Critical Warning (332012): Synopsys Design Constraints File file not found: 'HWDP_PR_DE2.SDC'. A Synopsys Design Constraints File is required by the Timing Analyzer to get proper timing constraints. Without it, the Compiler will not properly optimize the design.
Info (332142): No user constrained base clocks found in the design. Calling "derive_clocks -period 1.0"
Info (332105): Deriving Clocks
    Info (332105): create_clock -period 1.000 -name CLOCK_50 CLOCK_50
Info (332143): No user constrained clock uncertainty found in the design. Calling "derive_clock_uncertainty"
Info (332123): Deriving Clock Uncertainty. Please refer to report_sdc in the Timing Analyzer to see clock uncertainties.
Info: Found TIMING_ANALYZER_REPORT_SCRIPT_INCLUDE_DEFAULT_ANALYSIS = ON
Info: Analyzing Slow 1200mV 85C Model
Critical Warning (332148): Timing requirements not met
    Info (11105): For recommendations on closing timing, run Report Timing Closure Recommendations in the Timing Analyzer.
Info (332146): Worst-case setup slack is -11.364
    Info (332119):     Slack       End Point TNS Clock 
    Info (332119): ========= =================== =====================
    Info (332119):   -11.364           -2128.826 CLOCK_50 
Info (332146): Worst-case hold slack is 0.333
    Info (332119):     Slack       End Point TNS Clock 
    Info (332119): ========= =================== =====================
    Info (332119):     0.333               0.000 CLOCK_50 
Info (332146): Worst-case recovery slack is -1.228
    Info (332119):     Slack       End Point TNS Clock 
    Info (332119): ========= =================== =====================
    Info (332119):    -1.228             -75.966 CLOCK_50 
Info (332146): Worst-case removal slack is 0.544
    Info (332119):     Slack       End Point TNS Clock 
    Info (332119): ========= =================== =====================
    Info (332119):     0.544               0.000 CLOCK_50 
Info (332146): Worst-case minimum pulse width slack is -3.000
    Info (332119):     Slack       End Point TNS Clock 
    Info (332119): ========= =================== =====================
    Info (332119):    -3.000            -787.632 CLOCK_50 
Info (332114): Report Metastability: Found 7 synchronizer chains.
    Info (332114): Design MTBF is not calculated because the design doesn't meet its timing requirements.
Info: Analyzing Slow 1200mV 0C Model
Info (334003): Started post-fitting delay annotation
Info (334004): Delay annotation completed successfully
Info (332123): Deriving Clock Uncertainty. Please refer to report_sdc in the Timing Analyzer to see clock uncertainties.
Critical Warning (332148): Timing requirements not met
    Info (11105): For recommendations on closing timing, run Report Timing Closure Recommendations in the Timing Analyzer.
Info (332146): Worst-case setup slack is -10.160
    Info (332119):     Slack       End Point TNS Clock 
    Info (332119): ========= =================== =====================
    Info (332119):   -10.160           -1893.815 CLOCK_50 
Info (332146): Worst-case hold slack is 0.329
    Info (332119):     Slack       End Point TNS Clock 
    Info (332119): ========= =================== =====================
    Info (332119):     0.329               0.000 CLOCK_50 
Info (332146): Worst-case recovery slack is -1.044
    Info (332119):     Slack       End Point TNS Clock 
    Info (332119): ========= =================== =====================
    Info (332119):    -1.044             -55.541 CLOCK_50 
Info (332146): Worst-case removal slack is 0.487
    Info (332119):     Slack       End Point TNS Clock 
    Info (332119): ========= =================== =====================
    Info (332119):     0.487               0.000 CLOCK_50 
Info (332146): Worst-case minimum pulse width slack is -3.000
    Info (332119):     Slack       End Point TNS Clock 
    Info (332119): ========= =================== =====================
    Info (332119):    -3.000            -786.576 CLOCK_50 
Info (332114): Report Metastability: Found 7 synchronizer chains.
    Info (332114): Design MTBF is not calculated because the design doesn't meet its timing requirements.
Info: Analyzing Fast 1200mV 0C Model
Info (332123): Deriving Clock Uncertainty. Please refer to report_sdc in the Timing Analyzer to see clock uncertainties.
Critical Warning (332148): Timing requirements not met
    Info (11105): For recommendations on closing timing, run Report Timing Closure Recommendations in the Timing Analyzer.
Info (332146): Worst-case setup slack is -5.078
    Info (332119):     Slack       End Point TNS Clock 
    Info (332119): ========= =================== =====================
    Info (332119):    -5.078            -802.062 CLOCK_50 
Info (332146): Worst-case hold slack is 0.133
    Info (332119):     Slack       End Point TNS Clock 
    Info (332119): ========= =================== =====================
    Info (332119):     0.133               0.000 CLOCK_50 
Info (332146): Worst-case recovery slack is -0.082
    Info (332119):     Slack       End Point TNS Clock 
    Info (332119): ========= =================== =====================
    Info (332119):    -0.082              -1.805 CLOCK_50 
Info (332146): Worst-case removal slack is 0.264
    Info (332119):     Slack       End Point TNS Clock 
    Info (332119): ========= =================== =====================
    Info (332119):     0.264               0.000 CLOCK_50 
Info (332146): Worst-case minimum pulse width slack is -3.000
    Info (332119):     Slack       End Point TNS Clock 
    Info (332119): ========= =================== =====================
    Info (332119):    -3.000            -612.560 CLOCK_50 
Info (332114): Report Metastability: Found 7 synchronizer chains.
    Info (332114): Design MTBF is not calculated because the design doesn't meet its timing requirements.
Info (332102): Design is not fully constrained for setup requirements
Info (332102): Design is not fully constrained for hold requirements
Info: Quartus Prime Timing Analyzer was successful. 0 errors, 5 warnings
    Info: Peak virtual memory: 711 megabytes
    Info: Processing ended: Mon Mar  9 21:31:13 2026
    Info: Elapsed time: 00:00:02
    Info: Total CPU time (on all processors): 00:00:02


