Analysis & Synthesis report for HWDP_PR9
Tue Mar 17 10:55:56 2026
Quartus Prime Version 25.1std.0 Build 1129 10/21/2025 SC Lite Edition


---------------------
; Table of Contents ;
---------------------
  1. Legal Notice
  2. Analysis & Synthesis Summary
  3. Analysis & Synthesis Settings
  4. Parallel Compilation
  5. Analysis & Synthesis Source Files Read
  6. Analysis & Synthesis Resource Usage Summary
  7. Analysis & Synthesis Resource Utilization by Entity
  8. Analysis & Synthesis RAM Summary
  9. Analysis & Synthesis DSP Block Usage Summary
 10. State Machine - |axis_controller|cmd_proc:cmd_proc|fsm_state
 11. State Machine - |axis_controller|btnCtrl:btnCtrl|fsm_state
 12. Registers Removed During Synthesis
 13. General Register Statistics
 14. Inverted Register Statistics
 15. Registers Packed Into Inferred Megafunctions
 16. Multiplexer Restructuring Statistics (Restructuring Performed)
 17. Source assignments for Tilt_board:tilt_y|moving_avg:moving_avg|altshift_taps:shift_reg_mem_rtl_0|shift_taps_1001:auto_generated|altsyncram_1jc1:altsyncram5
 18. Source assignments for Tilt_board:tilt_y|moving_avg:moving_avg|altshift_taps:shift_reg_mem_rtl_0|shift_taps_1001:auto_generated|cntr_33h:cntr6
 19. Parameter Settings for User Entity Instance: synchronizer_chain:sync1
 20. Parameter Settings for User Entity Instance: synchronizer_chain:sync2
 21. Parameter Settings for User Entity Instance: synchronizer_chain:sync3
 22. Parameter Settings for User Entity Instance: synchronizer_chain:sync4
 23. Parameter Settings for User Entity Instance: synchronizer_chain:sync5
 24. Parameter Settings for User Entity Instance: btnCtrl:btnCtrl|debouncer:dbnc_increment
 25. Parameter Settings for User Entity Instance: btnCtrl:btnCtrl|debouncer:dbnc_increment|periodical_strb_gen:strb_gen
 26. Parameter Settings for User Entity Instance: btnCtrl:btnCtrl|debouncer:dbnc_increment|periodical_strb_gen:strb_gen|strobe_generator:strb_gen
 27. Parameter Settings for User Entity Instance: btnCtrl:btnCtrl|debouncer:dbnc_decrement
 28. Parameter Settings for User Entity Instance: btnCtrl:btnCtrl|debouncer:dbnc_decrement|periodical_strb_gen:strb_gen
 29. Parameter Settings for User Entity Instance: btnCtrl:btnCtrl|debouncer:dbnc_decrement|periodical_strb_gen:strb_gen|strobe_generator:strb_gen
 30. Parameter Settings for User Entity Instance: btnCtrl:btnCtrl|debouncer:dbnc_switchTen
 31. Parameter Settings for User Entity Instance: btnCtrl:btnCtrl|debouncer:dbnc_switchTen|periodical_strb_gen:strb_gen
 32. Parameter Settings for User Entity Instance: btnCtrl:btnCtrl|debouncer:dbnc_switchTen|periodical_strb_gen:strb_gen|strobe_generator:strb_gen
 33. Parameter Settings for User Entity Instance: Tilt_board:tilt_x|moving_avg:moving_avg
 34. Parameter Settings for User Entity Instance: Tilt_board:tilt_x|synchronizer_chain:x_comp_sync
 35. Parameter Settings for User Entity Instance: Tilt_board:tilt_x|DeltaADC:adc|strobe_generator:strobe_gen
 36. Parameter Settings for User Entity Instance: Tilt_board:tilt_x|DeltaADC:adc|PWM:pwm
 37. Parameter Settings for User Entity Instance: Tilt_board:tilt_x|HoldValueOnStrb:holdValOnStrb
 38. Parameter Settings for User Entity Instance: Tilt_board:tilt_x|Tilt:tilt
 39. Parameter Settings for User Entity Instance: Tilt_board:tilt_y|moving_avg:moving_avg
 40. Parameter Settings for User Entity Instance: Tilt_board:tilt_y|synchronizer_chain:x_comp_sync
 41. Parameter Settings for User Entity Instance: Tilt_board:tilt_y|DeltaADC:adc|strobe_generator:strobe_gen
 42. Parameter Settings for User Entity Instance: Tilt_board:tilt_y|DeltaADC:adc|PWM:pwm
 43. Parameter Settings for User Entity Instance: Tilt_board:tilt_y|HoldValueOnStrb:holdValOnStrb
 44. Parameter Settings for User Entity Instance: Tilt_board:tilt_y|Tilt:tilt
 45. Parameter Settings for User Entity Instance: servo_controller:servoPwmX|PWM:pwm
 46. Parameter Settings for User Entity Instance: servo_controller:servoPwmY|PWM:pwm
 47. Parameter Settings for User Entity Instance: servo_controller:servoPwmZ|PWM:pwm
 48. Parameter Settings for User Entity Instance: cmd_proc:cmd_proc
 49. Parameter Settings for User Entity Instance: cmd_proc:cmd_proc|periodical_strb_gen:strb_gen
 50. Parameter Settings for User Entity Instance: cmd_proc:cmd_proc|periodical_strb_gen:strb_gen|strobe_generator:strb_gen
 51. Parameter Settings for Inferred Entity Instance: Tilt_board:tilt_y|moving_avg:moving_avg|altshift_taps:shift_reg_mem_rtl_0
 52. altshift_taps Parameter Settings by Entity Instance
 53. Port Connectivity Checks: "servo_controller:servoPwmZ"
 54. Port Connectivity Checks: "servo_controller:servoPwmX|PWM:pwm"
 55. Port Connectivity Checks: "Tilt_board:tilt_x|bin2bcd:bin2bcd"
 56. Port Connectivity Checks: "Tilt_board:tilt_x|DeltaADC:adc|PWM:pwm"
 57. Port Connectivity Checks: "btnCtrl:btnCtrl"
 58. Post-Synthesis Netlist Statistics for Top Partition
 59. Elapsed Time Per Partition
 60. Analysis & Synthesis Messages



----------------
; Legal Notice ;
----------------
Copyright (C) 2025  Altera Corporation. All rights reserved.
Your use of Altera Corporation's design tools, logic functions 
and other software and tools, and any partner logic 
functions, and any output files from any of the foregoing 
(including device programming or simulation files), and any 
associated documentation or information are expressly subject 
to the terms and conditions of the Altera Program License 
Subscription Agreement, the Altera Quartus Prime License Agreement,
the Altera IP License Agreement, or other applicable license
agreement, including, without limitation, that your use is for
the sole purpose of programming logic devices manufactured by
Altera and sold by Altera or its authorized distributors.  Please
refer to the Altera Software License Subscription Agreements 
on the Quartus Prime software download page.



+-----------------------------------------------------------------------------------+
; Analysis & Synthesis Summary                                                      ;
+---------------------------------+-------------------------------------------------+
; Analysis & Synthesis Status     ; Successful - Tue Mar 17 10:55:56 2026           ;
; Quartus Prime Version           ; 25.1std.0 Build 1129 10/21/2025 SC Lite Edition ;
; Revision Name                   ; HWDP_PR9                                        ;
; Top-level Entity Name           ; axis_controller                                 ;
; Family                          ; Cyclone V                                       ;
; Logic utilization (in ALMs)     ; N/A                                             ;
; Total registers                 ; 511                                             ;
; Total pins                      ; 59                                              ;
; Total virtual pins              ; 0                                               ;
; Total block memory bits         ; 272                                             ;
; Total DSP Blocks                ; 6                                               ;
; Total HSSI RX PCSs              ; 0                                               ;
; Total HSSI PMA RX Deserializers ; 0                                               ;
; Total HSSI TX PCSs              ; 0                                               ;
; Total HSSI PMA TX Serializers   ; 0                                               ;
; Total PLLs                      ; 0                                               ;
; Total DLLs                      ; 0                                               ;
+---------------------------------+-------------------------------------------------+


+---------------------------------------------------------------------------------------------------------------------------+
; Analysis & Synthesis Settings                                                                                             ;
+---------------------------------------------------------------------------------+--------------------+--------------------+
; Option                                                                          ; Setting            ; Default Value      ;
+---------------------------------------------------------------------------------+--------------------+--------------------+
; Device                                                                          ; 5CSXFC6D6F31C6     ;                    ;
; Top-level entity name                                                           ; axis_controller    ; HWDP_PR9           ;
; Family name                                                                     ; Cyclone V          ; Cyclone V          ;
; Use smart compilation                                                           ; Off                ; Off                ;
; Enable parallel Assembler and Timing Analyzer during compilation                ; On                 ; On                 ;
; Enable compact report table                                                     ; Off                ; Off                ;
; Restructure Multiplexers                                                        ; Auto               ; Auto               ;
; MLAB Add Timing Constraints For Mixed-Port Feed-Through Mode Setting Don't Care ; Off                ; Off                ;
; Create Debugging Nodes for IP Cores                                             ; Off                ; Off                ;
; Preserve fewer node names                                                       ; On                 ; On                 ;
; Intel FPGA IP Evaluation Mode                                                   ; Enable             ; Enable             ;
; Verilog Version                                                                 ; Verilog_2001       ; Verilog_2001       ;
; VHDL Version                                                                    ; VHDL_1993          ; VHDL_1993          ;
; State Machine Processing                                                        ; Auto               ; Auto               ;
; Safe State Machine                                                              ; Off                ; Off                ;
; Extract Verilog State Machines                                                  ; On                 ; On                 ;
; Extract VHDL State Machines                                                     ; On                 ; On                 ;
; Ignore Verilog initial constructs                                               ; Off                ; Off                ;
; Iteration limit for constant Verilog loops                                      ; 5000               ; 5000               ;
; Iteration limit for non-constant Verilog loops                                  ; 250                ; 250                ;
; Add Pass-Through Logic to Inferred RAMs                                         ; On                 ; On                 ;
; Infer RAMs from Raw Logic                                                       ; On                 ; On                 ;
; Parallel Synthesis                                                              ; On                 ; On                 ;
; DSP Block Balancing                                                             ; Auto               ; Auto               ;
; NOT Gate Push-Back                                                              ; On                 ; On                 ;
; Power-Up Don't Care                                                             ; On                 ; On                 ;
; Remove Redundant Logic Cells                                                    ; Off                ; Off                ;
; Remove Duplicate Registers                                                      ; On                 ; On                 ;
; Ignore CARRY Buffers                                                            ; Off                ; Off                ;
; Ignore CASCADE Buffers                                                          ; Off                ; Off                ;
; Ignore GLOBAL Buffers                                                           ; Off                ; Off                ;
; Ignore ROW GLOBAL Buffers                                                       ; Off                ; Off                ;
; Ignore LCELL Buffers                                                            ; Off                ; Off                ;
; Ignore SOFT Buffers                                                             ; On                 ; On                 ;
; Limit AHDL Integers to 32 Bits                                                  ; Off                ; Off                ;
; Optimization Technique                                                          ; Balanced           ; Balanced           ;
; Carry Chain Length                                                              ; 70                 ; 70                 ;
; Auto Carry Chains                                                               ; On                 ; On                 ;
; Auto Open-Drain Pins                                                            ; On                 ; On                 ;
; Perform WYSIWYG Primitive Resynthesis                                           ; Off                ; Off                ;
; Auto ROM Replacement                                                            ; On                 ; On                 ;
; Auto RAM Replacement                                                            ; On                 ; On                 ;
; Auto DSP Block Replacement                                                      ; On                 ; On                 ;
; Auto Shift Register Replacement                                                 ; Auto               ; Auto               ;
; Allow Shift Register Merging across Hierarchies                                 ; Auto               ; Auto               ;
; Auto Clock Enable Replacement                                                   ; On                 ; On                 ;
; Strict RAM Replacement                                                          ; Off                ; Off                ;
; Allow Synchronous Control Signals                                               ; On                 ; On                 ;
; Force Use of Synchronous Clear Signals                                          ; Off                ; Off                ;
; Auto Resource Sharing                                                           ; Off                ; Off                ;
; Allow Any RAM Size For Recognition                                              ; Off                ; Off                ;
; Allow Any ROM Size For Recognition                                              ; Off                ; Off                ;
; Allow Any Shift Register Size For Recognition                                   ; Off                ; Off                ;
; Use LogicLock Constraints during Resource Balancing                             ; On                 ; On                 ;
; Ignore translate_off and synthesis_off directives                               ; Off                ; Off                ;
; Timing-Driven Synthesis                                                         ; On                 ; On                 ;
; Report Parameter Settings                                                       ; On                 ; On                 ;
; Report Source Assignments                                                       ; On                 ; On                 ;
; Report Connectivity Checks                                                      ; On                 ; On                 ;
; Ignore Maximum Fan-Out Assignments                                              ; Off                ; Off                ;
; Synchronization Register Chain Length                                           ; 3                  ; 3                  ;
; Power Optimization During Synthesis                                             ; Normal compilation ; Normal compilation ;
; HDL message level                                                               ; Level2             ; Level2             ;
; Suppress Register Optimization Related Messages                                 ; Off                ; Off                ;
; Number of Removed Registers Reported in Synthesis Report                        ; 5000               ; 5000               ;
; Number of Swept Nodes Reported in Synthesis Report                              ; 5000               ; 5000               ;
; Number of Inverted Registers Reported in Synthesis Report                       ; 100                ; 100                ;
; Clock MUX Protection                                                            ; On                 ; On                 ;
; Auto Gated Clock Conversion                                                     ; Off                ; Off                ;
; Block Design Naming                                                             ; Auto               ; Auto               ;
; SDC constraint protection                                                       ; Off                ; Off                ;
; Synthesis Effort                                                                ; Auto               ; Auto               ;
; Shift Register Replacement - Allow Asynchronous Clear Signal                    ; On                 ; On                 ;
; Pre-Mapping Resynthesis Optimization                                            ; Off                ; Off                ;
; Analysis & Synthesis Message Level                                              ; Medium             ; Medium             ;
; Disable Register Merging Across Hierarchies                                     ; Auto               ; Auto               ;
; Resource Aware Inference For Block RAM                                          ; On                 ; On                 ;
; Automatic Parallel Synthesis                                                    ; On                 ; On                 ;
; Partial Reconfiguration Bitstream ID                                            ; Off                ; Off                ;
+---------------------------------------------------------------------------------+--------------------+--------------------+


+------------------------------------------+
; Parallel Compilation                     ;
+----------------------------+-------------+
; Processors                 ; Number      ;
+----------------------------+-------------+
; Number detected on machine ; 16          ;
; Maximum allowed            ; 16          ;
;                            ;             ;
; Average used               ; 1.00        ;
; Maximum used               ; 16          ;
;                            ;             ;
; Usage by Processor         ; % Time Used ;
;     Processor 1            ; 100.0%      ;
;     Processor 2            ;   0.0%      ;
;     Processor 3            ;   0.0%      ;
;     Processor 4            ;   0.0%      ;
;     Processor 5            ;   0.0%      ;
;     Processor 6            ;   0.0%      ;
;     Processor 7            ;   0.0%      ;
;     Processor 8            ;   0.0%      ;
;     Processor 9            ;   0.0%      ;
;     Processor 10           ;   0.0%      ;
;     Processor 11           ;   0.0%      ;
;     Processor 12           ;   0.0%      ;
;     Processor 13           ;   0.0%      ;
;     Processor 14           ;   0.0%      ;
;     Processors 15-16       ;   0.0%      ;
+----------------------------+-------------+


+------------------------------------------------------------------------------------------------------------------------------------------------------------------------------------+
; Analysis & Synthesis Source Files Read                                                                                                                                             ;
+----------------------------------+-----------------+------------------------------+--------------------------------------------------------------------------------------+---------+
; File Name with User-Entered Path ; Used in Netlist ; File Type                    ; File Name with Absolute Path                                                         ; Library ;
+----------------------------------+-----------------+------------------------------+--------------------------------------------------------------------------------------+---------+
; ../Tilt_e.vhd                    ; yes             ; User VHDL File               ; /home/felix/DEV/Uni/WS2025/Hardwaredesign/PR9/Tilt_e.vhd                             ;         ;
; ../Tilt_board_ea.vhd             ; yes             ; User VHDL File               ; /home/felix/DEV/Uni/WS2025/Hardwaredesign/PR9/Tilt_board_ea.vhd                      ;         ;
; ../Tilt_a.vhd                    ; yes             ; User VHDL File               ; /home/felix/DEV/Uni/WS2025/Hardwaredesign/PR9/Tilt_a.vhd                             ;         ;
; ../synchronizer_chain.vhd        ; yes             ; User VHDL File               ; /home/felix/DEV/Uni/WS2025/Hardwaredesign/PR9/synchronizer_chain.vhd                 ;         ;
; ../strbgen_K_ea.vhd              ; yes             ; User VHDL File               ; /home/felix/DEV/Uni/WS2025/Hardwaredesign/PR9/strbgen_K_ea.vhd                       ;         ;
; ../strb_gen_e.vhd                ; yes             ; User VHDL File               ; /home/felix/DEV/Uni/WS2025/Hardwaredesign/PR9/strb_gen_e.vhd                         ;         ;
; ../strb_gen_a.vhd                ; yes             ; User VHDL File               ; /home/felix/DEV/Uni/WS2025/Hardwaredesign/PR9/strb_gen_a.vhd                         ;         ;
; ../std_package.vhd               ; yes             ; User VHDL File               ; /home/felix/DEV/Uni/WS2025/Hardwaredesign/PR9/std_package.vhd                        ;         ;
; ../ServoControl_ea.vhd           ; yes             ; User VHDL File               ; /home/felix/DEV/Uni/WS2025/Hardwaredesign/PR9/ServoControl_ea.vhd                    ;         ;
; ../pwm_a.vhd                     ; yes             ; User VHDL File               ; /home/felix/DEV/Uni/WS2025/Hardwaredesign/PR9/pwm_a.vhd                              ;         ;
; ../pwm_e.vhd                     ; yes             ; User VHDL File               ; /home/felix/DEV/Uni/WS2025/Hardwaredesign/PR9/pwm_e.vhd                              ;         ;
; ../periodical_strb_gen_ea.vhd    ; yes             ; User VHDL File               ; /home/felix/DEV/Uni/WS2025/Hardwaredesign/PR9/periodical_strb_gen_ea.vhd             ;         ;
; ../moving_avg_ea.vhd             ; yes             ; User VHDL File               ; /home/felix/DEV/Uni/WS2025/Hardwaredesign/PR9/moving_avg_ea.vhd                      ;         ;
; ../HoldValueOnStrb_e.vhd         ; yes             ; User VHDL File               ; /home/felix/DEV/Uni/WS2025/Hardwaredesign/PR9/HoldValueOnStrb_e.vhd                  ;         ;
; ../HoldValueOnStrb_a.vhd         ; yes             ; User VHDL File               ; /home/felix/DEV/Uni/WS2025/Hardwaredesign/PR9/HoldValueOnStrb_a.vhd                  ;         ;
; ../deltaADC_ea.vhd               ; yes             ; User VHDL File               ; /home/felix/DEV/Uni/WS2025/Hardwaredesign/PR9/deltaADC_ea.vhd                        ;         ;
; ../debouncer_ea.vhd              ; yes             ; User VHDL File               ; /home/felix/DEV/Uni/WS2025/Hardwaredesign/PR9/debouncer_ea.vhd                       ;         ;
; ../Commands_p.vhd                ; yes             ; User VHDL File               ; /home/felix/DEV/Uni/WS2025/Hardwaredesign/PR9/Commands_p.vhd                         ;         ;
; ../CommandROM_ea.vhd             ; yes             ; User VHDL File               ; /home/felix/DEV/Uni/WS2025/Hardwaredesign/PR9/CommandROM_ea.vhd                      ;         ;
; ../cmd_proc_e.vhd                ; yes             ; User VHDL File               ; /home/felix/DEV/Uni/WS2025/Hardwaredesign/PR9/cmd_proc_e.vhd                         ;         ;
; ../cmd_proc_a.vhd                ; yes             ; User VHDL File               ; /home/felix/DEV/Uni/WS2025/Hardwaredesign/PR9/cmd_proc_a.vhd                         ;         ;
; ../btnCtrl_ea.vhd                ; yes             ; User VHDL File               ; /home/felix/DEV/Uni/WS2025/Hardwaredesign/PR9/btnCtrl_ea.vhd                         ;         ;
; ../bin2bcd_ea.vhd                ; yes             ; User VHDL File               ; /home/felix/DEV/Uni/WS2025/Hardwaredesign/PR9/bin2bcd_ea.vhd                         ;         ;
; ../bcd_to_7seg_ea.vhd            ; yes             ; User VHDL File               ; /home/felix/DEV/Uni/WS2025/Hardwaredesign/PR9/bcd_to_7seg_ea.vhd                     ;         ;
; ../axis_controller_ea.vhd        ; yes             ; User VHDL File               ; /home/felix/DEV/Uni/WS2025/Hardwaredesign/PR9/axis_controller_ea.vhd                 ;         ;
; altshift_taps.tdf                ; yes             ; Megafunction                 ; /home/felix/altera_lite/25.1std/quartus/libraries/megafunctions/altshift_taps.tdf    ;         ;
; altdpram.inc                     ; yes             ; Megafunction                 ; /home/felix/altera_lite/25.1std/quartus/libraries/megafunctions/altdpram.inc         ;         ;
; lpm_counter.inc                  ; yes             ; Megafunction                 ; /home/felix/altera_lite/25.1std/quartus/libraries/megafunctions/lpm_counter.inc      ;         ;
; lpm_compare.inc                  ; yes             ; Megafunction                 ; /home/felix/altera_lite/25.1std/quartus/libraries/megafunctions/lpm_compare.inc      ;         ;
; lpm_constant.inc                 ; yes             ; Megafunction                 ; /home/felix/altera_lite/25.1std/quartus/libraries/megafunctions/lpm_constant.inc     ;         ;
; db/shift_taps_1001.tdf           ; yes             ; Auto-Generated Megafunction  ; /home/felix/DEV/Uni/WS2025/Hardwaredesign/PR9/Quartus_Project/db/shift_taps_1001.tdf ;         ;
; db/altsyncram_1jc1.tdf           ; yes             ; Auto-Generated Megafunction  ; /home/felix/DEV/Uni/WS2025/Hardwaredesign/PR9/Quartus_Project/db/altsyncram_1jc1.tdf ;         ;
; db/cntr_gjf.tdf                  ; yes             ; Auto-Generated Megafunction  ; /home/felix/DEV/Uni/WS2025/Hardwaredesign/PR9/Quartus_Project/db/cntr_gjf.tdf        ;         ;
; db/cmpr_d9c.tdf                  ; yes             ; Auto-Generated Megafunction  ; /home/felix/DEV/Uni/WS2025/Hardwaredesign/PR9/Quartus_Project/db/cmpr_d9c.tdf        ;         ;
; db/cntr_33h.tdf                  ; yes             ; Auto-Generated Megafunction  ; /home/felix/DEV/Uni/WS2025/Hardwaredesign/PR9/Quartus_Project/db/cntr_33h.tdf        ;         ;
+----------------------------------+-----------------+------------------------------+--------------------------------------------------------------------------------------+---------+


+-----------------------------------------------------------+
; Analysis & Synthesis Resource Usage Summary               ;
+---------------------------------------------+-------------+
; Resource                                    ; Usage       ;
+---------------------------------------------+-------------+
; Estimate of Logic utilization (ALMs needed) ; 553         ;
;                                             ;             ;
; Combinational ALUT usage for logic          ; 966         ;
;     -- 7 input functions                    ; 0           ;
;     -- 6 input functions                    ; 117         ;
;     -- 5 input functions                    ; 93          ;
;     -- 4 input functions                    ; 79          ;
;     -- <=3 input functions                  ; 677         ;
;                                             ;             ;
; Dedicated logic registers                   ; 511         ;
;                                             ;             ;
; I/O pins                                    ; 59          ;
; Total MLAB memory bits                      ; 0           ;
; Total block memory bits                     ; 272         ;
;                                             ;             ;
; Total DSP Blocks                            ; 6           ;
;                                             ;             ;
; Maximum fan-out node                        ; clk_i~input ;
; Maximum fan-out                             ; 527         ;
; Total fan-out                               ; 5130        ;
; Average fan-out                             ; 3.17        ;
+---------------------------------------------+-------------+


+----------------------------------------------------------------------------------------------------------------------------------------------------------------------------------------------------------------------------------------------------------------------------------------------------------------------------------------------------+
; Analysis & Synthesis Resource Utilization by Entity                                                                                                                                                                                                                                                                                                ;
+----------------------------------------------+---------------------+---------------------------+-------------------+------------+------+--------------+-------------------------------------------------------------------------------------------------------------------------------------------------------+---------------------+--------------+
; Compilation Hierarchy Node                   ; Combinational ALUTs ; Dedicated Logic Registers ; Block Memory Bits ; DSP Blocks ; Pins ; Virtual Pins ; Full Hierarchy Name                                                                                                                                   ; Entity Name         ; Library Name ;
+----------------------------------------------+---------------------+---------------------------+-------------------+------------+------+--------------+-------------------------------------------------------------------------------------------------------------------------------------------------------+---------------------+--------------+
; |axis_controller                             ; 966 (47)            ; 511 (0)                   ; 272               ; 6          ; 59   ; 0            ; |axis_controller                                                                                                                                      ; axis_controller     ; work         ;
;    |Tilt_board:tilt_x|                       ; 157 (1)             ; 82 (0)                    ; 0                 ; 0          ; 0    ; 0            ; |axis_controller|Tilt_board:tilt_x                                                                                                                    ; Tilt_board          ; work         ;
;       |DeltaADC:adc|                         ; 107 (37)            ; 58 (17)                   ; 0                 ; 0          ; 0    ; 0            ; |axis_controller|Tilt_board:tilt_x|DeltaADC:adc                                                                                                       ; DeltaADC            ; work         ;
;          |PWM:pwm|                           ; 15 (15)             ; 8 (8)                     ; 0                 ; 0          ; 0    ; 0            ; |axis_controller|Tilt_board:tilt_x|DeltaADC:adc|PWM:pwm                                                                                               ; PWM                 ; work         ;
;          |strobe_generator:strobe_gen|       ; 55 (55)             ; 33 (33)                   ; 0                 ; 0          ; 0    ; 0            ; |axis_controller|Tilt_board:tilt_x|DeltaADC:adc|strobe_generator:strobe_gen                                                                           ; strobe_generator    ; work         ;
;       |HoldValueOnStrb:holdValOnStrb|        ; 0 (0)               ; 8 (8)                     ; 0                 ; 0          ; 0    ; 0            ; |axis_controller|Tilt_board:tilt_x|HoldValueOnStrb:holdValOnStrb                                                                                      ; HoldValueOnStrb     ; work         ;
;       |Tilt:tilt|                            ; 7 (7)               ; 0 (0)                     ; 0                 ; 0          ; 0    ; 0            ; |axis_controller|Tilt_board:tilt_x|Tilt:tilt                                                                                                          ; Tilt                ; work         ;
;       |bcd_to_7seg:bcd2sevenseg_hundreds|    ; 3 (3)               ; 0 (0)                     ; 0                 ; 0          ; 0    ; 0            ; |axis_controller|Tilt_board:tilt_x|bcd_to_7seg:bcd2sevenseg_hundreds                                                                                  ; bcd_to_7seg         ; work         ;
;       |bcd_to_7seg:bcd2sevenseg_ones|        ; 7 (7)               ; 0 (0)                     ; 0                 ; 0          ; 0    ; 0            ; |axis_controller|Tilt_board:tilt_x|bcd_to_7seg:bcd2sevenseg_ones                                                                                      ; bcd_to_7seg         ; work         ;
;       |bcd_to_7seg:bcd2sevenseg_tens|        ; 7 (7)               ; 0 (0)                     ; 0                 ; 0          ; 0    ; 0            ; |axis_controller|Tilt_board:tilt_x|bcd_to_7seg:bcd2sevenseg_tens                                                                                      ; bcd_to_7seg         ; work         ;
;       |bin2bcd:bin2bcd|                      ; 12 (12)             ; 0 (0)                     ; 0                 ; 0          ; 0    ; 0            ; |axis_controller|Tilt_board:tilt_x|bin2bcd:bin2bcd                                                                                                    ; bin2bcd             ; work         ;
;       |moving_avg:moving_avg|                ; 13 (13)             ; 13 (13)                   ; 0                 ; 0          ; 0    ; 0            ; |axis_controller|Tilt_board:tilt_x|moving_avg:moving_avg                                                                                              ; moving_avg          ; work         ;
;       |synchronizer_chain:x_comp_sync|       ; 0 (0)               ; 3 (3)                     ; 0                 ; 0          ; 0    ; 0            ; |axis_controller|Tilt_board:tilt_x|synchronizer_chain:x_comp_sync                                                                                     ; synchronizer_chain  ; work         ;
;    |Tilt_board:tilt_y|                       ; 123 (0)             ; 62 (0)                    ; 272               ; 0          ; 0    ; 0            ; |axis_controller|Tilt_board:tilt_y                                                                                                                    ; Tilt_board          ; work         ;
;       |DeltaADC:adc|                         ; 47 (32)             ; 24 (16)                   ; 0                 ; 0          ; 0    ; 0            ; |axis_controller|Tilt_board:tilt_y|DeltaADC:adc                                                                                                       ; DeltaADC            ; work         ;
;          |PWM:pwm|                           ; 15 (15)             ; 8 (8)                     ; 0                 ; 0          ; 0    ; 0            ; |axis_controller|Tilt_board:tilt_y|DeltaADC:adc|PWM:pwm                                                                                               ; PWM                 ; work         ;
;       |HoldValueOnStrb:holdValOnStrb|        ; 0 (0)               ; 8 (8)                     ; 0                 ; 0          ; 0    ; 0            ; |axis_controller|Tilt_board:tilt_y|HoldValueOnStrb:holdValOnStrb                                                                                      ; HoldValueOnStrb     ; work         ;
;       |Tilt:tilt|                            ; 7 (7)               ; 0 (0)                     ; 0                 ; 0          ; 0    ; 0            ; |axis_controller|Tilt_board:tilt_y|Tilt:tilt                                                                                                          ; Tilt                ; work         ;
;       |bcd_to_7seg:bcd2sevenseg_hundreds|    ; 3 (3)               ; 0 (0)                     ; 0                 ; 0          ; 0    ; 0            ; |axis_controller|Tilt_board:tilt_y|bcd_to_7seg:bcd2sevenseg_hundreds                                                                                  ; bcd_to_7seg         ; work         ;
;       |bcd_to_7seg:bcd2sevenseg_ones|        ; 7 (7)               ; 0 (0)                     ; 0                 ; 0          ; 0    ; 0            ; |axis_controller|Tilt_board:tilt_y|bcd_to_7seg:bcd2sevenseg_ones                                                                                      ; bcd_to_7seg         ; work         ;
;       |bcd_to_7seg:bcd2sevenseg_tens|        ; 7 (7)               ; 0 (0)                     ; 0                 ; 0          ; 0    ; 0            ; |axis_controller|Tilt_board:tilt_y|bcd_to_7seg:bcd2sevenseg_tens                                                                                      ; bcd_to_7seg         ; work         ;
;       |bin2bcd:bin2bcd|                      ; 12 (12)             ; 0 (0)                     ; 0                 ; 0          ; 0    ; 0            ; |axis_controller|Tilt_board:tilt_y|bin2bcd:bin2bcd                                                                                                    ; bin2bcd             ; work         ;
;       |moving_avg:moving_avg|                ; 40 (13)             ; 27 (12)                   ; 272               ; 0          ; 0    ; 0            ; |axis_controller|Tilt_board:tilt_y|moving_avg:moving_avg                                                                                              ; moving_avg          ; work         ;
;          |altshift_taps:shift_reg_mem_rtl_0| ; 27 (0)              ; 15 (0)                    ; 272               ; 0          ; 0    ; 0            ; |axis_controller|Tilt_board:tilt_y|moving_avg:moving_avg|altshift_taps:shift_reg_mem_rtl_0                                                            ; altshift_taps       ; work         ;
;             |shift_taps_1001:auto_generated| ; 27 (10)             ; 15 (6)                    ; 272               ; 0          ; 0    ; 0            ; |axis_controller|Tilt_board:tilt_y|moving_avg:moving_avg|altshift_taps:shift_reg_mem_rtl_0|shift_taps_1001:auto_generated                             ; shift_taps_1001     ; work         ;
;                |altsyncram_1jc1:altsyncram5| ; 0 (0)               ; 0 (0)                     ; 272               ; 0          ; 0    ; 0            ; |axis_controller|Tilt_board:tilt_y|moving_avg:moving_avg|altshift_taps:shift_reg_mem_rtl_0|shift_taps_1001:auto_generated|altsyncram_1jc1:altsyncram5 ; altsyncram_1jc1     ; work         ;
;                |cntr_33h:cntr6|              ; 10 (10)             ; 4 (4)                     ; 0                 ; 0          ; 0    ; 0            ; |axis_controller|Tilt_board:tilt_y|moving_avg:moving_avg|altshift_taps:shift_reg_mem_rtl_0|shift_taps_1001:auto_generated|cntr_33h:cntr6              ; cntr_33h            ; work         ;
;                |cntr_gjf:cntr1|              ; 7 (7)               ; 5 (5)                     ; 0                 ; 0          ; 0    ; 0            ; |axis_controller|Tilt_board:tilt_y|moving_avg:moving_avg|altshift_taps:shift_reg_mem_rtl_0|shift_taps_1001:auto_generated|cntr_gjf:cntr1              ; cntr_gjf            ; work         ;
;       |synchronizer_chain:x_comp_sync|       ; 0 (0)               ; 3 (3)                     ; 0                 ; 0          ; 0    ; 0            ; |axis_controller|Tilt_board:tilt_y|synchronizer_chain:x_comp_sync                                                                                     ; synchronizer_chain  ; work         ;
;    |btnCtrl:btnCtrl|                         ; 218 (47)            ; 128 (23)                  ; 0                 ; 0          ; 0    ; 0            ; |axis_controller|btnCtrl:btnCtrl                                                                                                                      ; btnCtrl             ; work         ;
;       |debouncer:dbnc_decrement|             ; 57 (2)              ; 35 (1)                    ; 0                 ; 0          ; 0    ; 0            ; |axis_controller|btnCtrl:btnCtrl|debouncer:dbnc_decrement                                                                                             ; debouncer           ; work         ;
;          |periodical_strb_gen:strb_gen|      ; 55 (0)              ; 34 (1)                    ; 0                 ; 0          ; 0    ; 0            ; |axis_controller|btnCtrl:btnCtrl|debouncer:dbnc_decrement|periodical_strb_gen:strb_gen                                                                ; periodical_strb_gen ; work         ;
;             |strobe_generator:strb_gen|      ; 55 (55)             ; 33 (33)                   ; 0                 ; 0          ; 0    ; 0            ; |axis_controller|btnCtrl:btnCtrl|debouncer:dbnc_decrement|periodical_strb_gen:strb_gen|strobe_generator:strb_gen                                      ; strobe_generator    ; work         ;
;       |debouncer:dbnc_increment|             ; 57 (2)              ; 35 (1)                    ; 0                 ; 0          ; 0    ; 0            ; |axis_controller|btnCtrl:btnCtrl|debouncer:dbnc_increment                                                                                             ; debouncer           ; work         ;
;          |periodical_strb_gen:strb_gen|      ; 55 (0)              ; 34 (1)                    ; 0                 ; 0          ; 0    ; 0            ; |axis_controller|btnCtrl:btnCtrl|debouncer:dbnc_increment|periodical_strb_gen:strb_gen                                                                ; periodical_strb_gen ; work         ;
;             |strobe_generator:strb_gen|      ; 55 (55)             ; 33 (33)                   ; 0                 ; 0          ; 0    ; 0            ; |axis_controller|btnCtrl:btnCtrl|debouncer:dbnc_increment|periodical_strb_gen:strb_gen|strobe_generator:strb_gen                                      ; strobe_generator    ; work         ;
;       |debouncer:dbnc_switchTen|             ; 57 (2)              ; 35 (1)                    ; 0                 ; 0          ; 0    ; 0            ; |axis_controller|btnCtrl:btnCtrl|debouncer:dbnc_switchTen                                                                                             ; debouncer           ; work         ;
;          |periodical_strb_gen:strb_gen|      ; 55 (0)              ; 34 (1)                    ; 0                 ; 0          ; 0    ; 0            ; |axis_controller|btnCtrl:btnCtrl|debouncer:dbnc_switchTen|periodical_strb_gen:strb_gen                                                                ; periodical_strb_gen ; work         ;
;             |strobe_generator:strb_gen|      ; 55 (55)             ; 33 (33)                   ; 0                 ; 0          ; 0    ; 0            ; |axis_controller|btnCtrl:btnCtrl|debouncer:dbnc_switchTen|periodical_strb_gen:strb_gen|strobe_generator:strb_gen                                      ; strobe_generator    ; work         ;
;    |cmd_proc:cmd_proc|                       ; 246 (161)           ; 162 (98)                  ; 0                 ; 0          ; 0    ; 0            ; |axis_controller|cmd_proc:cmd_proc                                                                                                                    ; cmd_proc            ; work         ;
;       |command_rom:cmd_rom|                  ; 30 (30)             ; 30 (30)                   ; 0                 ; 0          ; 0    ; 0            ; |axis_controller|cmd_proc:cmd_proc|command_rom:cmd_rom                                                                                                ; command_rom         ; work         ;
;       |periodical_strb_gen:strb_gen|         ; 55 (0)              ; 34 (1)                    ; 0                 ; 0          ; 0    ; 0            ; |axis_controller|cmd_proc:cmd_proc|periodical_strb_gen:strb_gen                                                                                       ; periodical_strb_gen ; work         ;
;          |strobe_generator:strb_gen|         ; 55 (55)             ; 33 (33)                   ; 0                 ; 0          ; 0    ; 0            ; |axis_controller|cmd_proc:cmd_proc|periodical_strb_gen:strb_gen|strobe_generator:strb_gen                                                             ; strobe_generator    ; work         ;
;    |servo_controller:servoPwmX|              ; 58 (16)             ; 20 (0)                    ; 0                 ; 2          ; 0    ; 0            ; |axis_controller|servo_controller:servoPwmX                                                                                                           ; servo_controller    ; work         ;
;       |PWM:pwm|                              ; 42 (42)             ; 20 (20)                   ; 0                 ; 0          ; 0    ; 0            ; |axis_controller|servo_controller:servoPwmX|PWM:pwm                                                                                                   ; PWM                 ; work         ;
;    |servo_controller:servoPwmY|              ; 58 (16)             ; 20 (0)                    ; 0                 ; 2          ; 0    ; 0            ; |axis_controller|servo_controller:servoPwmY                                                                                                           ; servo_controller    ; work         ;
;       |PWM:pwm|                              ; 42 (42)             ; 20 (20)                   ; 0                 ; 0          ; 0    ; 0            ; |axis_controller|servo_controller:servoPwmY|PWM:pwm                                                                                                   ; PWM                 ; work         ;
;    |servo_controller:servoPwmZ|              ; 58 (16)             ; 20 (0)                    ; 0                 ; 2          ; 0    ; 0            ; |axis_controller|servo_controller:servoPwmZ                                                                                                           ; servo_controller    ; work         ;
;       |PWM:pwm|                              ; 42 (42)             ; 20 (20)                   ; 0                 ; 0          ; 0    ; 0            ; |axis_controller|servo_controller:servoPwmZ|PWM:pwm                                                                                                   ; PWM                 ; work         ;
;    |strbgen_K:drawK_strbgen|                 ; 1 (1)               ; 2 (2)                     ; 0                 ; 0          ; 0    ; 0            ; |axis_controller|strbgen_K:drawK_strbgen                                                                                                              ; strbgen_K           ; work         ;
;    |synchronizer_chain:sync1|                ; 0 (0)               ; 3 (3)                     ; 0                 ; 0          ; 0    ; 0            ; |axis_controller|synchronizer_chain:sync1                                                                                                             ; synchronizer_chain  ; work         ;
;    |synchronizer_chain:sync2|                ; 0 (0)               ; 3 (3)                     ; 0                 ; 0          ; 0    ; 0            ; |axis_controller|synchronizer_chain:sync2                                                                                                             ; synchronizer_chain  ; work         ;
;    |synchronizer_chain:sync3|                ; 0 (0)               ; 3 (3)                     ; 0                 ; 0          ; 0    ; 0            ; |axis_controller|synchronizer_chain:sync3                                                                                                             ; synchronizer_chain  ; work         ;
;    |synchronizer_chain:sync4|                ; 0 (0)               ; 3 (3)                     ; 0                 ; 0          ; 0    ; 0            ; |axis_controller|synchronizer_chain:sync4                                                                                                             ; synchronizer_chain  ; work         ;
;    |synchronizer_chain:sync5|                ; 0 (0)               ; 3 (3)                     ; 0                 ; 0          ; 0    ; 0            ; |axis_controller|synchronizer_chain:sync5                                                                                                             ; synchronizer_chain  ; work         ;
+----------------------------------------------+---------------------+---------------------------+-------------------+------------+------+--------------+-------------------------------------------------------------------------------------------------------------------------------------------------------+---------------------+--------------+
Note: For table entries with two numbers listed, the numbers in parentheses indicate the number of resources of the given type used by the specific entity alone. The numbers listed outside of parentheses indicate the total resources of the given type used by the specific entity and all of its sub-entities in the hierarchy.


+-----------------------------------------------------------------------------------------------------------------------------------------------------------------------------------------------------------------------------------------------------+
; Analysis & Synthesis RAM Summary                                                                                                                                                                                                                    ;
+-------------------------------------------------------------------------------------------------------------------------------------------------+------+------------------+--------------+--------------+--------------+--------------+------+------+
; Name                                                                                                                                            ; Type ; Mode             ; Port A Depth ; Port A Width ; Port B Depth ; Port B Width ; Size ; MIF  ;
+-------------------------------------------------------------------------------------------------------------------------------------------------+------+------------------+--------------+--------------+--------------+--------------+------+------+
; Tilt_board:tilt_y|moving_avg:moving_avg|altshift_taps:shift_reg_mem_rtl_0|shift_taps_1001:auto_generated|altsyncram_1jc1:altsyncram5|ALTSYNCRAM ; AUTO ; Simple Dual Port ; 17           ; 16           ; 17           ; 16           ; 272  ; None ;
+-------------------------------------------------------------------------------------------------------------------------------------------------+------+------------------+--------------+--------------+--------------+--------------+------+------+


+-----------------------------------------------+
; Analysis & Synthesis DSP Block Usage Summary  ;
+---------------------------------+-------------+
; Statistic                       ; Number Used ;
+---------------------------------+-------------+
; Two Independent 18x18           ; 3           ;
; Independent 18x18 plus 36       ; 3           ;
; Total number of DSP blocks      ; 6           ;
;                                 ;             ;
; Fixed Point Unsigned Multiplier ; 6           ;
+---------------------------------+-------------+


Encoding Type:  One-Hot
+--------------------------------------------------------------------------------------------------------------------------------------------+
; State Machine - |axis_controller|cmd_proc:cmd_proc|fsm_state                                                                               ;
+---------------------------+-------------------------+-------------------+---------------------------+---------------------+----------------+
; Name                      ; fsm_state.WAIT_COMPLETE ; fsm_state.DRAWING ; fsm_state.WAIT_FOR_STROBE ; fsm_state.FETCH_CMD ; fsm_state.IDLE ;
+---------------------------+-------------------------+-------------------+---------------------------+---------------------+----------------+
; fsm_state.IDLE            ; 0                       ; 0                 ; 0                         ; 0                   ; 0              ;
; fsm_state.FETCH_CMD       ; 0                       ; 0                 ; 0                         ; 1                   ; 1              ;
; fsm_state.WAIT_FOR_STROBE ; 0                       ; 0                 ; 1                         ; 0                   ; 1              ;
; fsm_state.DRAWING         ; 0                       ; 1                 ; 0                         ; 0                   ; 1              ;
; fsm_state.WAIT_COMPLETE   ; 1                       ; 0                 ; 0                         ; 0                   ; 1              ;
+---------------------------+-------------------------+-------------------+---------------------------+---------------------+----------------+


Encoding Type:  One-Hot
+----------------------------------------------------------------------------------------------------------------------------+
; State Machine - |axis_controller|btnCtrl:btnCtrl|fsm_state                                                                 ;
+---------------------+--------------------+--------------------+---------------------+---------------------+----------------+
; Name                ; fsm_state.CALC_DEC ; fsm_state.CALC_INC ; fsm_state.DECREMENT ; fsm_state.INCREMENT ; fsm_state.IDLE ;
+---------------------+--------------------+--------------------+---------------------+---------------------+----------------+
; fsm_state.IDLE      ; 0                  ; 0                  ; 0                   ; 0                   ; 0              ;
; fsm_state.INCREMENT ; 0                  ; 0                  ; 0                   ; 1                   ; 1              ;
; fsm_state.DECREMENT ; 0                  ; 0                  ; 1                   ; 0                   ; 1              ;
; fsm_state.CALC_INC  ; 0                  ; 1                  ; 0                   ; 0                   ; 1              ;
; fsm_state.CALC_DEC  ; 1                  ; 0                  ; 0                   ; 0                   ; 1              ;
+---------------------+--------------------+--------------------+---------------------+---------------------+----------------+


+-------------------------------------------------------------------------------------------------------------------------------------------------------------------------------------+
; Registers Removed During Synthesis                                                                                                                                                  ;
+------------------------------------------------------------------------------------+------------------------------------------------------------------------------------------------+
; Register name                                                                      ; Reason for Removal                                                                             ;
+------------------------------------------------------------------------------------+------------------------------------------------------------------------------------------------+
; Tilt_board:tilt_y|DeltaADC:adc|strobe_generator:strobe_gen|strb_o                  ; Merged with Tilt_board:tilt_x|DeltaADC:adc|strobe_generator:strobe_gen|strb_o                  ;
; Tilt_board:tilt_y|DeltaADC:adc|next_adc_valid_strb                                 ; Merged with Tilt_board:tilt_x|DeltaADC:adc|next_adc_valid_strb                                 ;
; Tilt_board:tilt_y|moving_avg:moving_avg|next_valid_strb                            ; Merged with Tilt_board:tilt_x|moving_avg:moving_avg|next_valid_strb                            ;
; cmd_proc:cmd_proc|z_value[1..3,11..13,17..19]                                      ; Merged with cmd_proc:cmd_proc|z_value[0]                                                       ;
; cmd_proc:cmd_proc|z_value[4,6,8]                                                   ; Merged with cmd_proc:cmd_proc|z_value[14]                                                      ;
; cmd_proc:cmd_proc|z_value[5,7,16]                                                  ; Merged with cmd_proc:cmd_proc|z_value[10]                                                      ;
; cmd_proc:cmd_proc|z_value[9]                                                       ; Merged with cmd_proc:cmd_proc|z_value[15]                                                      ;
; Tilt_board:tilt_y|DeltaADC:adc|strobe_generator:strobe_gen|strb_val                ; Merged with Tilt_board:tilt_x|DeltaADC:adc|strobe_generator:strobe_gen|strb_val                ;
; Tilt_board:tilt_y|DeltaADC:adc|strobe_generator:strobe_gen|cycles_until_strobe[30] ; Merged with Tilt_board:tilt_x|DeltaADC:adc|strobe_generator:strobe_gen|cycles_until_strobe[30] ;
; Tilt_board:tilt_y|DeltaADC:adc|strobe_generator:strobe_gen|cycles_until_strobe[29] ; Merged with Tilt_board:tilt_x|DeltaADC:adc|strobe_generator:strobe_gen|cycles_until_strobe[29] ;
; Tilt_board:tilt_y|DeltaADC:adc|strobe_generator:strobe_gen|cycles_until_strobe[28] ; Merged with Tilt_board:tilt_x|DeltaADC:adc|strobe_generator:strobe_gen|cycles_until_strobe[28] ;
; Tilt_board:tilt_y|DeltaADC:adc|strobe_generator:strobe_gen|cycles_until_strobe[27] ; Merged with Tilt_board:tilt_x|DeltaADC:adc|strobe_generator:strobe_gen|cycles_until_strobe[27] ;
; Tilt_board:tilt_y|DeltaADC:adc|strobe_generator:strobe_gen|cycles_until_strobe[26] ; Merged with Tilt_board:tilt_x|DeltaADC:adc|strobe_generator:strobe_gen|cycles_until_strobe[26] ;
; Tilt_board:tilt_y|DeltaADC:adc|strobe_generator:strobe_gen|cycles_until_strobe[25] ; Merged with Tilt_board:tilt_x|DeltaADC:adc|strobe_generator:strobe_gen|cycles_until_strobe[25] ;
; Tilt_board:tilt_y|DeltaADC:adc|strobe_generator:strobe_gen|cycles_until_strobe[24] ; Merged with Tilt_board:tilt_x|DeltaADC:adc|strobe_generator:strobe_gen|cycles_until_strobe[24] ;
; Tilt_board:tilt_y|DeltaADC:adc|strobe_generator:strobe_gen|cycles_until_strobe[23] ; Merged with Tilt_board:tilt_x|DeltaADC:adc|strobe_generator:strobe_gen|cycles_until_strobe[23] ;
; Tilt_board:tilt_y|DeltaADC:adc|strobe_generator:strobe_gen|cycles_until_strobe[22] ; Merged with Tilt_board:tilt_x|DeltaADC:adc|strobe_generator:strobe_gen|cycles_until_strobe[22] ;
; Tilt_board:tilt_y|DeltaADC:adc|strobe_generator:strobe_gen|cycles_until_strobe[21] ; Merged with Tilt_board:tilt_x|DeltaADC:adc|strobe_generator:strobe_gen|cycles_until_strobe[21] ;
; Tilt_board:tilt_y|DeltaADC:adc|strobe_generator:strobe_gen|cycles_until_strobe[20] ; Merged with Tilt_board:tilt_x|DeltaADC:adc|strobe_generator:strobe_gen|cycles_until_strobe[20] ;
; Tilt_board:tilt_y|DeltaADC:adc|strobe_generator:strobe_gen|cycles_until_strobe[15] ; Merged with Tilt_board:tilt_x|DeltaADC:adc|strobe_generator:strobe_gen|cycles_until_strobe[15] ;
; Tilt_board:tilt_y|DeltaADC:adc|strobe_generator:strobe_gen|cycles_until_strobe[13] ; Merged with Tilt_board:tilt_x|DeltaADC:adc|strobe_generator:strobe_gen|cycles_until_strobe[13] ;
; Tilt_board:tilt_y|DeltaADC:adc|strobe_generator:strobe_gen|cycles_until_strobe[12] ; Merged with Tilt_board:tilt_x|DeltaADC:adc|strobe_generator:strobe_gen|cycles_until_strobe[12] ;
; Tilt_board:tilt_y|DeltaADC:adc|strobe_generator:strobe_gen|cycles_until_strobe[11] ; Merged with Tilt_board:tilt_x|DeltaADC:adc|strobe_generator:strobe_gen|cycles_until_strobe[11] ;
; Tilt_board:tilt_y|DeltaADC:adc|strobe_generator:strobe_gen|cycles_until_strobe[10] ; Merged with Tilt_board:tilt_x|DeltaADC:adc|strobe_generator:strobe_gen|cycles_until_strobe[10] ;
; Tilt_board:tilt_y|DeltaADC:adc|strobe_generator:strobe_gen|cycles_until_strobe[8]  ; Merged with Tilt_board:tilt_x|DeltaADC:adc|strobe_generator:strobe_gen|cycles_until_strobe[8]  ;
; Tilt_board:tilt_y|DeltaADC:adc|strobe_generator:strobe_gen|cycles_until_strobe[7]  ; Merged with Tilt_board:tilt_x|DeltaADC:adc|strobe_generator:strobe_gen|cycles_until_strobe[7]  ;
; Tilt_board:tilt_y|DeltaADC:adc|strobe_generator:strobe_gen|cycles_until_strobe[6]  ; Merged with Tilt_board:tilt_x|DeltaADC:adc|strobe_generator:strobe_gen|cycles_until_strobe[6]  ;
; Tilt_board:tilt_y|DeltaADC:adc|strobe_generator:strobe_gen|cycles_until_strobe[19] ; Merged with Tilt_board:tilt_x|DeltaADC:adc|strobe_generator:strobe_gen|cycles_until_strobe[19] ;
; Tilt_board:tilt_y|DeltaADC:adc|strobe_generator:strobe_gen|cycles_until_strobe[18] ; Merged with Tilt_board:tilt_x|DeltaADC:adc|strobe_generator:strobe_gen|cycles_until_strobe[18] ;
; Tilt_board:tilt_y|DeltaADC:adc|strobe_generator:strobe_gen|cycles_until_strobe[17] ; Merged with Tilt_board:tilt_x|DeltaADC:adc|strobe_generator:strobe_gen|cycles_until_strobe[17] ;
; Tilt_board:tilt_y|DeltaADC:adc|strobe_generator:strobe_gen|cycles_until_strobe[16] ; Merged with Tilt_board:tilt_x|DeltaADC:adc|strobe_generator:strobe_gen|cycles_until_strobe[16] ;
; Tilt_board:tilt_y|DeltaADC:adc|strobe_generator:strobe_gen|cycles_until_strobe[14] ; Merged with Tilt_board:tilt_x|DeltaADC:adc|strobe_generator:strobe_gen|cycles_until_strobe[14] ;
; Tilt_board:tilt_y|DeltaADC:adc|strobe_generator:strobe_gen|cycles_until_strobe[9]  ; Merged with Tilt_board:tilt_x|DeltaADC:adc|strobe_generator:strobe_gen|cycles_until_strobe[9]  ;
; Tilt_board:tilt_y|DeltaADC:adc|strobe_generator:strobe_gen|cycles_until_strobe[5]  ; Merged with Tilt_board:tilt_x|DeltaADC:adc|strobe_generator:strobe_gen|cycles_until_strobe[5]  ;
; Tilt_board:tilt_y|DeltaADC:adc|strobe_generator:strobe_gen|cycles_until_strobe[4]  ; Merged with Tilt_board:tilt_x|DeltaADC:adc|strobe_generator:strobe_gen|cycles_until_strobe[4]  ;
; Tilt_board:tilt_y|DeltaADC:adc|strobe_generator:strobe_gen|cycles_until_strobe[3]  ; Merged with Tilt_board:tilt_x|DeltaADC:adc|strobe_generator:strobe_gen|cycles_until_strobe[3]  ;
; Tilt_board:tilt_y|DeltaADC:adc|strobe_generator:strobe_gen|cycles_until_strobe[2]  ; Merged with Tilt_board:tilt_x|DeltaADC:adc|strobe_generator:strobe_gen|cycles_until_strobe[2]  ;
; Tilt_board:tilt_y|DeltaADC:adc|strobe_generator:strobe_gen|cycles_until_strobe[1]  ; Merged with Tilt_board:tilt_x|DeltaADC:adc|strobe_generator:strobe_gen|cycles_until_strobe[1]  ;
; Tilt_board:tilt_y|DeltaADC:adc|strobe_generator:strobe_gen|cycles_until_strobe[0]  ; Merged with Tilt_board:tilt_x|DeltaADC:adc|strobe_generator:strobe_gen|cycles_until_strobe[0]  ;
; cmd_proc:cmd_proc|command_rom:cmd_rom|data_o[15..19]                               ; Merged with cmd_proc:cmd_proc|command_rom:cmd_rom|data_o[14]                                   ;
; cmd_proc:cmd_proc|command_rom:cmd_rom|data_o[35..39]                               ; Merged with cmd_proc:cmd_proc|command_rom:cmd_rom|data_o[34]                                   ;
; cmd_proc:cmd_proc|z_value[0]                                                       ; Stuck at GND due to stuck port data_in                                                         ;
; Total Number of Removed Registers = 62                                             ;                                                                                                ;
+------------------------------------------------------------------------------------+------------------------------------------------------------------------------------------------+


+------------------------------------------------------+
; General Register Statistics                          ;
+----------------------------------------------+-------+
; Statistic                                    ; Value ;
+----------------------------------------------+-------+
; Total registers                              ; 511   ;
; Number of registers using Synchronous Clear  ; 217   ;
; Number of registers using Synchronous Load   ; 16    ;
; Number of registers using Asynchronous Clear ; 471   ;
; Number of registers using Asynchronous Load  ; 0     ;
; Number of registers using Clock Enable       ; 172   ;
; Number of registers using Preset             ; 0     ;
+----------------------------------------------+-------+


+----------------------------------------------------------------------------------------------------------------------------------------------------+
; Inverted Register Statistics                                                                                                                       ;
+------------------------------------------------------------------------------------------------------------------------------------------+---------+
; Inverted Register                                                                                                                        ; Fan out ;
+------------------------------------------------------------------------------------------------------------------------------------------+---------+
; btnCtrl:btnCtrl|adc_value_o[5]                                                                                                           ; 4       ;
; btnCtrl:btnCtrl|adc_value_o[4]                                                                                                           ; 4       ;
; btnCtrl:btnCtrl|adc_value_o[3]                                                                                                           ; 4       ;
; btnCtrl:btnCtrl|adc_value_o[2]                                                                                                           ; 3       ;
; btnCtrl:btnCtrl|adc_value_o[1]                                                                                                           ; 2       ;
; cmd_proc:cmd_proc|r_sum[4]                                                                                                               ; 2       ;
; cmd_proc:cmd_proc|r_sum[6]                                                                                                               ; 2       ;
; cmd_proc:cmd_proc|r_sum[8]                                                                                                               ; 2       ;
; cmd_proc:cmd_proc|r_sum[9]                                                                                                               ; 2       ;
; cmd_proc:cmd_proc|r_sum[14]                                                                                                              ; 2       ;
; cmd_proc:cmd_proc|r_sum[15]                                                                                                              ; 2       ;
; cmd_proc:cmd_proc|theta_sum[4]                                                                                                           ; 2       ;
; cmd_proc:cmd_proc|theta_sum[5]                                                                                                           ; 2       ;
; cmd_proc:cmd_proc|theta_sum[6]                                                                                                           ; 2       ;
; cmd_proc:cmd_proc|theta_sum[10]                                                                                                          ; 2       ;
; cmd_proc:cmd_proc|theta_sum[13]                                                                                                          ; 2       ;
; cmd_proc:cmd_proc|theta_sum[14]                                                                                                          ; 2       ;
; cmd_proc:cmd_proc|theta_sum[19]                                                                                                          ; 2       ;
; cmd_proc:cmd_proc|z_value[10]                                                                                                            ; 3       ;
; cmd_proc:cmd_proc|z_value[15]                                                                                                            ; 3       ;
; btnCtrl:btnCtrl|adc_value[5]                                                                                                             ; 4       ;
; btnCtrl:btnCtrl|adc_value[4]                                                                                                             ; 4       ;
; btnCtrl:btnCtrl|adc_value[3]                                                                                                             ; 4       ;
; btnCtrl:btnCtrl|adc_value[2]                                                                                                             ; 4       ;
; btnCtrl:btnCtrl|adc_value[1]                                                                                                             ; 4       ;
; Tilt_board:tilt_x|DeltaADC:adc|strobe_generator:strobe_gen|cycles_until_strobe[9]                                                        ; 3       ;
; Tilt_board:tilt_x|DeltaADC:adc|strobe_generator:strobe_gen|cycles_until_strobe[1]                                                        ; 3       ;
; Tilt_board:tilt_x|DeltaADC:adc|strobe_generator:strobe_gen|cycles_until_strobe[0]                                                        ; 3       ;
; Tilt_board:tilt_x|DeltaADC:adc|strobe_generator:strobe_gen|cycles_until_strobe[19]                                                       ; 3       ;
; Tilt_board:tilt_x|DeltaADC:adc|strobe_generator:strobe_gen|cycles_until_strobe[18]                                                       ; 3       ;
; Tilt_board:tilt_x|DeltaADC:adc|strobe_generator:strobe_gen|cycles_until_strobe[17]                                                       ; 3       ;
; Tilt_board:tilt_x|DeltaADC:adc|strobe_generator:strobe_gen|cycles_until_strobe[16]                                                       ; 3       ;
; Tilt_board:tilt_x|DeltaADC:adc|strobe_generator:strobe_gen|cycles_until_strobe[14]                                                       ; 3       ;
; Tilt_board:tilt_x|DeltaADC:adc|strobe_generator:strobe_gen|cycles_until_strobe[5]                                                        ; 3       ;
; Tilt_board:tilt_x|DeltaADC:adc|strobe_generator:strobe_gen|cycles_until_strobe[4]                                                        ; 3       ;
; Tilt_board:tilt_x|DeltaADC:adc|strobe_generator:strobe_gen|cycles_until_strobe[3]                                                        ; 3       ;
; Tilt_board:tilt_x|DeltaADC:adc|strobe_generator:strobe_gen|cycles_until_strobe[2]                                                        ; 3       ;
; cmd_proc:cmd_proc|periodical_strb_gen:strb_gen|sync_rst                                                                                  ; 33      ;
; Tilt_board:tilt_y|moving_avg:moving_avg|altshift_taps:shift_reg_mem_rtl_0|shift_taps_1001:auto_generated|dffe7                           ; 16      ;
; cmd_proc:cmd_proc|periodical_strb_gen:strb_gen|strobe_generator:strb_gen|cycles_until_strobe[9]                                          ; 3       ;
; cmd_proc:cmd_proc|periodical_strb_gen:strb_gen|strobe_generator:strb_gen|cycles_until_strobe[1]                                          ; 3       ;
; cmd_proc:cmd_proc|periodical_strb_gen:strb_gen|strobe_generator:strb_gen|cycles_until_strobe[0]                                          ; 3       ;
; cmd_proc:cmd_proc|periodical_strb_gen:strb_gen|strobe_generator:strb_gen|cycles_until_strobe[19]                                         ; 3       ;
; cmd_proc:cmd_proc|periodical_strb_gen:strb_gen|strobe_generator:strb_gen|cycles_until_strobe[18]                                         ; 3       ;
; cmd_proc:cmd_proc|periodical_strb_gen:strb_gen|strobe_generator:strb_gen|cycles_until_strobe[17]                                         ; 3       ;
; cmd_proc:cmd_proc|periodical_strb_gen:strb_gen|strobe_generator:strb_gen|cycles_until_strobe[16]                                         ; 3       ;
; cmd_proc:cmd_proc|periodical_strb_gen:strb_gen|strobe_generator:strb_gen|cycles_until_strobe[14]                                         ; 3       ;
; cmd_proc:cmd_proc|periodical_strb_gen:strb_gen|strobe_generator:strb_gen|cycles_until_strobe[5]                                          ; 3       ;
; cmd_proc:cmd_proc|periodical_strb_gen:strb_gen|strobe_generator:strb_gen|cycles_until_strobe[4]                                          ; 3       ;
; cmd_proc:cmd_proc|periodical_strb_gen:strb_gen|strobe_generator:strb_gen|cycles_until_strobe[3]                                          ; 3       ;
; cmd_proc:cmd_proc|periodical_strb_gen:strb_gen|strobe_generator:strb_gen|cycles_until_strobe[2]                                          ; 3       ;
; btnCtrl:btnCtrl|debouncer:dbnc_decrement|periodical_strb_gen:strb_gen|sync_rst                                                           ; 33      ;
; btnCtrl:btnCtrl|debouncer:dbnc_increment|periodical_strb_gen:strb_gen|sync_rst                                                           ; 33      ;
; btnCtrl:btnCtrl|debouncer:dbnc_decrement|periodical_strb_gen:strb_gen|strobe_generator:strb_gen|cycles_until_strobe[9]                   ; 3       ;
; btnCtrl:btnCtrl|debouncer:dbnc_decrement|periodical_strb_gen:strb_gen|strobe_generator:strb_gen|cycles_until_strobe[1]                   ; 3       ;
; btnCtrl:btnCtrl|debouncer:dbnc_decrement|periodical_strb_gen:strb_gen|strobe_generator:strb_gen|cycles_until_strobe[0]                   ; 3       ;
; btnCtrl:btnCtrl|debouncer:dbnc_decrement|periodical_strb_gen:strb_gen|strobe_generator:strb_gen|cycles_until_strobe[19]                  ; 3       ;
; btnCtrl:btnCtrl|debouncer:dbnc_decrement|periodical_strb_gen:strb_gen|strobe_generator:strb_gen|cycles_until_strobe[18]                  ; 3       ;
; btnCtrl:btnCtrl|debouncer:dbnc_decrement|periodical_strb_gen:strb_gen|strobe_generator:strb_gen|cycles_until_strobe[17]                  ; 3       ;
; btnCtrl:btnCtrl|debouncer:dbnc_decrement|periodical_strb_gen:strb_gen|strobe_generator:strb_gen|cycles_until_strobe[16]                  ; 3       ;
; btnCtrl:btnCtrl|debouncer:dbnc_decrement|periodical_strb_gen:strb_gen|strobe_generator:strb_gen|cycles_until_strobe[14]                  ; 3       ;
; btnCtrl:btnCtrl|debouncer:dbnc_decrement|periodical_strb_gen:strb_gen|strobe_generator:strb_gen|cycles_until_strobe[5]                   ; 3       ;
; btnCtrl:btnCtrl|debouncer:dbnc_decrement|periodical_strb_gen:strb_gen|strobe_generator:strb_gen|cycles_until_strobe[4]                   ; 3       ;
; btnCtrl:btnCtrl|debouncer:dbnc_decrement|periodical_strb_gen:strb_gen|strobe_generator:strb_gen|cycles_until_strobe[3]                   ; 3       ;
; btnCtrl:btnCtrl|debouncer:dbnc_decrement|periodical_strb_gen:strb_gen|strobe_generator:strb_gen|cycles_until_strobe[2]                   ; 3       ;
; btnCtrl:btnCtrl|debouncer:dbnc_increment|periodical_strb_gen:strb_gen|strobe_generator:strb_gen|cycles_until_strobe[9]                   ; 3       ;
; btnCtrl:btnCtrl|debouncer:dbnc_increment|periodical_strb_gen:strb_gen|strobe_generator:strb_gen|cycles_until_strobe[1]                   ; 3       ;
; btnCtrl:btnCtrl|debouncer:dbnc_increment|periodical_strb_gen:strb_gen|strobe_generator:strb_gen|cycles_until_strobe[0]                   ; 3       ;
; btnCtrl:btnCtrl|debouncer:dbnc_increment|periodical_strb_gen:strb_gen|strobe_generator:strb_gen|cycles_until_strobe[19]                  ; 3       ;
; btnCtrl:btnCtrl|debouncer:dbnc_increment|periodical_strb_gen:strb_gen|strobe_generator:strb_gen|cycles_until_strobe[18]                  ; 3       ;
; btnCtrl:btnCtrl|debouncer:dbnc_increment|periodical_strb_gen:strb_gen|strobe_generator:strb_gen|cycles_until_strobe[17]                  ; 3       ;
; btnCtrl:btnCtrl|debouncer:dbnc_increment|periodical_strb_gen:strb_gen|strobe_generator:strb_gen|cycles_until_strobe[16]                  ; 3       ;
; btnCtrl:btnCtrl|debouncer:dbnc_increment|periodical_strb_gen:strb_gen|strobe_generator:strb_gen|cycles_until_strobe[14]                  ; 3       ;
; btnCtrl:btnCtrl|debouncer:dbnc_increment|periodical_strb_gen:strb_gen|strobe_generator:strb_gen|cycles_until_strobe[5]                   ; 3       ;
; btnCtrl:btnCtrl|debouncer:dbnc_increment|periodical_strb_gen:strb_gen|strobe_generator:strb_gen|cycles_until_strobe[4]                   ; 3       ;
; btnCtrl:btnCtrl|debouncer:dbnc_increment|periodical_strb_gen:strb_gen|strobe_generator:strb_gen|cycles_until_strobe[3]                   ; 3       ;
; btnCtrl:btnCtrl|debouncer:dbnc_increment|periodical_strb_gen:strb_gen|strobe_generator:strb_gen|cycles_until_strobe[2]                   ; 3       ;
; btnCtrl:btnCtrl|debouncer:dbnc_switchTen|periodical_strb_gen:strb_gen|sync_rst                                                           ; 33      ;
; btnCtrl:btnCtrl|debouncer:dbnc_switchTen|periodical_strb_gen:strb_gen|strobe_generator:strb_gen|cycles_until_strobe[9]                   ; 3       ;
; btnCtrl:btnCtrl|debouncer:dbnc_switchTen|periodical_strb_gen:strb_gen|strobe_generator:strb_gen|cycles_until_strobe[1]                   ; 3       ;
; btnCtrl:btnCtrl|debouncer:dbnc_switchTen|periodical_strb_gen:strb_gen|strobe_generator:strb_gen|cycles_until_strobe[0]                   ; 3       ;
; btnCtrl:btnCtrl|debouncer:dbnc_switchTen|periodical_strb_gen:strb_gen|strobe_generator:strb_gen|cycles_until_strobe[19]                  ; 3       ;
; btnCtrl:btnCtrl|debouncer:dbnc_switchTen|periodical_strb_gen:strb_gen|strobe_generator:strb_gen|cycles_until_strobe[18]                  ; 3       ;
; btnCtrl:btnCtrl|debouncer:dbnc_switchTen|periodical_strb_gen:strb_gen|strobe_generator:strb_gen|cycles_until_strobe[17]                  ; 3       ;
; btnCtrl:btnCtrl|debouncer:dbnc_switchTen|periodical_strb_gen:strb_gen|strobe_generator:strb_gen|cycles_until_strobe[16]                  ; 3       ;
; btnCtrl:btnCtrl|debouncer:dbnc_switchTen|periodical_strb_gen:strb_gen|strobe_generator:strb_gen|cycles_until_strobe[14]                  ; 3       ;
; btnCtrl:btnCtrl|debouncer:dbnc_switchTen|periodical_strb_gen:strb_gen|strobe_generator:strb_gen|cycles_until_strobe[5]                   ; 3       ;
; btnCtrl:btnCtrl|debouncer:dbnc_switchTen|periodical_strb_gen:strb_gen|strobe_generator:strb_gen|cycles_until_strobe[4]                   ; 3       ;
; btnCtrl:btnCtrl|debouncer:dbnc_switchTen|periodical_strb_gen:strb_gen|strobe_generator:strb_gen|cycles_until_strobe[3]                   ; 3       ;
; btnCtrl:btnCtrl|debouncer:dbnc_switchTen|periodical_strb_gen:strb_gen|strobe_generator:strb_gen|cycles_until_strobe[2]                   ; 3       ;
; Tilt_board:tilt_y|moving_avg:moving_avg|altshift_taps:shift_reg_mem_rtl_0|shift_taps_1001:auto_generated|cntr_33h:cntr6|counter_reg_bit3 ; 1       ;
; Tilt_board:tilt_y|moving_avg:moving_avg|altshift_taps:shift_reg_mem_rtl_0|shift_taps_1001:auto_generated|cntr_33h:cntr6|counter_reg_bit2 ; 1       ;
; Tilt_board:tilt_y|moving_avg:moving_avg|altshift_taps:shift_reg_mem_rtl_0|shift_taps_1001:auto_generated|cntr_33h:cntr6|counter_reg_bit1 ; 1       ;
; Tilt_board:tilt_y|moving_avg:moving_avg|altshift_taps:shift_reg_mem_rtl_0|shift_taps_1001:auto_generated|cntr_33h:cntr6|counter_reg_bit0 ; 1       ;
; Total number of inverted registers = 94                                                                                                  ;         ;
+------------------------------------------------------------------------------------------------------------------------------------------+---------+


+-----------------------------------------------------------------------------------------------------------------------------------------------+
; Registers Packed Into Inferred Megafunctions                                                                                                  ;
+--------------------------------------------------------------------+-------------------------------------------------------------+------------+
; Register Name                                                      ; Megafunction                                                ; Type       ;
+--------------------------------------------------------------------+-------------------------------------------------------------+------------+
; Tilt_board:tilt_y|moving_avg:moving_avg|shift_reg_mem[0..16][0..7] ; Tilt_board:tilt_y|moving_avg:moving_avg|shift_reg_mem_rtl_0 ; SHIFT_TAPS ;
; Tilt_board:tilt_x|moving_avg:moving_avg|shift_reg_mem[0..16][0..7] ; Tilt_board:tilt_y|moving_avg:moving_avg|shift_reg_mem_rtl_0 ; SHIFT_TAPS ;
+--------------------------------------------------------------------+-------------------------------------------------------------+------------+


+----------------------------------------------------------------------------------------------------------------------------------------------------------------------------------+
; Multiplexer Restructuring Statistics (Restructuring Performed)                                                                                                                   ;
+--------------------+-----------+---------------+----------------------+------------------------+------------+--------------------------------------------------------------------+
; Multiplexer Inputs ; Bus Width ; Baseline Area ; Area if Restructured ; Saving if Restructured ; Registered ; Example Multiplexer Output                                         ;
+--------------------+-----------+---------------+----------------------+------------------------+------------+--------------------------------------------------------------------+
; 5:1                ; 8 bits    ; 24 LEs        ; 16 LEs               ; 8 LEs                  ; Yes        ; |axis_controller|Tilt_board:tilt_x|DeltaADC:adc|counter_value[0]   ;
; 5:1                ; 8 bits    ; 24 LEs        ; 16 LEs               ; 8 LEs                  ; Yes        ; |axis_controller|Tilt_board:tilt_y|DeltaADC:adc|counter_value[0]   ;
; 5:1                ; 3 bits    ; 9 LEs         ; 6 LEs                ; 3 LEs                  ; Yes        ; |axis_controller|btnCtrl:btnCtrl|adc_value[7]                      ;
; 5:1                ; 5 bits    ; 15 LEs        ; 10 LEs               ; 5 LEs                  ; Yes        ; |axis_controller|btnCtrl:btnCtrl|adc_value[1]                      ;
; 3:1                ; 8 bits    ; 16 LEs        ; 16 LEs               ; 0 LEs                  ; No         ; |axis_controller|Tilt_board:tilt_x|DeltaADC:adc|next_counter_value ;
; 6:1                ; 2 bits    ; 8 LEs         ; 4 LEs                ; 4 LEs                  ; No         ; |axis_controller|cmd_proc:cmd_proc|Selector52                      ;
; 8:1                ; 3 bits    ; 15 LEs        ; 9 LEs                ; 6 LEs                  ; No         ; |axis_controller|btnCtrl:btnCtrl|Selector1                         ;
; 9:1                ; 2 bits    ; 12 LEs        ; 6 LEs                ; 6 LEs                  ; No         ; |axis_controller|btnCtrl:btnCtrl|Selector2                         ;
+--------------------+-----------+---------------+----------------------+------------------------+------------+--------------------------------------------------------------------+


+-------------------------------------------------------------------------------------------------------------------------------------------------------------+
; Source assignments for Tilt_board:tilt_y|moving_avg:moving_avg|altshift_taps:shift_reg_mem_rtl_0|shift_taps_1001:auto_generated|altsyncram_1jc1:altsyncram5 ;
+---------------------------------+--------------------+------+-----------------------------------------------------------------------------------------------+
; Assignment                      ; Value              ; From ; To                                                                                            ;
+---------------------------------+--------------------+------+-----------------------------------------------------------------------------------------------+
; OPTIMIZE_POWER_DURING_SYNTHESIS ; NORMAL_COMPILATION ; -    ; -                                                                                             ;
+---------------------------------+--------------------+------+-----------------------------------------------------------------------------------------------+


+------------------------------------------------------------------------------------------------------------------------------------------------+
; Source assignments for Tilt_board:tilt_y|moving_avg:moving_avg|altshift_taps:shift_reg_mem_rtl_0|shift_taps_1001:auto_generated|cntr_33h:cntr6 ;
+----------------+-------+------+----------------------------------------------------------------------------------------------------------------+
; Assignment     ; Value ; From ; To                                                                                                             ;
+----------------+-------+------+----------------------------------------------------------------------------------------------------------------+
; POWER_UP_LEVEL ; HIGH  ; -    ; counter_reg_bit0                                                                                               ;
; POWER_UP_LEVEL ; HIGH  ; -    ; counter_reg_bit1                                                                                               ;
; POWER_UP_LEVEL ; HIGH  ; -    ; counter_reg_bit2                                                                                               ;
; POWER_UP_LEVEL ; HIGH  ; -    ; counter_reg_bit3                                                                                               ;
+----------------+-------+------+----------------------------------------------------------------------------------------------------------------+


+-----------------------------------------------------------------------+
; Parameter Settings for User Entity Instance: synchronizer_chain:sync1 ;
+----------------+-------+----------------------------------------------+
; Parameter Name ; Value ; Type                                         ;
+----------------+-------+----------------------------------------------+
; chain_length   ; 2     ; Signed Integer                               ;
+----------------+-------+----------------------------------------------+
Note: In order to hide this table in the UI and the text report file, please set the "Show Parameter Settings in Synthesis Report" option in "Analysis and Synthesis Settings -> More Settings" to "Off".


+-----------------------------------------------------------------------+
; Parameter Settings for User Entity Instance: synchronizer_chain:sync2 ;
+----------------+-------+----------------------------------------------+
; Parameter Name ; Value ; Type                                         ;
+----------------+-------+----------------------------------------------+
; chain_length   ; 2     ; Signed Integer                               ;
+----------------+-------+----------------------------------------------+
Note: In order to hide this table in the UI and the text report file, please set the "Show Parameter Settings in Synthesis Report" option in "Analysis and Synthesis Settings -> More Settings" to "Off".


+-----------------------------------------------------------------------+
; Parameter Settings for User Entity Instance: synchronizer_chain:sync3 ;
+----------------+-------+----------------------------------------------+
; Parameter Name ; Value ; Type                                         ;
+----------------+-------+----------------------------------------------+
; chain_length   ; 2     ; Signed Integer                               ;
+----------------+-------+----------------------------------------------+
Note: In order to hide this table in the UI and the text report file, please set the "Show Parameter Settings in Synthesis Report" option in "Analysis and Synthesis Settings -> More Settings" to "Off".


+-----------------------------------------------------------------------+
; Parameter Settings for User Entity Instance: synchronizer_chain:sync4 ;
+----------------+-------+----------------------------------------------+
; Parameter Name ; Value ; Type                                         ;
+----------------+-------+----------------------------------------------+
; chain_length   ; 2     ; Signed Integer                               ;
+----------------+-------+----------------------------------------------+
Note: In order to hide this table in the UI and the text report file, please set the "Show Parameter Settings in Synthesis Report" option in "Analysis and Synthesis Settings -> More Settings" to "Off".


+-----------------------------------------------------------------------+
; Parameter Settings for User Entity Instance: synchronizer_chain:sync5 ;
+----------------+-------+----------------------------------------------+
; Parameter Name ; Value ; Type                                         ;
+----------------+-------+----------------------------------------------+
; chain_length   ; 2     ; Signed Integer                               ;
+----------------+-------+----------------------------------------------+
Note: In order to hide this table in the UI and the text report file, please set the "Show Parameter Settings in Synthesis Report" option in "Analysis and Synthesis Settings -> More Settings" to "Off".


+---------------------------------------------------------------------------------------+
; Parameter Settings for User Entity Instance: btnCtrl:btnCtrl|debouncer:dbnc_increment ;
+----------------+---------+------------------------------------------------------------+
; Parameter Name ; Value   ; Type                                                       ;
+----------------+---------+------------------------------------------------------------+
; debounce_delay ; 1000000 ; Signed Integer                                             ;
+----------------+---------+------------------------------------------------------------+
Note: In order to hide this table in the UI and the text report file, please set the "Show Parameter Settings in Synthesis Report" option in "Analysis and Synthesis Settings -> More Settings" to "Off".


+--------------------------------------------------------------------------------------------------------------------+
; Parameter Settings for User Entity Instance: btnCtrl:btnCtrl|debouncer:dbnc_increment|periodical_strb_gen:strb_gen ;
+----------------+---------+-----------------------------------------------------------------------------------------+
; Parameter Name ; Value   ; Type                                                                                    ;
+----------------+---------+-----------------------------------------------------------------------------------------+
; prescaler      ; 1000000 ; Signed Integer                                                                          ;
+----------------+---------+-----------------------------------------------------------------------------------------+
Note: In order to hide this table in the UI and the text report file, please set the "Show Parameter Settings in Synthesis Report" option in "Analysis and Synthesis Settings -> More Settings" to "Off".


+----------------------------------------------------------------------------------------------------------------------------------------------+
; Parameter Settings for User Entity Instance: btnCtrl:btnCtrl|debouncer:dbnc_increment|periodical_strb_gen:strb_gen|strobe_generator:strb_gen ;
+----------------+---------+-------------------------------------------------------------------------------------------------------------------+
; Parameter Name ; Value   ; Type                                                                                                              ;
+----------------+---------+-------------------------------------------------------------------------------------------------------------------+
; strobe_freq    ; 1000000 ; Signed Integer                                                                                                    ;
+----------------+---------+-------------------------------------------------------------------------------------------------------------------+
Note: In order to hide this table in the UI and the text report file, please set the "Show Parameter Settings in Synthesis Report" option in "Analysis and Synthesis Settings -> More Settings" to "Off".


+---------------------------------------------------------------------------------------+
; Parameter Settings for User Entity Instance: btnCtrl:btnCtrl|debouncer:dbnc_decrement ;
+----------------+---------+------------------------------------------------------------+
; Parameter Name ; Value   ; Type                                                       ;
+----------------+---------+------------------------------------------------------------+
; debounce_delay ; 1000000 ; Signed Integer                                             ;
+----------------+---------+------------------------------------------------------------+
Note: In order to hide this table in the UI and the text report file, please set the "Show Parameter Settings in Synthesis Report" option in "Analysis and Synthesis Settings -> More Settings" to "Off".


+--------------------------------------------------------------------------------------------------------------------+
; Parameter Settings for User Entity Instance: btnCtrl:btnCtrl|debouncer:dbnc_decrement|periodical_strb_gen:strb_gen ;
+----------------+---------+-----------------------------------------------------------------------------------------+
; Parameter Name ; Value   ; Type                                                                                    ;
+----------------+---------+-----------------------------------------------------------------------------------------+
; prescaler      ; 1000000 ; Signed Integer                                                                          ;
+----------------+---------+-----------------------------------------------------------------------------------------+
Note: In order to hide this table in the UI and the text report file, please set the "Show Parameter Settings in Synthesis Report" option in "Analysis and Synthesis Settings -> More Settings" to "Off".


+----------------------------------------------------------------------------------------------------------------------------------------------+
; Parameter Settings for User Entity Instance: btnCtrl:btnCtrl|debouncer:dbnc_decrement|periodical_strb_gen:strb_gen|strobe_generator:strb_gen ;
+----------------+---------+-------------------------------------------------------------------------------------------------------------------+
; Parameter Name ; Value   ; Type                                                                                                              ;
+----------------+---------+-------------------------------------------------------------------------------------------------------------------+
; strobe_freq    ; 1000000 ; Signed Integer                                                                                                    ;
+----------------+---------+-------------------------------------------------------------------------------------------------------------------+
Note: In order to hide this table in the UI and the text report file, please set the "Show Parameter Settings in Synthesis Report" option in "Analysis and Synthesis Settings -> More Settings" to "Off".


+---------------------------------------------------------------------------------------+
; Parameter Settings for User Entity Instance: btnCtrl:btnCtrl|debouncer:dbnc_switchTen ;
+----------------+---------+------------------------------------------------------------+
; Parameter Name ; Value   ; Type                                                       ;
+----------------+---------+------------------------------------------------------------+
; debounce_delay ; 1000000 ; Signed Integer                                             ;
+----------------+---------+------------------------------------------------------------+
Note: In order to hide this table in the UI and the text report file, please set the "Show Parameter Settings in Synthesis Report" option in "Analysis and Synthesis Settings -> More Settings" to "Off".


+--------------------------------------------------------------------------------------------------------------------+
; Parameter Settings for User Entity Instance: btnCtrl:btnCtrl|debouncer:dbnc_switchTen|periodical_strb_gen:strb_gen ;
+----------------+---------+-----------------------------------------------------------------------------------------+
; Parameter Name ; Value   ; Type                                                                                    ;
+----------------+---------+-----------------------------------------------------------------------------------------+
; prescaler      ; 1000000 ; Signed Integer                                                                          ;
+----------------+---------+-----------------------------------------------------------------------------------------+
Note: In order to hide this table in the UI and the text report file, please set the "Show Parameter Settings in Synthesis Report" option in "Analysis and Synthesis Settings -> More Settings" to "Off".


+----------------------------------------------------------------------------------------------------------------------------------------------+
; Parameter Settings for User Entity Instance: btnCtrl:btnCtrl|debouncer:dbnc_switchTen|periodical_strb_gen:strb_gen|strobe_generator:strb_gen ;
+----------------+---------+-------------------------------------------------------------------------------------------------------------------+
; Parameter Name ; Value   ; Type                                                                                                              ;
+----------------+---------+-------------------------------------------------------------------------------------------------------------------+
; strobe_freq    ; 1000000 ; Signed Integer                                                                                                    ;
+----------------+---------+-------------------------------------------------------------------------------------------------------------------+
Note: In order to hide this table in the UI and the text report file, please set the "Show Parameter Settings in Synthesis Report" option in "Analysis and Synthesis Settings -> More Settings" to "Off".


+--------------------------------------------------------------------------------------+
; Parameter Settings for User Entity Instance: Tilt_board:tilt_x|moving_avg:moving_avg ;
+----------------+-------+-------------------------------------------------------------+
; Parameter Name ; Value ; Type                                                        ;
+----------------+-------+-------------------------------------------------------------+
; reg_length     ; 4     ; Signed Integer                                              ;
; bitwidth       ; 8     ; Signed Integer                                              ;
+----------------+-------+-------------------------------------------------------------+
Note: In order to hide this table in the UI and the text report file, please set the "Show Parameter Settings in Synthesis Report" option in "Analysis and Synthesis Settings -> More Settings" to "Off".


+-----------------------------------------------------------------------------------------------+
; Parameter Settings for User Entity Instance: Tilt_board:tilt_x|synchronizer_chain:x_comp_sync ;
+----------------+-------+----------------------------------------------------------------------+
; Parameter Name ; Value ; Type                                                                 ;
+----------------+-------+----------------------------------------------------------------------+
; chain_length   ; 2     ; Signed Integer                                                       ;
+----------------+-------+----------------------------------------------------------------------+
Note: In order to hide this table in the UI and the text report file, please set the "Show Parameter Settings in Synthesis Report" option in "Analysis and Synthesis Settings -> More Settings" to "Off".


+---------------------------------------------------------------------------------------------------------+
; Parameter Settings for User Entity Instance: Tilt_board:tilt_x|DeltaADC:adc|strobe_generator:strobe_gen ;
+----------------+---------+------------------------------------------------------------------------------+
; Parameter Name ; Value   ; Type                                                                         ;
+----------------+---------+------------------------------------------------------------------------------+
; strobe_freq    ; 1000000 ; Signed Integer                                                               ;
+----------------+---------+------------------------------------------------------------------------------+
Note: In order to hide this table in the UI and the text report file, please set the "Show Parameter Settings in Synthesis Report" option in "Analysis and Synthesis Settings -> More Settings" to "Off".


+-------------------------------------------------------------------------------------+
; Parameter Settings for User Entity Instance: Tilt_board:tilt_x|DeltaADC:adc|PWM:pwm ;
+----------------+-------+------------------------------------------------------------+
; Parameter Name ; Value ; Type                                                       ;
+----------------+-------+------------------------------------------------------------+
; counter_len    ; 8     ; Signed Integer                                             ;
+----------------+-------+------------------------------------------------------------+
Note: In order to hide this table in the UI and the text report file, please set the "Show Parameter Settings in Synthesis Report" option in "Analysis and Synthesis Settings -> More Settings" to "Off".


+----------------------------------------------------------------------------------------------+
; Parameter Settings for User Entity Instance: Tilt_board:tilt_x|HoldValueOnStrb:holdValOnStrb ;
+----------------+-------+---------------------------------------------------------------------+
; Parameter Name ; Value ; Type                                                                ;
+----------------+-------+---------------------------------------------------------------------+
; resolution     ; 8     ; Signed Integer                                                      ;
+----------------+-------+---------------------------------------------------------------------+
Note: In order to hide this table in the UI and the text report file, please set the "Show Parameter Settings in Synthesis Report" option in "Analysis and Synthesis Settings -> More Settings" to "Off".


+--------------------------------------------------------------------------+
; Parameter Settings for User Entity Instance: Tilt_board:tilt_x|Tilt:tilt ;
+----------------+-------+-------------------------------------------------+
; Parameter Name ; Value ; Type                                            ;
+----------------+-------+-------------------------------------------------+
; resolution     ; 8     ; Signed Integer                                  ;
+----------------+-------+-------------------------------------------------+
Note: In order to hide this table in the UI and the text report file, please set the "Show Parameter Settings in Synthesis Report" option in "Analysis and Synthesis Settings -> More Settings" to "Off".


+--------------------------------------------------------------------------------------+
; Parameter Settings for User Entity Instance: Tilt_board:tilt_y|moving_avg:moving_avg ;
+----------------+-------+-------------------------------------------------------------+
; Parameter Name ; Value ; Type                                                        ;
+----------------+-------+-------------------------------------------------------------+
; reg_length     ; 4     ; Signed Integer                                              ;
; bitwidth       ; 8     ; Signed Integer                                              ;
+----------------+-------+-------------------------------------------------------------+
Note: In order to hide this table in the UI and the text report file, please set the "Show Parameter Settings in Synthesis Report" option in "Analysis and Synthesis Settings -> More Settings" to "Off".


+-----------------------------------------------------------------------------------------------+
; Parameter Settings for User Entity Instance: Tilt_board:tilt_y|synchronizer_chain:x_comp_sync ;
+----------------+-------+----------------------------------------------------------------------+
; Parameter Name ; Value ; Type                                                                 ;
+----------------+-------+----------------------------------------------------------------------+
; chain_length   ; 2     ; Signed Integer                                                       ;
+----------------+-------+----------------------------------------------------------------------+
Note: In order to hide this table in the UI and the text report file, please set the "Show Parameter Settings in Synthesis Report" option in "Analysis and Synthesis Settings -> More Settings" to "Off".


+---------------------------------------------------------------------------------------------------------+
; Parameter Settings for User Entity Instance: Tilt_board:tilt_y|DeltaADC:adc|strobe_generator:strobe_gen ;
+----------------+---------+------------------------------------------------------------------------------+
; Parameter Name ; Value   ; Type                                                                         ;
+----------------+---------+------------------------------------------------------------------------------+
; strobe_freq    ; 1000000 ; Signed Integer                                                               ;
+----------------+---------+------------------------------------------------------------------------------+
Note: In order to hide this table in the UI and the text report file, please set the "Show Parameter Settings in Synthesis Report" option in "Analysis and Synthesis Settings -> More Settings" to "Off".


+-------------------------------------------------------------------------------------+
; Parameter Settings for User Entity Instance: Tilt_board:tilt_y|DeltaADC:adc|PWM:pwm ;
+----------------+-------+------------------------------------------------------------+
; Parameter Name ; Value ; Type                                                       ;
+----------------+-------+------------------------------------------------------------+
; counter_len    ; 8     ; Signed Integer                                             ;
+----------------+-------+------------------------------------------------------------+
Note: In order to hide this table in the UI and the text report file, please set the "Show Parameter Settings in Synthesis Report" option in "Analysis and Synthesis Settings -> More Settings" to "Off".


+----------------------------------------------------------------------------------------------+
; Parameter Settings for User Entity Instance: Tilt_board:tilt_y|HoldValueOnStrb:holdValOnStrb ;
+----------------+-------+---------------------------------------------------------------------+
; Parameter Name ; Value ; Type                                                                ;
+----------------+-------+---------------------------------------------------------------------+
; resolution     ; 8     ; Signed Integer                                                      ;
+----------------+-------+---------------------------------------------------------------------+
Note: In order to hide this table in the UI and the text report file, please set the "Show Parameter Settings in Synthesis Report" option in "Analysis and Synthesis Settings -> More Settings" to "Off".


+--------------------------------------------------------------------------+
; Parameter Settings for User Entity Instance: Tilt_board:tilt_y|Tilt:tilt ;
+----------------+-------+-------------------------------------------------+
; Parameter Name ; Value ; Type                                            ;
+----------------+-------+-------------------------------------------------+
; resolution     ; 8     ; Signed Integer                                  ;
+----------------+-------+-------------------------------------------------+
Note: In order to hide this table in the UI and the text report file, please set the "Show Parameter Settings in Synthesis Report" option in "Analysis and Synthesis Settings -> More Settings" to "Off".


+---------------------------------------------------------------------------------+
; Parameter Settings for User Entity Instance: servo_controller:servoPwmX|PWM:pwm ;
+----------------+-------+--------------------------------------------------------+
; Parameter Name ; Value ; Type                                                   ;
+----------------+-------+--------------------------------------------------------+
; counter_len    ; 20    ; Signed Integer                                         ;
+----------------+-------+--------------------------------------------------------+
Note: In order to hide this table in the UI and the text report file, please set the "Show Parameter Settings in Synthesis Report" option in "Analysis and Synthesis Settings -> More Settings" to "Off".


+---------------------------------------------------------------------------------+
; Parameter Settings for User Entity Instance: servo_controller:servoPwmY|PWM:pwm ;
+----------------+-------+--------------------------------------------------------+
; Parameter Name ; Value ; Type                                                   ;
+----------------+-------+--------------------------------------------------------+
; counter_len    ; 20    ; Signed Integer                                         ;
+----------------+-------+--------------------------------------------------------+
Note: In order to hide this table in the UI and the text report file, please set the "Show Parameter Settings in Synthesis Report" option in "Analysis and Synthesis Settings -> More Settings" to "Off".


+---------------------------------------------------------------------------------+
; Parameter Settings for User Entity Instance: servo_controller:servoPwmZ|PWM:pwm ;
+----------------+-------+--------------------------------------------------------+
; Parameter Name ; Value ; Type                                                   ;
+----------------+-------+--------------------------------------------------------+
; counter_len    ; 20    ; Signed Integer                                         ;
+----------------+-------+--------------------------------------------------------+
Note: In order to hide this table in the UI and the text report file, please set the "Show Parameter Settings in Synthesis Report" option in "Analysis and Synthesis Settings -> More Settings" to "Off".


+----------------------------------------------------------------+
; Parameter Settings for User Entity Instance: cmd_proc:cmd_proc ;
+----------------+---------+-------------------------------------+
; Parameter Name ; Value   ; Type                                ;
+----------------+---------+-------------------------------------+
; servo_cnt_len  ; 20      ; Signed Integer                      ;
; wait_prescaler ; 1000000 ; Signed Integer                      ;
; d              ; 4       ; Signed Integer                      ;
+----------------+---------+-------------------------------------+
Note: In order to hide this table in the UI and the text report file, please set the "Show Parameter Settings in Synthesis Report" option in "Analysis and Synthesis Settings -> More Settings" to "Off".


+---------------------------------------------------------------------------------------------+
; Parameter Settings for User Entity Instance: cmd_proc:cmd_proc|periodical_strb_gen:strb_gen ;
+----------------+---------+------------------------------------------------------------------+
; Parameter Name ; Value   ; Type                                                             ;
+----------------+---------+------------------------------------------------------------------+
; prescaler      ; 1000000 ; Signed Integer                                                   ;
+----------------+---------+------------------------------------------------------------------+
Note: In order to hide this table in the UI and the text report file, please set the "Show Parameter Settings in Synthesis Report" option in "Analysis and Synthesis Settings -> More Settings" to "Off".


+-----------------------------------------------------------------------------------------------------------------------+
; Parameter Settings for User Entity Instance: cmd_proc:cmd_proc|periodical_strb_gen:strb_gen|strobe_generator:strb_gen ;
+----------------+---------+--------------------------------------------------------------------------------------------+
; Parameter Name ; Value   ; Type                                                                                       ;
+----------------+---------+--------------------------------------------------------------------------------------------+
; strobe_freq    ; 1000000 ; Signed Integer                                                                             ;
+----------------+---------+--------------------------------------------------------------------------------------------+
Note: In order to hide this table in the UI and the text report file, please set the "Show Parameter Settings in Synthesis Report" option in "Analysis and Synthesis Settings -> More Settings" to "Off".


+----------------------------------------------------------------------------------------------------------------------------+
; Parameter Settings for Inferred Entity Instance: Tilt_board:tilt_y|moving_avg:moving_avg|altshift_taps:shift_reg_mem_rtl_0 ;
+----------------+-----------------+-----------------------------------------------------------------------------------------+
; Parameter Name ; Value           ; Type                                                                                    ;
+----------------+-----------------+-----------------------------------------------------------------------------------------+
; WIDTH_BYTEENA  ; 1               ; Untyped                                                                                 ;
; NUMBER_OF_TAPS ; 1               ; Untyped                                                                                 ;
; TAP_DISTANCE   ; 17              ; Untyped                                                                                 ;
; WIDTH          ; 16              ; Untyped                                                                                 ;
; POWER_UP_STATE ; DONT_CARE       ; Untyped                                                                                 ;
; CBXI_PARAMETER ; shift_taps_1001 ; Untyped                                                                                 ;
+----------------+-----------------+-----------------------------------------------------------------------------------------+
Note: In order to hide this table in the UI and the text report file, please set the "Show Parameter Settings in Synthesis Report" option in "Analysis and Synthesis Settings -> More Settings" to "Off".


+--------------------------------------------------------------------------------------------------------+
; altshift_taps Parameter Settings by Entity Instance                                                    ;
+----------------------------+---------------------------------------------------------------------------+
; Name                       ; Value                                                                     ;
+----------------------------+---------------------------------------------------------------------------+
; Number of entity instances ; 1                                                                         ;
; Entity Instance            ; Tilt_board:tilt_y|moving_avg:moving_avg|altshift_taps:shift_reg_mem_rtl_0 ;
;     -- NUMBER_OF_TAPS      ; 1                                                                         ;
;     -- TAP_DISTANCE        ; 17                                                                        ;
;     -- WIDTH               ; 16                                                                        ;
+----------------------------+---------------------------------------------------------------------------+


+--------------------------------------------------------+
; Port Connectivity Checks: "servo_controller:servoPwmZ" ;
+-------------------+-------+----------+-----------------+
; Port              ; Type  ; Severity ; Details         ;
+-------------------+-------+----------+-----------------+
; on_time_i[30..20] ; Input ; Info     ; Stuck at GND    ;
+-------------------+-------+----------+-----------------+


+----------------------------------------------------------------+
; Port Connectivity Checks: "servo_controller:servoPwmX|PWM:pwm" ;
+------------------------------+-------+----------+--------------+
; Port                         ; Type  ; Severity ; Details      ;
+------------------------------+-------+----------+--------------+
; period_counter_val_i[19..16] ; Input ; Info     ; Stuck at VCC ;
; period_counter_val_i[13..10] ; Input ; Info     ; Stuck at GND ;
; period_counter_val_i[8..7]   ; Input ; Info     ; Stuck at GND ;
; period_counter_val_i[5..0]   ; Input ; Info     ; Stuck at GND ;
; period_counter_val_i[15]     ; Input ; Info     ; Stuck at GND ;
; period_counter_val_i[14]     ; Input ; Info     ; Stuck at VCC ;
; period_counter_val_i[9]      ; Input ; Info     ; Stuck at VCC ;
; period_counter_val_i[6]      ; Input ; Info     ; Stuck at VCC ;
+------------------------------+-------+----------+--------------+


+---------------------------------------------------------------------------------------------------------------------------+
; Port Connectivity Checks: "Tilt_board:tilt_x|bin2bcd:bin2bcd"                                                             ;
+-----------------+--------+----------+-------------------------------------------------------------------------------------+
; Port            ; Type   ; Severity ; Details                                                                             ;
+-----------------+--------+----------+-------------------------------------------------------------------------------------+
; binary_i[15..8] ; Input  ; Info     ; Stuck at GND                                                                        ;
; thousands_o     ; Output ; Info     ; Connected to dangling logic. Logic that only feeds a dangling port will be removed. ;
; tenthousands_o  ; Output ; Info     ; Connected to dangling logic. Logic that only feeds a dangling port will be removed. ;
+-----------------+--------+----------+-------------------------------------------------------------------------------------+


+--------------------------------------------------------------------+
; Port Connectivity Checks: "Tilt_board:tilt_x|DeltaADC:adc|PWM:pwm" ;
+----------------------------+-------+----------+--------------------+
; Port                       ; Type  ; Severity ; Details            ;
+----------------------------+-------+----------+--------------------+
; period_counter_val_i[7..3] ; Input ; Info     ; Stuck at VCC       ;
; period_counter_val_i[2]    ; Input ; Info     ; Stuck at GND       ;
; period_counter_val_i[1]    ; Input ; Info     ; Stuck at VCC       ;
; period_counter_val_i[0]    ; Input ; Info     ; Stuck at GND       ;
+----------------------------+-------+----------+--------------------+


+------------------------------------------------------------------------------------------------------------------------------+
; Port Connectivity Checks: "btnCtrl:btnCtrl"                                                                                  ;
+--------------------+--------+----------+-------------------------------------------------------------------------------------+
; Port               ; Type   ; Severity ; Details                                                                             ;
+--------------------+--------+----------+-------------------------------------------------------------------------------------+
; led_dbg_inc_o      ; Output ; Info     ; Connected to dangling logic. Logic that only feeds a dangling port will be removed. ;
; led_dbg_dec_o      ; Output ; Info     ; Connected to dangling logic. Logic that only feeds a dangling port will be removed. ;
; led_dbg_calc_inc_o ; Output ; Info     ; Connected to dangling logic. Logic that only feeds a dangling port will be removed. ;
; led_dbg_calc_dec_o ; Output ; Info     ; Connected to dangling logic. Logic that only feeds a dangling port will be removed. ;
+--------------------+--------+----------+-------------------------------------------------------------------------------------+


+-----------------------------------------------------+
; Post-Synthesis Netlist Statistics for Top Partition ;
+-----------------------+-----------------------------+
; Type                  ; Count                       ;
+-----------------------+-----------------------------+
; arriav_ff             ; 511                         ;
;     CLR               ; 137                         ;
;     CLR SCLR          ; 172                         ;
;     ENA               ; 5                           ;
;     ENA CLR           ; 106                         ;
;     ENA CLR SCLR      ; 40                          ;
;     ENA CLR SLD       ; 16                          ;
;     ENA SCLR          ; 5                           ;
;     plain             ; 30                          ;
; arriav_lcell_comb     ; 977                         ;
;     arith             ; 449                         ;
;         0 data inputs ; 3                           ;
;         1 data inputs ; 385                         ;
;         2 data inputs ; 56                          ;
;         3 data inputs ; 5                           ;
;     normal            ; 492                         ;
;         0 data inputs ; 1                           ;
;         1 data inputs ; 91                          ;
;         2 data inputs ; 78                          ;
;         3 data inputs ; 33                          ;
;         4 data inputs ; 79                          ;
;         5 data inputs ; 93                          ;
;         6 data inputs ; 117                         ;
;     shared            ; 36                          ;
;         0 data inputs ; 4                           ;
;         1 data inputs ; 13                          ;
;         2 data inputs ; 3                           ;
;         3 data inputs ; 16                          ;
; arriav_mac            ; 6                           ;
; boundary_port         ; 59                          ;
; stratixv_ram_block    ; 16                          ;
;                       ;                             ;
; Max LUT depth         ; 6.30                        ;
; Average LUT depth     ; 3.12                        ;
+-----------------------+-----------------------------+


+-------------------------------+
; Elapsed Time Per Partition    ;
+----------------+--------------+
; Partition Name ; Elapsed Time ;
+----------------+--------------+
; Top            ; 00:00:01     ;
+----------------+--------------+


+-------------------------------+
; Analysis & Synthesis Messages ;
+-------------------------------+
Info: *******************************************************************
Info: Running Quartus Prime Analysis & Synthesis
    Info: Version 25.1std.0 Build 1129 10/21/2025 SC Lite Edition
    Info: Processing started: Tue Mar 17 10:55:48 2026
Info: Command: quartus_map --read_settings_files=on --write_settings_files=off HWDP_PR9 -c HWDP_PR9
Warning (18236): Number of processors has not been specified which may cause overloading on shared machines.  Set the global assignment NUM_PARALLEL_PROCESSORS in your QSF to an appropriate value for best performance.
Info (20030): Parallel compilation is enabled and will use 16 of the 16 processors detected
Info (12021): Found 1 design units, including 1 entities, in source file /home/felix/DEV/Uni/WS2025/Hardwaredesign/PR9/Tilt_e.vhd
    Info (12023): Found entity 1: Tilt File: /home/felix/DEV/Uni/WS2025/Hardwaredesign/PR9/Tilt_e.vhd Line: 5
Info (12021): Found 2 design units, including 1 entities, in source file /home/felix/DEV/Uni/WS2025/Hardwaredesign/PR9/Tilt_board_ea.vhd
    Info (12022): Found design unit 1: Tilt_board-bhv_Tilt_board File: /home/felix/DEV/Uni/WS2025/Hardwaredesign/PR9/Tilt_board_ea.vhd Line: 26
    Info (12023): Found entity 1: Tilt_board File: /home/felix/DEV/Uni/WS2025/Hardwaredesign/PR9/Tilt_board_ea.vhd Line: 8
Info (12021): Found 1 design units, including 0 entities, in source file /home/felix/DEV/Uni/WS2025/Hardwaredesign/PR9/Tilt_a.vhd
    Info (12022): Found design unit 1: Tilt-bhv_Tilt File: /home/felix/DEV/Uni/WS2025/Hardwaredesign/PR9/Tilt_a.vhd Line: 8
Info (12021): Found 2 design units, including 1 entities, in source file /home/felix/DEV/Uni/WS2025/Hardwaredesign/PR9/synchronizer_chain.vhd
    Info (12022): Found design unit 1: synchronizer_chain-bhv_synchronizer_chain File: /home/felix/DEV/Uni/WS2025/Hardwaredesign/PR9/synchronizer_chain.vhd Line: 19
    Info (12023): Found entity 1: synchronizer_chain File: /home/felix/DEV/Uni/WS2025/Hardwaredesign/PR9/synchronizer_chain.vhd Line: 5
Info (12021): Found 2 design units, including 1 entities, in source file /home/felix/DEV/Uni/WS2025/Hardwaredesign/PR9/strbgen_K_ea.vhd
    Info (12022): Found design unit 1: strbgen_K-bhv_strbgen_K File: /home/felix/DEV/Uni/WS2025/Hardwaredesign/PR9/strbgen_K_ea.vhd Line: 15
    Info (12023): Found entity 1: strbgen_K File: /home/felix/DEV/Uni/WS2025/Hardwaredesign/PR9/strbgen_K_ea.vhd Line: 6
Info (12021): Found 1 design units, including 1 entities, in source file /home/felix/DEV/Uni/WS2025/Hardwaredesign/PR9/strb_gen_e.vhd
    Info (12023): Found entity 1: strobe_generator File: /home/felix/DEV/Uni/WS2025/Hardwaredesign/PR9/strb_gen_e.vhd Line: 4
Info (12021): Found 1 design units, including 0 entities, in source file /home/felix/DEV/Uni/WS2025/Hardwaredesign/PR9/strb_gen_a.vhd
    Info (12022): Found design unit 1: strobe_generator-bhv_strobe_generator File: /home/felix/DEV/Uni/WS2025/Hardwaredesign/PR9/strb_gen_a.vhd Line: 5
Info (12021): Found 1 design units, including 0 entities, in source file /home/felix/DEV/Uni/WS2025/Hardwaredesign/PR9/std_package.vhd
    Info (12022): Found design unit 1: std_package File: /home/felix/DEV/Uni/WS2025/Hardwaredesign/PR9/std_package.vhd Line: 6
Info (12021): Found 2 design units, including 1 entities, in source file /home/felix/DEV/Uni/WS2025/Hardwaredesign/PR9/ServoControl_ea.vhd
    Info (12022): Found design unit 1: servo_controller-bhv_servo_controller File: /home/felix/DEV/Uni/WS2025/Hardwaredesign/PR9/ServoControl_ea.vhd Line: 18
    Info (12023): Found entity 1: servo_controller File: /home/felix/DEV/Uni/WS2025/Hardwaredesign/PR9/ServoControl_ea.vhd Line: 8
Info (12021): Found 1 design units, including 0 entities, in source file /home/felix/DEV/Uni/WS2025/Hardwaredesign/PR9/pwm_a.vhd
    Info (12022): Found design unit 1: Pwm-Bhv_Pwm File: /home/felix/DEV/Uni/WS2025/Hardwaredesign/PR9/pwm_a.vhd Line: 7
Info (12021): Found 1 design units, including 1 entities, in source file /home/felix/DEV/Uni/WS2025/Hardwaredesign/PR9/pwm_e.vhd
    Info (12023): Found entity 1: PWM File: /home/felix/DEV/Uni/WS2025/Hardwaredesign/PR9/pwm_e.vhd Line: 5
Info (12021): Found 2 design units, including 1 entities, in source file /home/felix/DEV/Uni/WS2025/Hardwaredesign/PR9/periodical_strb_gen_ea.vhd
    Info (12022): Found design unit 1: periodical_strb_gen-bhv_strb_gen File: /home/felix/DEV/Uni/WS2025/Hardwaredesign/PR9/periodical_strb_gen_ea.vhd Line: 18
    Info (12023): Found entity 1: periodical_strb_gen File: /home/felix/DEV/Uni/WS2025/Hardwaredesign/PR9/periodical_strb_gen_ea.vhd Line: 6
Info (12021): Found 2 design units, including 1 entities, in source file /home/felix/DEV/Uni/WS2025/Hardwaredesign/PR9/moving_avg_ea.vhd
    Info (12022): Found design unit 1: moving_avg-bhv_moving_avg File: /home/felix/DEV/Uni/WS2025/Hardwaredesign/PR9/moving_avg_ea.vhd Line: 23
    Info (12023): Found entity 1: moving_avg File: /home/felix/DEV/Uni/WS2025/Hardwaredesign/PR9/moving_avg_ea.vhd Line: 6
Info (12021): Found 1 design units, including 1 entities, in source file /home/felix/DEV/Uni/WS2025/Hardwaredesign/PR9/HoldValueOnStrb_e.vhd
    Info (12023): Found entity 1: HoldValueOnStrb File: /home/felix/DEV/Uni/WS2025/Hardwaredesign/PR9/HoldValueOnStrb_e.vhd Line: 5
Info (12021): Found 1 design units, including 0 entities, in source file /home/felix/DEV/Uni/WS2025/Hardwaredesign/PR9/HoldValueOnStrb_a.vhd
    Info (12022): Found design unit 1: HoldValueOnStrb-bhv_HoldValueOnStrb File: /home/felix/DEV/Uni/WS2025/Hardwaredesign/PR9/HoldValueOnStrb_a.vhd Line: 7
Info (12021): Found 2 design units, including 1 entities, in source file /home/felix/DEV/Uni/WS2025/Hardwaredesign/PR9/deltaADC_ea.vhd
    Info (12022): Found design unit 1: DeltaADC-bhv_DeltaADC File: /home/felix/DEV/Uni/WS2025/Hardwaredesign/PR9/deltaADC_ea.vhd Line: 23
    Info (12023): Found entity 1: DeltaADC File: /home/felix/DEV/Uni/WS2025/Hardwaredesign/PR9/deltaADC_ea.vhd Line: 6
Info (12021): Found 2 design units, including 1 entities, in source file /home/felix/DEV/Uni/WS2025/Hardwaredesign/PR9/debouncer_ea.vhd
    Info (12022): Found design unit 1: debouncer-bhv_debouncer File: /home/felix/DEV/Uni/WS2025/Hardwaredesign/PR9/debouncer_ea.vhd Line: 21
    Info (12023): Found entity 1: debouncer File: /home/felix/DEV/Uni/WS2025/Hardwaredesign/PR9/debouncer_ea.vhd Line: 7
Info (12021): Found 1 design units, including 0 entities, in source file /home/felix/DEV/Uni/WS2025/Hardwaredesign/PR9/Commands_p.vhd
    Info (12022): Found design unit 1: commands File: /home/felix/DEV/Uni/WS2025/Hardwaredesign/PR9/Commands_p.vhd Line: 7
Info (12021): Found 2 design units, including 1 entities, in source file /home/felix/DEV/Uni/WS2025/Hardwaredesign/PR9/CommandROM_ea.vhd
    Info (12022): Found design unit 1: command_rom-rtl File: /home/felix/DEV/Uni/WS2025/Hardwaredesign/PR9/CommandROM_ea.vhd Line: 16
    Info (12023): Found entity 1: command_rom File: /home/felix/DEV/Uni/WS2025/Hardwaredesign/PR9/CommandROM_ea.vhd Line: 7
Info (12021): Found 1 design units, including 1 entities, in source file /home/felix/DEV/Uni/WS2025/Hardwaredesign/PR9/cmd_proc_e.vhd
    Info (12023): Found entity 1: cmd_proc File: /home/felix/DEV/Uni/WS2025/Hardwaredesign/PR9/cmd_proc_e.vhd Line: 5
Info (12021): Found 1 design units, including 0 entities, in source file /home/felix/DEV/Uni/WS2025/Hardwaredesign/PR9/cmd_proc_a.vhd
    Info (12022): Found design unit 1: cmd_proc-bhv_cmd_proc File: /home/felix/DEV/Uni/WS2025/Hardwaredesign/PR9/cmd_proc_a.vhd Line: 10
Info (12021): Found 2 design units, including 1 entities, in source file /home/felix/DEV/Uni/WS2025/Hardwaredesign/PR9/btnCtrl_ea.vhd
    Info (12022): Found design unit 1: btnCtrl-bhv_btnCtrl File: /home/felix/DEV/Uni/WS2025/Hardwaredesign/PR9/btnCtrl_ea.vhd Line: 24
    Info (12023): Found entity 1: btnCtrl File: /home/felix/DEV/Uni/WS2025/Hardwaredesign/PR9/btnCtrl_ea.vhd Line: 7
Info (12021): Found 2 design units, including 1 entities, in source file /home/felix/DEV/Uni/WS2025/Hardwaredesign/PR9/bin2bcd_ea.vhd
    Info (12022): Found design unit 1: bin2bcd-rtl File: /home/felix/DEV/Uni/WS2025/Hardwaredesign/PR9/bin2bcd_ea.vhd Line: 16
    Info (12023): Found entity 1: bin2bcd File: /home/felix/DEV/Uni/WS2025/Hardwaredesign/PR9/bin2bcd_ea.vhd Line: 6
Info (12021): Found 2 design units, including 1 entities, in source file /home/felix/DEV/Uni/WS2025/Hardwaredesign/PR9/bcd_to_7seg_ea.vhd
    Info (12022): Found design unit 1: bcd_to_7seg-rtl File: /home/felix/DEV/Uni/WS2025/Hardwaredesign/PR9/bcd_to_7seg_ea.vhd Line: 13
    Info (12023): Found entity 1: bcd_to_7seg File: /home/felix/DEV/Uni/WS2025/Hardwaredesign/PR9/bcd_to_7seg_ea.vhd Line: 7
Info (12021): Found 2 design units, including 1 entities, in source file /home/felix/DEV/Uni/WS2025/Hardwaredesign/PR9/axis_controller_ea.vhd
    Info (12022): Found design unit 1: axis_controller-bhv_axis_controller File: /home/felix/DEV/Uni/WS2025/Hardwaredesign/PR9/axis_controller_ea.vhd Line: 39
    Info (12023): Found entity 1: axis_controller File: /home/felix/DEV/Uni/WS2025/Hardwaredesign/PR9/axis_controller_ea.vhd Line: 9
Info (12127): Elaborating entity "axis_controller" for the top level hierarchy
Info (12128): Elaborating entity "synchronizer_chain" for hierarchy "synchronizer_chain:sync1" File: /home/felix/DEV/Uni/WS2025/Hardwaredesign/PR9/axis_controller_ea.vhd Line: 76
Info (12128): Elaborating entity "btnCtrl" for hierarchy "btnCtrl:btnCtrl" File: /home/felix/DEV/Uni/WS2025/Hardwaredesign/PR9/axis_controller_ea.vhd Line: 116
Warning (10492): VHDL Process Statement warning at btnCtrl_ea.vhd(96): signal "incValue" is read inside the Process Statement but isn't in the Process Statement's sensitivity list File: /home/felix/DEV/Uni/WS2025/Hardwaredesign/PR9/btnCtrl_ea.vhd Line: 96
Warning (10492): VHDL Process Statement warning at btnCtrl_ea.vhd(99): signal "incValue" is read inside the Process Statement but isn't in the Process Statement's sensitivity list File: /home/felix/DEV/Uni/WS2025/Hardwaredesign/PR9/btnCtrl_ea.vhd Line: 99
Warning (10492): VHDL Process Statement warning at btnCtrl_ea.vhd(112): signal "incValue" is read inside the Process Statement but isn't in the Process Statement's sensitivity list File: /home/felix/DEV/Uni/WS2025/Hardwaredesign/PR9/btnCtrl_ea.vhd Line: 112
Warning (10492): VHDL Process Statement warning at btnCtrl_ea.vhd(115): signal "incValue" is read inside the Process Statement but isn't in the Process Statement's sensitivity list File: /home/felix/DEV/Uni/WS2025/Hardwaredesign/PR9/btnCtrl_ea.vhd Line: 115
Info (12128): Elaborating entity "debouncer" for hierarchy "btnCtrl:btnCtrl|debouncer:dbnc_increment" File: /home/felix/DEV/Uni/WS2025/Hardwaredesign/PR9/btnCtrl_ea.vhd Line: 36
Info (12128): Elaborating entity "periodical_strb_gen" for hierarchy "btnCtrl:btnCtrl|debouncer:dbnc_increment|periodical_strb_gen:strb_gen" File: /home/felix/DEV/Uni/WS2025/Hardwaredesign/PR9/debouncer_ea.vhd Line: 24
Info (12128): Elaborating entity "strobe_generator" for hierarchy "btnCtrl:btnCtrl|debouncer:dbnc_increment|periodical_strb_gen:strb_gen|strobe_generator:strb_gen" File: /home/felix/DEV/Uni/WS2025/Hardwaredesign/PR9/periodical_strb_gen_ea.vhd Line: 21
Info (12128): Elaborating entity "Tilt_board" for hierarchy "Tilt_board:tilt_x" File: /home/felix/DEV/Uni/WS2025/Hardwaredesign/PR9/axis_controller_ea.vhd Line: 132
Info (12128): Elaborating entity "moving_avg" for hierarchy "Tilt_board:tilt_x|moving_avg:moving_avg" File: /home/felix/DEV/Uni/WS2025/Hardwaredesign/PR9/Tilt_board_ea.vhd Line: 57
Warning (10492): VHDL Process Statement warning at moving_avg_ea.vhd(51): signal "sum" is read inside the Process Statement but isn't in the Process Statement's sensitivity list File: /home/felix/DEV/Uni/WS2025/Hardwaredesign/PR9/moving_avg_ea.vhd Line: 51
Warning (10492): VHDL Process Statement warning at moving_avg_ea.vhd(54): signal "strb_data_valid_i" is read inside the Process Statement but isn't in the Process Statement's sensitivity list File: /home/felix/DEV/Uni/WS2025/Hardwaredesign/PR9/moving_avg_ea.vhd Line: 54
Warning (10492): VHDL Process Statement warning at moving_avg_ea.vhd(56): signal "sum" is read inside the Process Statement but isn't in the Process Statement's sensitivity list File: /home/felix/DEV/Uni/WS2025/Hardwaredesign/PR9/moving_avg_ea.vhd Line: 56
Info (12128): Elaborating entity "DeltaADC" for hierarchy "Tilt_board:tilt_x|DeltaADC:adc" File: /home/felix/DEV/Uni/WS2025/Hardwaredesign/PR9/Tilt_board_ea.vhd Line: 82
Warning (10492): VHDL Process Statement warning at deltaADC_ea.vhd(64): signal "dbg_sel_i" is read inside the Process Statement but isn't in the Process Statement's sensitivity list File: /home/felix/DEV/Uni/WS2025/Hardwaredesign/PR9/deltaADC_ea.vhd Line: 64
Warning (10492): VHDL Process Statement warning at deltaADC_ea.vhd(81): signal "dbg_sel_i" is read inside the Process Statement but isn't in the Process Statement's sensitivity list File: /home/felix/DEV/Uni/WS2025/Hardwaredesign/PR9/deltaADC_ea.vhd Line: 81
Info (12128): Elaborating entity "PWM" for hierarchy "Tilt_board:tilt_x|DeltaADC:adc|PWM:pwm" File: /home/felix/DEV/Uni/WS2025/Hardwaredesign/PR9/deltaADC_ea.vhd Line: 42
Warning (10492): VHDL Process Statement warning at pwm_a.vhd(25): signal "ON_counter_val_i" is read inside the Process Statement but isn't in the Process Statement's sensitivity list File: /home/felix/DEV/Uni/WS2025/Hardwaredesign/PR9/pwm_a.vhd Line: 25
Warning (10492): VHDL Process Statement warning at pwm_a.vhd(27): signal "Period_counter_val_i" is read inside the Process Statement but isn't in the Process Statement's sensitivity list File: /home/felix/DEV/Uni/WS2025/Hardwaredesign/PR9/pwm_a.vhd Line: 27
Info (12128): Elaborating entity "HoldValueOnStrb" for hierarchy "Tilt_board:tilt_x|HoldValueOnStrb:holdValOnStrb" File: /home/felix/DEV/Uni/WS2025/Hardwaredesign/PR9/Tilt_board_ea.vhd Line: 96
Warning (10492): VHDL Process Statement warning at HoldValueOnStrb_a.vhd(25): signal "ADC_value_i" is read inside the Process Statement but isn't in the Process Statement's sensitivity list File: /home/felix/DEV/Uni/WS2025/Hardwaredesign/PR9/HoldValueOnStrb_a.vhd Line: 25
Info (12128): Elaborating entity "Tilt" for hierarchy "Tilt_board:tilt_x|Tilt:tilt" File: /home/felix/DEV/Uni/WS2025/Hardwaredesign/PR9/Tilt_board_ea.vhd Line: 108
Info (12128): Elaborating entity "bin2bcd" for hierarchy "Tilt_board:tilt_x|bin2bcd:bin2bcd" File: /home/felix/DEV/Uni/WS2025/Hardwaredesign/PR9/Tilt_board_ea.vhd Line: 117
Info (12128): Elaborating entity "bcd_to_7seg" for hierarchy "Tilt_board:tilt_x|bcd_to_7seg:bcd2sevenseg_ones" File: /home/felix/DEV/Uni/WS2025/Hardwaredesign/PR9/Tilt_board_ea.vhd Line: 127
Info (12128): Elaborating entity "servo_controller" for hierarchy "servo_controller:servoPwmX" File: /home/felix/DEV/Uni/WS2025/Hardwaredesign/PR9/axis_controller_ea.vhd Line: 164
Info (12128): Elaborating entity "PWM" for hierarchy "servo_controller:servoPwmX|PWM:pwm" File: /home/felix/DEV/Uni/WS2025/Hardwaredesign/PR9/ServoControl_ea.vhd Line: 26
Warning (10492): VHDL Process Statement warning at pwm_a.vhd(25): signal "ON_counter_val_i" is read inside the Process Statement but isn't in the Process Statement's sensitivity list File: /home/felix/DEV/Uni/WS2025/Hardwaredesign/PR9/pwm_a.vhd Line: 25
Warning (10492): VHDL Process Statement warning at pwm_a.vhd(27): signal "Period_counter_val_i" is read inside the Process Statement but isn't in the Process Statement's sensitivity list File: /home/felix/DEV/Uni/WS2025/Hardwaredesign/PR9/pwm_a.vhd Line: 27
Info (12128): Elaborating entity "cmd_proc" for hierarchy "cmd_proc:cmd_proc" File: /home/felix/DEV/Uni/WS2025/Hardwaredesign/PR9/axis_controller_ea.vhd Line: 188
Warning (10036): Verilog HDL or VHDL warning at cmd_proc_a.vhd(15): object "next_address" assigned a value but never read File: /home/felix/DEV/Uni/WS2025/Hardwaredesign/PR9/cmd_proc_a.vhd Line: 15
Warning (10492): VHDL Process Statement warning at cmd_proc_a.vhd(78): signal "address" is read inside the Process Statement but isn't in the Process Statement's sensitivity list File: /home/felix/DEV/Uni/WS2025/Hardwaredesign/PR9/cmd_proc_a.vhd Line: 78
Warning (10492): VHDL Process Statement warning at cmd_proc_a.vhd(79): signal "command_count" is read inside the Process Statement but isn't in the Process Statement's sensitivity list File: /home/felix/DEV/Uni/WS2025/Hardwaredesign/PR9/cmd_proc_a.vhd Line: 79
Warning (10492): VHDL Process Statement warning at cmd_proc_a.vhd(80): signal "z_value" is read inside the Process Statement but isn't in the Process Statement's sensitivity list File: /home/felix/DEV/Uni/WS2025/Hardwaredesign/PR9/cmd_proc_a.vhd Line: 80
Warning (10492): VHDL Process Statement warning at cmd_proc_a.vhd(100): signal "command_count" is read inside the Process Statement but isn't in the Process Statement's sensitivity list File: /home/felix/DEV/Uni/WS2025/Hardwaredesign/PR9/cmd_proc_a.vhd Line: 100
Warning (10492): VHDL Process Statement warning at cmd_proc_a.vhd(114): signal "command_count" is read inside the Process Statement but isn't in the Process Statement's sensitivity list File: /home/felix/DEV/Uni/WS2025/Hardwaredesign/PR9/cmd_proc_a.vhd Line: 114
Warning (10492): VHDL Process Statement warning at cmd_proc_a.vhd(115): signal "command_count" is read inside the Process Statement but isn't in the Process Statement's sensitivity list File: /home/felix/DEV/Uni/WS2025/Hardwaredesign/PR9/cmd_proc_a.vhd Line: 115
Warning (10492): VHDL Process Statement warning at cmd_proc_a.vhd(118): signal "command_count" is read inside the Process Statement but isn't in the Process Statement's sensitivity list File: /home/felix/DEV/Uni/WS2025/Hardwaredesign/PR9/cmd_proc_a.vhd Line: 118
Info (12128): Elaborating entity "command_rom" for hierarchy "cmd_proc:cmd_proc|command_rom:cmd_rom" File: /home/felix/DEV/Uni/WS2025/Hardwaredesign/PR9/cmd_proc_a.vhd Line: 25
Info (12128): Elaborating entity "strbgen_K" for hierarchy "strbgen_K:drawK_strbgen" File: /home/felix/DEV/Uni/WS2025/Hardwaredesign/PR9/axis_controller_ea.vhd Line: 204
Info (286030): Timing-Driven Synthesis is running
Info (276014): Found 1 instances of uninferred RAM logic
    Info (276004): RAM logic "cmd_proc:cmd_proc|command_rom:cmd_rom|ROMMEM" is uninferred due to inappropriate RAM size File: /home/felix/DEV/Uni/WS2025/Hardwaredesign/PR9/CommandROM_ea.vhd Line: 17
Warning (113028): 3 out of 64 addresses are uninitialized. The Quartus Prime software will initialize them to "0". There are 1 warnings found, and 1 warnings are reported. File: /home/felix/DEV/Uni/WS2025/Hardwaredesign/PR9/Quartus_Project/db/HWDP_PR9.ram0_command_rom_34420a2a.hdl.mif Line: 1
    Warning (113027): Addresses ranging from 61 to 63 are not initialized File: /home/felix/DEV/Uni/WS2025/Hardwaredesign/PR9/Quartus_Project/db/HWDP_PR9.ram0_command_rom_34420a2a.hdl.mif Line: 1
Info (19000): Inferred 1 megafunctions from design logic
    Info (276034): Inferred altshift_taps megafunction from the following design logic: "Tilt_board:tilt_y|moving_avg:moving_avg|shift_reg_mem_rtl_0"
        Info (286033): Parameter NUMBER_OF_TAPS set to 1
        Info (286033): Parameter TAP_DISTANCE set to 17
        Info (286033): Parameter WIDTH set to 16
        Info (286033): Parameter POWER_UP_STATE set to DONT_CARE
Info (12130): Elaborated megafunction instantiation "Tilt_board:tilt_y|moving_avg:moving_avg|altshift_taps:shift_reg_mem_rtl_0"
Info (12133): Instantiated megafunction "Tilt_board:tilt_y|moving_avg:moving_avg|altshift_taps:shift_reg_mem_rtl_0" with the following parameter:
    Info (12134): Parameter "NUMBER_OF_TAPS" = "1"
    Info (12134): Parameter "TAP_DISTANCE" = "17"
    Info (12134): Parameter "WIDTH" = "16"
    Info (12134): Parameter "POWER_UP_STATE" = "DONT_CARE"
Info (12021): Found 1 design units, including 1 entities, in source file db/shift_taps_1001.tdf
    Info (12023): Found entity 1: shift_taps_1001 File: /home/felix/DEV/Uni/WS2025/Hardwaredesign/PR9/Quartus_Project/db/shift_taps_1001.tdf Line: 29
Info (12021): Found 1 design units, including 1 entities, in source file db/altsyncram_1jc1.tdf
    Info (12023): Found entity 1: altsyncram_1jc1 File: /home/felix/DEV/Uni/WS2025/Hardwaredesign/PR9/Quartus_Project/db/altsyncram_1jc1.tdf Line: 28
Info (12021): Found 1 design units, including 1 entities, in source file db/cntr_gjf.tdf
    Info (12023): Found entity 1: cntr_gjf File: /home/felix/DEV/Uni/WS2025/Hardwaredesign/PR9/Quartus_Project/db/cntr_gjf.tdf Line: 28
Info (12021): Found 1 design units, including 1 entities, in source file db/cmpr_d9c.tdf
    Info (12023): Found entity 1: cmpr_d9c File: /home/felix/DEV/Uni/WS2025/Hardwaredesign/PR9/Quartus_Project/db/cmpr_d9c.tdf Line: 23
Info (12021): Found 1 design units, including 1 entities, in source file db/cntr_33h.tdf
    Info (12023): Found entity 1: cntr_33h File: /home/felix/DEV/Uni/WS2025/Hardwaredesign/PR9/Quartus_Project/db/cntr_33h.tdf Line: 28
Warning (13024): Output pins are stuck at VCC or GND
    Warning (13410): Pin "x_sevenseg_o[15]" is stuck at GND File: /home/felix/DEV/Uni/WS2025/Hardwaredesign/PR9/axis_controller_ea.vhd Line: 29
    Warning (13410): Pin "y_sevenseg_o[15]" is stuck at GND File: /home/felix/DEV/Uni/WS2025/Hardwaredesign/PR9/axis_controller_ea.vhd Line: 31
Critical Warning (18061): Ignored Power-Up Level option on the following registers
    Critical Warning (18010): Register cmd_proc:cmd_proc|command_count[31] will power up to Low File: /home/felix/DEV/Uni/WS2025/Hardwaredesign/PR9/cmd_proc_a.vhd Line: 49
    Critical Warning (18010): Register cmd_proc:cmd_proc|command_count[0] will power up to Low File: /home/felix/DEV/Uni/WS2025/Hardwaredesign/PR9/cmd_proc_a.vhd Line: 49
    Critical Warning (18010): Register Tilt_board:tilt_x|DeltaADC:adc|strobe_generator:strobe_gen|cycles_until_strobe[19] will power up to High File: /home/felix/DEV/Uni/WS2025/Hardwaredesign/PR9/strb_gen_a.vhd Line: 13
    Critical Warning (18010): Register Tilt_board:tilt_x|DeltaADC:adc|strobe_generator:strobe_gen|cycles_until_strobe[18] will power up to High File: /home/felix/DEV/Uni/WS2025/Hardwaredesign/PR9/strb_gen_a.vhd Line: 13
    Critical Warning (18010): Register Tilt_board:tilt_x|DeltaADC:adc|strobe_generator:strobe_gen|cycles_until_strobe[17] will power up to High File: /home/felix/DEV/Uni/WS2025/Hardwaredesign/PR9/strb_gen_a.vhd Line: 13
    Critical Warning (18010): Register Tilt_board:tilt_x|DeltaADC:adc|strobe_generator:strobe_gen|cycles_until_strobe[16] will power up to High File: /home/felix/DEV/Uni/WS2025/Hardwaredesign/PR9/strb_gen_a.vhd Line: 13
    Critical Warning (18010): Register Tilt_board:tilt_x|DeltaADC:adc|strobe_generator:strobe_gen|cycles_until_strobe[14] will power up to High File: /home/felix/DEV/Uni/WS2025/Hardwaredesign/PR9/strb_gen_a.vhd Line: 13
    Critical Warning (18010): Register Tilt_board:tilt_x|DeltaADC:adc|strobe_generator:strobe_gen|cycles_until_strobe[9] will power up to High File: /home/felix/DEV/Uni/WS2025/Hardwaredesign/PR9/strb_gen_a.vhd Line: 13
    Critical Warning (18010): Register Tilt_board:tilt_x|DeltaADC:adc|strobe_generator:strobe_gen|cycles_until_strobe[5] will power up to High File: /home/felix/DEV/Uni/WS2025/Hardwaredesign/PR9/strb_gen_a.vhd Line: 13
    Critical Warning (18010): Register Tilt_board:tilt_x|DeltaADC:adc|strobe_generator:strobe_gen|cycles_until_strobe[4] will power up to High File: /home/felix/DEV/Uni/WS2025/Hardwaredesign/PR9/strb_gen_a.vhd Line: 13
    Critical Warning (18010): Register Tilt_board:tilt_x|DeltaADC:adc|strobe_generator:strobe_gen|cycles_until_strobe[3] will power up to High File: /home/felix/DEV/Uni/WS2025/Hardwaredesign/PR9/strb_gen_a.vhd Line: 13
    Critical Warning (18010): Register Tilt_board:tilt_x|DeltaADC:adc|strobe_generator:strobe_gen|cycles_until_strobe[2] will power up to High File: /home/felix/DEV/Uni/WS2025/Hardwaredesign/PR9/strb_gen_a.vhd Line: 13
    Critical Warning (18010): Register Tilt_board:tilt_x|DeltaADC:adc|strobe_generator:strobe_gen|cycles_until_strobe[1] will power up to High File: /home/felix/DEV/Uni/WS2025/Hardwaredesign/PR9/strb_gen_a.vhd Line: 13
    Critical Warning (18010): Register Tilt_board:tilt_x|DeltaADC:adc|strobe_generator:strobe_gen|cycles_until_strobe[0] will power up to High File: /home/felix/DEV/Uni/WS2025/Hardwaredesign/PR9/strb_gen_a.vhd Line: 13
    Critical Warning (18010): Register cmd_proc:cmd_proc|periodical_strb_gen:strb_gen|strobe_generator:strb_gen|cycles_until_strobe[19] will power up to High File: /home/felix/DEV/Uni/WS2025/Hardwaredesign/PR9/strb_gen_a.vhd Line: 13
    Critical Warning (18010): Register cmd_proc:cmd_proc|periodical_strb_gen:strb_gen|strobe_generator:strb_gen|cycles_until_strobe[18] will power up to High File: /home/felix/DEV/Uni/WS2025/Hardwaredesign/PR9/strb_gen_a.vhd Line: 13
    Critical Warning (18010): Register cmd_proc:cmd_proc|periodical_strb_gen:strb_gen|strobe_generator:strb_gen|cycles_until_strobe[17] will power up to High File: /home/felix/DEV/Uni/WS2025/Hardwaredesign/PR9/strb_gen_a.vhd Line: 13
    Critical Warning (18010): Register cmd_proc:cmd_proc|periodical_strb_gen:strb_gen|strobe_generator:strb_gen|cycles_until_strobe[16] will power up to High File: /home/felix/DEV/Uni/WS2025/Hardwaredesign/PR9/strb_gen_a.vhd Line: 13
    Critical Warning (18010): Register cmd_proc:cmd_proc|periodical_strb_gen:strb_gen|strobe_generator:strb_gen|cycles_until_strobe[14] will power up to High File: /home/felix/DEV/Uni/WS2025/Hardwaredesign/PR9/strb_gen_a.vhd Line: 13
    Critical Warning (18010): Register cmd_proc:cmd_proc|periodical_strb_gen:strb_gen|strobe_generator:strb_gen|cycles_until_strobe[9] will power up to High File: /home/felix/DEV/Uni/WS2025/Hardwaredesign/PR9/strb_gen_a.vhd Line: 13
    Critical Warning (18010): Register cmd_proc:cmd_proc|periodical_strb_gen:strb_gen|strobe_generator:strb_gen|cycles_until_strobe[5] will power up to High File: /home/felix/DEV/Uni/WS2025/Hardwaredesign/PR9/strb_gen_a.vhd Line: 13
    Critical Warning (18010): Register cmd_proc:cmd_proc|periodical_strb_gen:strb_gen|strobe_generator:strb_gen|cycles_until_strobe[4] will power up to High File: /home/felix/DEV/Uni/WS2025/Hardwaredesign/PR9/strb_gen_a.vhd Line: 13
    Critical Warning (18010): Register cmd_proc:cmd_proc|periodical_strb_gen:strb_gen|strobe_generator:strb_gen|cycles_until_strobe[3] will power up to High File: /home/felix/DEV/Uni/WS2025/Hardwaredesign/PR9/strb_gen_a.vhd Line: 13
    Critical Warning (18010): Register cmd_proc:cmd_proc|periodical_strb_gen:strb_gen|strobe_generator:strb_gen|cycles_until_strobe[2] will power up to High File: /home/felix/DEV/Uni/WS2025/Hardwaredesign/PR9/strb_gen_a.vhd Line: 13
    Critical Warning (18010): Register cmd_proc:cmd_proc|periodical_strb_gen:strb_gen|strobe_generator:strb_gen|cycles_until_strobe[1] will power up to High File: /home/felix/DEV/Uni/WS2025/Hardwaredesign/PR9/strb_gen_a.vhd Line: 13
    Critical Warning (18010): Register cmd_proc:cmd_proc|periodical_strb_gen:strb_gen|strobe_generator:strb_gen|cycles_until_strobe[0] will power up to High File: /home/felix/DEV/Uni/WS2025/Hardwaredesign/PR9/strb_gen_a.vhd Line: 13
    Critical Warning (18010): Register btnCtrl:btnCtrl|debouncer:dbnc_decrement|periodical_strb_gen:strb_gen|strobe_generator:strb_gen|cycles_until_strobe[19] will power up to High File: /home/felix/DEV/Uni/WS2025/Hardwaredesign/PR9/strb_gen_a.vhd Line: 13
    Critical Warning (18010): Register btnCtrl:btnCtrl|debouncer:dbnc_decrement|periodical_strb_gen:strb_gen|strobe_generator:strb_gen|cycles_until_strobe[18] will power up to High File: /home/felix/DEV/Uni/WS2025/Hardwaredesign/PR9/strb_gen_a.vhd Line: 13
    Critical Warning (18010): Register btnCtrl:btnCtrl|debouncer:dbnc_decrement|periodical_strb_gen:strb_gen|strobe_generator:strb_gen|cycles_until_strobe[17] will power up to High File: /home/felix/DEV/Uni/WS2025/Hardwaredesign/PR9/strb_gen_a.vhd Line: 13
    Critical Warning (18010): Register btnCtrl:btnCtrl|debouncer:dbnc_decrement|periodical_strb_gen:strb_gen|strobe_generator:strb_gen|cycles_until_strobe[16] will power up to High File: /home/felix/DEV/Uni/WS2025/Hardwaredesign/PR9/strb_gen_a.vhd Line: 13
    Critical Warning (18010): Register btnCtrl:btnCtrl|debouncer:dbnc_decrement|periodical_strb_gen:strb_gen|strobe_generator:strb_gen|cycles_until_strobe[14] will power up to High File: /home/felix/DEV/Uni/WS2025/Hardwaredesign/PR9/strb_gen_a.vhd Line: 13
    Critical Warning (18010): Register btnCtrl:btnCtrl|debouncer:dbnc_decrement|periodical_strb_gen:strb_gen|strobe_generator:strb_gen|cycles_until_strobe[9] will power up to High File: /home/felix/DEV/Uni/WS2025/Hardwaredesign/PR9/strb_gen_a.vhd Line: 13
    Critical Warning (18010): Register btnCtrl:btnCtrl|debouncer:dbnc_decrement|periodical_strb_gen:strb_gen|strobe_generator:strb_gen|cycles_until_strobe[5] will power up to High File: /home/felix/DEV/Uni/WS2025/Hardwaredesign/PR9/strb_gen_a.vhd Line: 13
    Critical Warning (18010): Register btnCtrl:btnCtrl|debouncer:dbnc_decrement|periodical_strb_gen:strb_gen|strobe_generator:strb_gen|cycles_until_strobe[4] will power up to High File: /home/felix/DEV/Uni/WS2025/Hardwaredesign/PR9/strb_gen_a.vhd Line: 13
    Critical Warning (18010): Register btnCtrl:btnCtrl|debouncer:dbnc_decrement|periodical_strb_gen:strb_gen|strobe_generator:strb_gen|cycles_until_strobe[3] will power up to High File: /home/felix/DEV/Uni/WS2025/Hardwaredesign/PR9/strb_gen_a.vhd Line: 13
    Critical Warning (18010): Register btnCtrl:btnCtrl|debouncer:dbnc_decrement|periodical_strb_gen:strb_gen|strobe_generator:strb_gen|cycles_until_strobe[2] will power up to High File: /home/felix/DEV/Uni/WS2025/Hardwaredesign/PR9/strb_gen_a.vhd Line: 13
    Critical Warning (18010): Register btnCtrl:btnCtrl|debouncer:dbnc_decrement|periodical_strb_gen:strb_gen|strobe_generator:strb_gen|cycles_until_strobe[1] will power up to High File: /home/felix/DEV/Uni/WS2025/Hardwaredesign/PR9/strb_gen_a.vhd Line: 13
    Critical Warning (18010): Register btnCtrl:btnCtrl|debouncer:dbnc_decrement|periodical_strb_gen:strb_gen|strobe_generator:strb_gen|cycles_until_strobe[0] will power up to High File: /home/felix/DEV/Uni/WS2025/Hardwaredesign/PR9/strb_gen_a.vhd Line: 13
    Critical Warning (18010): Register btnCtrl:btnCtrl|debouncer:dbnc_increment|periodical_strb_gen:strb_gen|strobe_generator:strb_gen|cycles_until_strobe[19] will power up to High File: /home/felix/DEV/Uni/WS2025/Hardwaredesign/PR9/strb_gen_a.vhd Line: 13
    Critical Warning (18010): Register btnCtrl:btnCtrl|debouncer:dbnc_increment|periodical_strb_gen:strb_gen|strobe_generator:strb_gen|cycles_until_strobe[18] will power up to High File: /home/felix/DEV/Uni/WS2025/Hardwaredesign/PR9/strb_gen_a.vhd Line: 13
    Critical Warning (18010): Register btnCtrl:btnCtrl|debouncer:dbnc_increment|periodical_strb_gen:strb_gen|strobe_generator:strb_gen|cycles_until_strobe[17] will power up to High File: /home/felix/DEV/Uni/WS2025/Hardwaredesign/PR9/strb_gen_a.vhd Line: 13
    Critical Warning (18010): Register btnCtrl:btnCtrl|debouncer:dbnc_increment|periodical_strb_gen:strb_gen|strobe_generator:strb_gen|cycles_until_strobe[16] will power up to High File: /home/felix/DEV/Uni/WS2025/Hardwaredesign/PR9/strb_gen_a.vhd Line: 13
    Critical Warning (18010): Register btnCtrl:btnCtrl|debouncer:dbnc_increment|periodical_strb_gen:strb_gen|strobe_generator:strb_gen|cycles_until_strobe[14] will power up to High File: /home/felix/DEV/Uni/WS2025/Hardwaredesign/PR9/strb_gen_a.vhd Line: 13
    Critical Warning (18010): Register btnCtrl:btnCtrl|debouncer:dbnc_increment|periodical_strb_gen:strb_gen|strobe_generator:strb_gen|cycles_until_strobe[9] will power up to High File: /home/felix/DEV/Uni/WS2025/Hardwaredesign/PR9/strb_gen_a.vhd Line: 13
    Critical Warning (18010): Register btnCtrl:btnCtrl|debouncer:dbnc_increment|periodical_strb_gen:strb_gen|strobe_generator:strb_gen|cycles_until_strobe[5] will power up to High File: /home/felix/DEV/Uni/WS2025/Hardwaredesign/PR9/strb_gen_a.vhd Line: 13
    Critical Warning (18010): Register btnCtrl:btnCtrl|debouncer:dbnc_increment|periodical_strb_gen:strb_gen|strobe_generator:strb_gen|cycles_until_strobe[4] will power up to High File: /home/felix/DEV/Uni/WS2025/Hardwaredesign/PR9/strb_gen_a.vhd Line: 13
    Critical Warning (18010): Register btnCtrl:btnCtrl|debouncer:dbnc_increment|periodical_strb_gen:strb_gen|strobe_generator:strb_gen|cycles_until_strobe[3] will power up to High File: /home/felix/DEV/Uni/WS2025/Hardwaredesign/PR9/strb_gen_a.vhd Line: 13
    Critical Warning (18010): Register btnCtrl:btnCtrl|debouncer:dbnc_increment|periodical_strb_gen:strb_gen|strobe_generator:strb_gen|cycles_until_strobe[2] will power up to High File: /home/felix/DEV/Uni/WS2025/Hardwaredesign/PR9/strb_gen_a.vhd Line: 13
    Critical Warning (18010): Register btnCtrl:btnCtrl|debouncer:dbnc_increment|periodical_strb_gen:strb_gen|strobe_generator:strb_gen|cycles_until_strobe[1] will power up to High File: /home/felix/DEV/Uni/WS2025/Hardwaredesign/PR9/strb_gen_a.vhd Line: 13
    Critical Warning (18010): Register btnCtrl:btnCtrl|debouncer:dbnc_increment|periodical_strb_gen:strb_gen|strobe_generator:strb_gen|cycles_until_strobe[0] will power up to High File: /home/felix/DEV/Uni/WS2025/Hardwaredesign/PR9/strb_gen_a.vhd Line: 13
    Critical Warning (18010): Register btnCtrl:btnCtrl|debouncer:dbnc_switchTen|periodical_strb_gen:strb_gen|strobe_generator:strb_gen|cycles_until_strobe[19] will power up to High File: /home/felix/DEV/Uni/WS2025/Hardwaredesign/PR9/strb_gen_a.vhd Line: 13
    Critical Warning (18010): Register btnCtrl:btnCtrl|debouncer:dbnc_switchTen|periodical_strb_gen:strb_gen|strobe_generator:strb_gen|cycles_until_strobe[18] will power up to High File: /home/felix/DEV/Uni/WS2025/Hardwaredesign/PR9/strb_gen_a.vhd Line: 13
    Critical Warning (18010): Register btnCtrl:btnCtrl|debouncer:dbnc_switchTen|periodical_strb_gen:strb_gen|strobe_generator:strb_gen|cycles_until_strobe[17] will power up to High File: /home/felix/DEV/Uni/WS2025/Hardwaredesign/PR9/strb_gen_a.vhd Line: 13
    Critical Warning (18010): Register btnCtrl:btnCtrl|debouncer:dbnc_switchTen|periodical_strb_gen:strb_gen|strobe_generator:strb_gen|cycles_until_strobe[16] will power up to High File: /home/felix/DEV/Uni/WS2025/Hardwaredesign/PR9/strb_gen_a.vhd Line: 13
    Critical Warning (18010): Register btnCtrl:btnCtrl|debouncer:dbnc_switchTen|periodical_strb_gen:strb_gen|strobe_generator:strb_gen|cycles_until_strobe[14] will power up to High File: /home/felix/DEV/Uni/WS2025/Hardwaredesign/PR9/strb_gen_a.vhd Line: 13
    Critical Warning (18010): Register btnCtrl:btnCtrl|debouncer:dbnc_switchTen|periodical_strb_gen:strb_gen|strobe_generator:strb_gen|cycles_until_strobe[9] will power up to High File: /home/felix/DEV/Uni/WS2025/Hardwaredesign/PR9/strb_gen_a.vhd Line: 13
    Critical Warning (18010): Register btnCtrl:btnCtrl|debouncer:dbnc_switchTen|periodical_strb_gen:strb_gen|strobe_generator:strb_gen|cycles_until_strobe[5] will power up to High File: /home/felix/DEV/Uni/WS2025/Hardwaredesign/PR9/strb_gen_a.vhd Line: 13
    Critical Warning (18010): Register btnCtrl:btnCtrl|debouncer:dbnc_switchTen|periodical_strb_gen:strb_gen|strobe_generator:strb_gen|cycles_until_strobe[4] will power up to High File: /home/felix/DEV/Uni/WS2025/Hardwaredesign/PR9/strb_gen_a.vhd Line: 13
    Critical Warning (18010): Register btnCtrl:btnCtrl|debouncer:dbnc_switchTen|periodical_strb_gen:strb_gen|strobe_generator:strb_gen|cycles_until_strobe[3] will power up to High File: /home/felix/DEV/Uni/WS2025/Hardwaredesign/PR9/strb_gen_a.vhd Line: 13
    Critical Warning (18010): Register btnCtrl:btnCtrl|debouncer:dbnc_switchTen|periodical_strb_gen:strb_gen|strobe_generator:strb_gen|cycles_until_strobe[2] will power up to High File: /home/felix/DEV/Uni/WS2025/Hardwaredesign/PR9/strb_gen_a.vhd Line: 13
    Critical Warning (18010): Register btnCtrl:btnCtrl|debouncer:dbnc_switchTen|periodical_strb_gen:strb_gen|strobe_generator:strb_gen|cycles_until_strobe[1] will power up to High File: /home/felix/DEV/Uni/WS2025/Hardwaredesign/PR9/strb_gen_a.vhd Line: 13
    Critical Warning (18010): Register btnCtrl:btnCtrl|debouncer:dbnc_switchTen|periodical_strb_gen:strb_gen|strobe_generator:strb_gen|cycles_until_strobe[0] will power up to High File: /home/felix/DEV/Uni/WS2025/Hardwaredesign/PR9/strb_gen_a.vhd Line: 13
Info (16010): Generating hard_block partition "hard_block:auto_generated_inst"
    Info (16011): Adding 0 node(s), including 0 DDIO, 0 PLL, 0 transceiver and 0 LCELL
Info (21057): Implemented 1118 device resources after synthesis - the final resource count might be different
    Info (21058): Implemented 12 input pins
    Info (21059): Implemented 47 output pins
    Info (21061): Implemented 1037 logic cells
    Info (21064): Implemented 16 RAM segments
    Info (21062): Implemented 6 DSP elements
Info: Quartus Prime Analysis & Synthesis was successful. 0 errors, 91 warnings
    Info: Peak virtual memory: 626 megabytes
    Info: Processing ended: Tue Mar 17 10:55:56 2026
    Info: Elapsed time: 00:00:08
    Info: Total CPU time (on all processors): 00:00:18


